LapDistanceNorm,Speed,Throttle,Brake,Time_seconds,Source,Time_from_start
0.0,240.0,100.0,0.0,0.121,HAM,0.0
0.001001001001001001,240.0,100.0,0.0,0.121,HAM,0.0
0.002002002002002002,240.86833825695618,100.0,0.0,0.15573353027824746,HAM,0.034733530278247465
0.003003003003003003,242.77811714153185,100.0,0.0,0.23212468566127398,HAM,0.11112468566127398
0.004004004004004004,244.68789602610752,100.0,0.0,0.3085158410443005,HAM,0.18751584104430052
0.005005005005005005,246.39207474140815,100.0,0.0,0.38452448448448917,HAM,0.2635244844844892
0.006006006006006006,247.64488968968976,100.0,0.0,0.4596933813813854,HAM,0.3386933813813854
0.007007007007007007,248.89770463797137,100.0,0.0,0.5348622782782816,HAM,0.4138622782782816
0.008008008008008008,250.1481491990679,100.0,0.0,0.6098889519440727,HAM,0.48888895194407267
0.009009009009009009,251.3812347780852,100.0,0.0,0.6838740866851126,HAM,0.5628740866851126
0.01001001001001001,252.61432035710254,100.0,0.0,0.7578592214261526,HAM,0.6368592214261526
0.011011011011011011,253.84740593611988,100.0,0.0,0.8318443561671927,HAM,0.7108443561671927
0.012012012012012012,255.32454075697325,100.0,0.0,0.9045779563347156,HAM,0.7835779563347156
0.013013013013013013,256.83614180461035,100.0,0.0,0.9771348066212965,HAM,0.8561348066212965
0.014014014014014014,258.34774285224745,100.0,0.0,1.0496916569078774,HAM,0.9286916569078774
0.015015015015015015,259.5097024505422,100.0,0.0,1.1217761960433763,HAM,1.0007761960433763
0.016016016016016016,260.406278033759,100.0,0.0,1.1935022427007214,HAM,1.0725022427007214
0.017017017017017015,261.3028536169758,100.0,0.0,1.2652282893580662,HAM,1.1442282893580662
0.018018018018018018,262.26190701980187,100.0,0.0,1.3367144211881115,HAM,1.2157144211881115
0.01901901901901902,263.43936467796124,100.0,0.0,1.4073618806776753,HAM,1.2863618806776753
0.02002002002002002,264.61682233612066,100.0,0.0,1.478009340167239,HAM,1.357009340167239
0.02102102102102102,265.79427999428003,100.0,0.0,1.5486567996568024,HAM,1.4276567996568024
0.022022022022022022,266.7206753221624,100.0,0.0,1.6186540257729882,HAM,1.4976540257729882
0.023023023023023025,267.5939199422471,100.0,0.0,1.6885135953797705,HAM,1.5675135953797705
0.024024024024024024,268.4671645623319,100.0,0.0,1.7583731649865528,HAM,1.6373731649865528
0.025025025025025023,269.22526462501867,100.0,0.0,1.8280317550022398,HAM,1.7070317550022398
0.026026026026026026,269.8031312985803,100.0,0.0,1.8973757558296356,HAM,1.7763757558296356
0.02702702702702703,270.3809979721419,100.0,0.0,1.9667197566570311,HAM,1.8457197566570311
0.028028028028028028,270.95886464570356,100.0,0.0,2.0360637574844267,HAM,1.9150637574844267
0.029029029029029027,272.0578486365154,100.0,0.0,2.1044709181909234,HAM,1.9834709181909234
0.03003003003003003,273.1967713167714,100.0,0.0,2.1728062790062848,HAM,2.0518062790062848
0.031031031031031032,274.3356939970274,100.0,0.0,2.241141639821646,HAM,2.120141639821646
0.03203203203203203,275.10133508249453,100.0,0.0,2.3093738230984666,HAM,2.1883738230984666
0.03303303303303303,275.34450568581,100.0,0.0,2.3774615920268136,HAM,2.2564615920268136
0.03403403403403403,275.58767628912557,100.0,0.0,2.4455493609551606,HAM,2.3245493609551606
0.035035035035035036,275.8308468924411,100.0,0.0,2.5136371298835085,HAM,2.3926371298835085
0.036036036036036036,276.2552122461104,100.0,0.0,2.581502050437535,HAM,2.460502050437535
0.037037037037037035,277.09366422595355,100.0,0.0,2.648857692818267,HAM,2.527857692818267
0.03803803803803804,277.93211620579666,100.0,0.0,2.7162133351990003,HAM,2.5952133351990003
0.03903903903903904,278.77056818563983,100.0,0.0,2.7835689775797325,HAM,2.6625689775797325
0.04004004004004004,279.4048033502067,100.0,0.0,2.8505764020248026,HAM,2.7295764020248026
0.04104104104104104,279.96210537346366,100.0,0.0,2.917452644815636,HAM,2.796452644815636
0.04204204204204204,280.51940739672057,100.0,0.0,2.984328887606469,HAM,2.863328887606469
0.043043043043043044,281.0761673039353,100.0,0.0,3.0511400764722336,HAM,2.9301400764722336
0.044044044044044044,281.6295307969925,100.0,0.0,3.1175436956391045,HAM,2.9965436956391045
0.04504504504504504,282.1828942900498,100.0,0.0,3.183947314805976,HAM,3.062947314805976
0.04604604604604605,282.7362577831071,100.0,0.0,3.2503509339728476,HAM,3.1293509339728476
0.04704704704704705,283.28758884615615,100.0,0.0,3.3165106615387376,HAM,3.1955106615387376
0.04804804804804805,283.83706908663055,100.0,0.0,3.3824482903956645,HAM,3.2614482903956645
0.04904904904904905,284.38654932710494,100.0,0.0,3.448385919252592,HAM,3.327385919252592
0.050050050050050046,284.93602956757934,100.0,0.0,3.5143235481095187,HAM,3.3933235481095188
0.05105105105105105,285.24190611065615,100.0,0.0,3.580057466557472,HAM,3.459057466557472
0.05205205205205205,285.5156856011023,100.0,0.0,3.6457645442645488,HAM,3.5247645442645488
0.05305305305305305,285.78946509154844,100.0,0.0,3.7114716219716253,HAM,3.5904716219716253
0.05405405405405406,286.0630242175974,100.0,0.06302421759740078,3.7771258122233764,HAM,3.6561258122233764
0.055055055055055056,286.3358497725368,100.0,0.3358497725367748,3.842603945408826,HAM,3.721603945408826
0.056056056056056056,286.60867532747613,100.0,0.6086753274761488,3.9080820785942754,HAM,3.7870820785942754
0.057057057057057055,286.88150088241554,100.0,0.8815008824155228,3.9735602117797253,HAM,3.8525602117797253
0.058058058058058054,285.0591850884737,83.9882769799081,1.0,4.040654563654565,HAM,3.9196545636545648
0.05905905905905906,281.6281209471166,55.68199781371219,1.0,4.108989924469927,HAM,3.9879899244699266
0.06006006006006006,278.1970568057596,27.375718647516464,1.0,4.1773252852852885,HAM,4.056325285285288
0.06106106106106106,273.89914380754936,0.9765775278201989,1.0,4.246621393323152,HAM,4.1256213933231525
0.062062062062062065,257.7581617436139,0.6331523775237002,1.0,4.329043429394312,HAM,4.208043429394312
0.06306306306306306,241.6171796796787,0.28972722722720645,1.0,4.41146546546547,HAM,4.29046546546547
0.06406406406406406,226.6924816402157,0.0,1.0,4.495263836652192,HAM,4.374263836652192
0.06506506506506507,218.33024594173415,0.0,1.0,4.586488226090173,HAM,4.465488226090173
0.06606606606606606,209.9680102432527,0.0,1.0,4.6777126155281525,HAM,4.556712615528152
0.06706706706706707,201.57570653090332,0.0,1.0,4.774091521629161,HAM,4.653091521629161
0.06806806806806806,193.15625123331174,0.0,1.0,4.87512498520026,HAM,4.75412498520026
0.06906906906906907,185.47200908773917,0.0,0.9340011359673949,4.9768397273678255,HAM,4.855839727367826
0.07007007007007007,181.95286597458852,0.0,0.49410824682356347,5.082414020762345,HAM,4.961414020762344
0.07107107107107107,178.4337228614379,0.0,0.054215357679738174,5.187988314156862,HAM,5.066988314156863
0.07207207207207207,176.42182527354925,3.945436816126903,0.0,5.2956904835870455,HAM,5.174690483587046
0.07307307307307308,174.62180379613312,8.445490509667216,0.0,5.403691772232013,HAM,5.282691772232013
0.07407407407407407,172.16955467372114,22.20296884185907,0.0,5.514217813051155,HAM,5.393217813051155
0.07507507507507508,169.37309273559262,40.84604842938255,0.0,5.626076290576295,HAM,5.505076290576294
0.07607607607607608,168.92684506211646,54.86593657611137,0.0,5.736610703726988,HAM,5.615610703726988
0.07707707707707707,170.74779702182812,64.42593436459761,0.0,5.845867821309687,HAM,5.724867821309687
0.07807807807807808,172.55582286832296,72.38955717080744,0.0,5.9543493720993785,HAM,5.833349372099379
0.07907907907907907,174.33538955622294,76.83847389055735,0.0,6.061123373373377,HAM,5.9401233733733765
0.08008008008008008,176.16674971674976,81.52804076970759,0.0,6.16766998866999,HAM,6.04666998866999
0.08108108108108109,178.74809919809928,89.70231412731444,0.0,6.270923967923972,HAM,6.1499239679239714
0.08208208208208208,181.3294486794488,97.87658748492117,0.0,6.374177947177952,HAM,6.253177947177951
0.08308308308308308,183.84981524077284,97.22527713884074,0.0,6.474992609630913,HAM,6.353992609630913
0.08408408408408408,186.3487812280367,93.47682815794494,0.0,6.574951249121468,HAM,6.453951249121468
0.08508508508508508,189.08419371752728,92.21971793221819,0.0,6.673525811525819,HAM,6.552525811525818
0.08608608608608609,192.28015021824564,95.81516899552634,0.0,6.769404506547369,HAM,6.648404506547369
0.08708708708708708,195.47610671896393,99.41062005883444,0.0,6.865283201568919,HAM,6.744283201568919
0.08808808808808809,199.23730736230752,100.0,0.0,6.956537171787176,HAM,6.835537171787175
0.0890890890890891,203.1093315843318,100.0,0.0,7.046884403634409,HAM,6.925884403634409
0.09009009009009009,206.98135580635608,100.0,0.0,7.137231635481641,HAM,7.016231635481642
0.09109109109109109,208.8204031045264,100.0,0.0,7.2266322483621135,HAM,7.105632248362113
0.0920920920920921,209.93368653013212,100.0,0.0,7.31569492241057,HAM,7.194694922410569
0.09309309309309309,211.1636895904917,100.0,0.0,7.404571409247092,HAM,7.283571409247092
0.0940940940940941,215.04346561276017,100.0,0.0,7.489221067914767,HAM,7.368221067914767
0.09509509509509509,218.92324163502855,100.0,0.0,7.573870726582442,HAM,7.452870726582441
0.0960960960960961,222.14469961032464,100.0,0.0,7.658363953238956,HAM,7.537363953238955
0.0970970970970971,222.8438150948568,100.0,0.0,7.742257811382816,HAM,7.621257811382817
0.0980980980980981,223.54293057938898,100.0,0.0,7.826151669526676,HAM,7.705151669526677
0.0990990990990991,224.7071954563261,100.0,0.0,7.909287818253044,HAM,7.788287818253044
0.10010010010010009,226.74982852417654,100.0,0.0,7.990993140967062,HAM,7.869993140967061
0.1011011011011011,228.792461592027,100.0,0.0,8.07269846368108,HAM,7.95169846368108
0.1021021021021021,230.54721302499092,100.0,0.0,8.153832781499455,HAM,8.032832781499454
0.1031031031031031,231.88569053383878,100.0,0.0,8.234141432030327,HAM,8.113141432030327
0.1041041041041041,233.22416804268667,100.0,0.0,8.314450082561201,HAM,8.1934500825612
0.10510510510510511,234.95603051183983,100.0,0.0,8.393778188977366,HAM,8.272778188977366
0.1061061061061061,237.23033150716432,100.0,0.0,8.471754223102778,HAM,8.350754223102777
0.10710710710710711,239.50463250248885,100.0,0.0,8.54973025722819,HAM,8.428730257228189
0.10810810810810811,241.46720500988803,100.0,0.0,8.627163480553731,HAM,8.506163480553731
0.1091091091091091,242.8313327845849,100.0,0.0,8.703554635936756,HAM,8.582554635936756
0.11011011011011011,244.1954605592818,100.0,0.0,8.779945791319781,HAM,8.65894579131978
0.1111111111111111,245.55958833397864,100.0,0.0,8.856336946702804,HAM,8.735336946702803
0.11211211211211211,246.6388108992527,100.0,0.0,8.932104871940217,HAM,8.811104871940216
0.11311311311311312,247.58219564946475,100.0,0.0,9.00757565195718,HAM,8.88657565195718
0.11411411411411411,248.52558039967678,100.0,0.0,9.083046431974143,HAM,8.962046431974143
0.11511511511511512,249.46338223143778,100.0,0.0,9.158070578515023,HAM,9.037070578515022
0.11611611611611611,250.395536210814,100.0,0.0,9.23264289686512,HAM,9.111642896865119
0.11711711711711711,251.3276901901902,100.0,0.0,9.307215215215217,HAM,9.186215215215217
0.11811811811811812,252.20521245968814,100.0,0.0,9.381623852198658,HAM,9.260623852198657
0.11911911911911911,252.94138295462383,100.0,0.0,9.455608986939696,HAM,9.334608986939696
0.12012012012012012,253.67755344955955,100.0,0.0,9.529594121680736,HAM,9.408594121680736
0.12112112112112113,254.0,100.0,0.0,9.603579256421776,HAM,9.482579256421776
0.12212212212212212,254.0,100.0,0.0,9.677564391162818,HAM,9.556564391162818
0.12312312312312312,254.0,100.0,0.0,9.75154952590386,HAM,9.63054952590386
0.12412412412412413,254.0,100.0,0.0,9.825534660644902,HAM,9.704534660644901
0.12512512512512514,254.47558684987072,100.0,0.0,9.899070421984488,HAM,9.778070421984488
0.12612612612612611,255.08731289883633,100.0,0.0,9.972477547860361,HAM,9.85147754786036
0.12712712712712712,255.69903894780197,100.0,0.0,10.045884673736238,HAM,9.924884673736237
0.12812812812812813,256.46074810331567,100.0,0.0,10.118859848265254,HAM,9.997859848265254
0.12912912912912913,257.36770873189795,100.0,0.0,10.191416698551835,HAM,10.070416698551835
0.13013013013013014,258.2746693604802,100.0,0.0,10.263973548838415,HAM,10.142973548838414
0.13113113113113112,259.17955025636326,100.0,0.0,10.336364020509059,HAM,10.215364020509059
0.13213213213213212,260.0761258395801,100.0,0.0,10.408090067166404,HAM,10.287090067166403
0.13313313313313313,260.9727014227969,100.0,0.0,10.47981611382375,HAM,10.35881611382375
0.13413413413413414,261.8692770060137,100.0,0.0,10.551542160481095,HAM,10.430542160481094
0.13513513513513514,262.50670045045047,100.0,0.0,10.622804054054058,HAM,10.501804054054057
0.13613613613613612,263.09988934641717,100.0,0.0,10.693986721570058,HAM,10.572986721570057
0.13713713713713713,263.6930782423838,100.0,0.0,10.765169389086058,HAM,10.644169389086057
0.13813813813813813,264.5663487755538,100.0,0.0,10.835839339339342,HAM,10.714839339339342
0.13913913913913914,265.73990927166477,100.0,0.0,10.90595957898197,HAM,10.784959578981969
0.14014014014014015,266.91346976777567,100.0,0.0,10.976079818624596,HAM,10.855079818624596
0.14114114114114115,268.0430128276425,100.0,0.0,11.046161539317096,HAM,10.925161539317095
0.14214214214214213,268.6230197481432,100.0,0.0,11.115762369777183,HAM,10.994762369777183
0.14314314314314314,269.20302666864393,100.0,0.0,11.185363200237273,HAM,11.064363200237272
0.14414414414414414,269.7830335891447,100.0,0.0,11.254964030697362,HAM,11.133964030697362
0.14514514514514515,270.18085043838425,100.0,0.0,11.324404105212222,HAM,11.203404105212222
0.14614614614614616,270.46978377516507,100.0,0.0,11.393748106039618,HAM,11.272748106039618
0.14714714714714713,270.7587171119459,100.0,0.0,11.46309210686701,HAM,11.34209210686701
0.14814814814814814,271.0946027223805,100.0,0.0,11.532352326685658,HAM,11.411352326685657
0.14914914914914915,271.66823594045815,100.0,0.0,11.601188312854978,HAM,11.480188312854978
0.15015015015015015,272.24186915853585,100.0,0.0,11.670024299024298,HAM,11.549024299024298
0.15115115115115116,272.8155023766135,100.0,0.0,11.738860285193619,HAM,11.617860285193618
0.15215215215215216,273.0,100.0,0.0,11.80769627136294,HAM,11.686696271362939
0.15315315315315314,273.0,100.0,0.0,11.876532257532256,HAM,11.755532257532256
0.15415415415415415,273.0,100.0,0.0,11.945368243701575,HAM,11.824368243701574
0.15515515515515516,273.0,100.0,0.0,12.014204229870895,HAM,11.893204229870895
0.15615615615615616,273.0,100.0,0.0,12.083040216040214,HAM,11.962040216040213
0.15715715715715717,273.0,100.0,0.0,12.151876202209532,HAM,12.030876202209532
0.15815815815815815,273.0,100.0,0.0,12.220712188378851,HAM,12.09971218837885
0.15915915915915915,273.0,100.0,0.0,12.28954817454817,HAM,12.16854817454817
0.16016016016016016,273.0,100.0,0.0,12.358384160717492,HAM,12.237384160717491
0.16116116116116116,273.0,100.0,0.0,12.427220146886812,HAM,12.306220146886812
0.16216216216216217,273.0,100.0,0.0,12.496056133056134,HAM,12.375056133056134
0.16316316316316315,273.1822163708721,100.0,0.0,12.5647319290093,HAM,12.4437319290093
0.16416416416416416,273.4679862039655,100.0,0.0,12.633316688951725,HAM,12.512316688951724
0.16516516516516516,273.75375603705896,100.0,0.0,12.701901448894148,HAM,12.580901448894148
0.16616616616616617,274.0393821397155,100.0,0.0,12.770451713531711,HAM,12.649451713531711
0.16716716716716717,274.3241128097795,100.0,0.0,12.838787074347072,HAM,12.717787074347072
0.16816816816816815,274.6088434798435,100.0,0.0,12.907122435162433,HAM,12.786122435162433
0.16916916916916916,274.89357414990747,100.0,0.0,12.975457795977794,HAM,12.854457795977794
0.17017017017017017,275.17765878801504,100.0,0.0,13.043638109123615,HAM,12.922638109123614
0.17117117117117117,275.4613578252165,100.0,0.0,13.111725878051963,HAM,12.990725878051963
0.17217217217217218,275.745056862418,100.0,0.0,13.17981364698031,HAM,13.05881364698031
0.17317317317317318,276.0286520877074,100.0,0.0,13.247876501049783,HAM,13.126876501049782
0.17417417417417416,276.31132694065906,100.0,0.0,13.315718465758174,HAM,13.194718465758173
0.17517517517517517,276.5940017936107,100.0,0.0,13.383560430466567,HAM,13.262560430466566
0.17617617617617617,276.8766766465623,100.0,0.0,13.45140239517496,HAM,13.330402395174959
0.17717717717717718,277.1587782926812,100.0,0.0,13.519106790243484,HAM,13.398106790243483
0.1781781781781782,277.440436329615,100.0,0.0,13.5867047191076,HAM,13.465704719107599
0.17917917917917917,277.7220943665488,100.0,0.0,13.654302647971715,HAM,13.533302647971714
0.18018018018018017,278.0074512012012,100.0,0.0,13.721894144144146,HAM,13.600894144144146
0.18118118118118118,278.5667435888269,100.0,0.0,13.789009230659232,HAM,13.668009230659232
0.18218218218218218,279.12603597645267,100.0,0.0,13.856124317174318,HAM,13.735124317174318
0.1831831831831832,279.6853283640784,100.0,0.0,13.923239403689404,HAM,13.802239403689404
0.1841841841841842,280.12187510761055,100.0,0.0,13.990250025826539,HAM,13.869250025826538
0.18518518518518517,280.40052611923903,100.0,0.0,14.05712626861737,HAM,13.93612626861737
0.18618618618618618,280.6791771308675,100.0,0.0,14.124002511408204,HAM,14.003002511408203
0.1871871871871872,280.957828142496,100.0,0.0,14.190878754199039,HAM,14.069878754199038
0.1881881881881882,281.70194340467225,100.0,0.0,14.257155472373782,HAM,14.136155472373781
0.1891891891891892,282.5290659497526,100.0,0.0,14.323325275980206,HAM,14.202325275980206
0.19019019019019018,283.35618849483285,100.0,0.0,14.389495079586627,HAM,14.268495079586627
0.19119119119119118,284.1213527630194,100.0,0.0,14.45556233156233,HAM,14.33456233156233
0.1921921921921922,284.66891174391174,100.0,0.0,14.521269409269408,HAM,14.400269409269407
0.1931931931931932,285.2164707248041,100.0,0.0,14.586976486976488,HAM,14.465976486976487
0.1941941941941942,285.7640297056964,100.0,0.0,14.652683564683565,HAM,14.531683564683565
0.19519519519519518,286.15525150586126,100.0,0.0,14.718260361406703,HAM,14.597260361406702
0.1961961961961962,286.42807706080066,100.0,0.0,14.783738494592152,HAM,14.662738494592151
0.1971971971971972,286.70090261574,100.0,0.0,14.849216627777603,HAM,14.728216627777602
0.1981981981981982,286.9737281706794,100.0,0.0,14.914694760963052,HAM,14.793694760963051
0.1991991991991992,287.4896949429245,100.0,0.0,14.979763393150936,HAM,14.858763393150936
0.20020020020020018,288.03156992055494,100.0,0.0,15.04478839046659,HAM,14.923788390466589
0.2012012012012012,288.57344489818536,100.0,0.0,15.109813387782246,HAM,14.988813387782246
0.2022022022022022,289.0574611105358,100.0,0.0,15.174790666528597,HAM,15.053790666528597
0.2032032032032032,289.3274643321482,100.0,0.0,15.239591439715579,HAM,15.118591439715578
0.2042042042042042,289.5974675537607,100.0,0.0,15.304392212902558,HAM,15.183392212902557
0.20520520520520522,289.8674707753731,100.0,0.0,15.369192986089537,HAM,15.248192986089537
0.2062062062062062,290.13700157775185,100.0,0.0,15.433880378660445,HAM,15.312880378660445
0.2072072072072072,290.4060769532419,100.0,0.0,15.498458468778056,HAM,15.377458468778055
0.2082082082082082,290.67515232873194,100.0,0.0,15.563036558895664,HAM,15.442036558895664
0.2092092092092092,290.944227704222,100.0,0.0,15.627614649013275,HAM,15.506614649013274
0.21021021021021022,291.212572589713,100.0,0.0,15.692017421531121,HAM,15.57101742153112
0.2112112112112112,291.4807264741911,100.0,0.0,15.75637435380586,HAM,15.63537435380586
0.2122122122122122,291.74888035866917,100.0,0.0,15.820731286080601,HAM,15.6997312860806
0.2132132132132132,292.020269977073,100.0,0.0,15.885074265391673,HAM,15.764074265391672
0.21421421421421422,292.3393609424547,100.0,0.0,15.949211549433393,HAM,15.828211549433393
0.21521521521521522,292.65845190783637,100.0,0.0,16.013348833475114,HAM,15.892348833475113
0.21621621621621623,292.97754287321806,100.0,0.0,16.077486117516834,HAM,15.956486117516834
0.2172172172172172,293.24758583697076,100.0,0.0,16.14142060087298,HAM,16.02042060087298
0.2182182182182182,293.51391554536394,100.0,0.0,16.20533973088735,HAM,16.08433973088735
0.21921921921921922,293.7802452537572,100.0,0.0,16.26925886090172,HAM,16.14825886090172
0.22022022022022023,294.04641708092277,100.0,0.0,16.333140099421456,HAM,16.212140099421458
0.22122122122122123,294.31184397674514,100.0,0.0,16.39684255441883,HAM,16.27584255441883
0.2222222222222222,294.5772708725675,100.0,0.0,16.460545009416197,HAM,16.3395450094162
0.22322322322322322,294.8426977683899,100.0,0.0,16.52424746441357,HAM,16.40324746441357
0.22422422422422422,295.1077593781845,100.0,0.0,16.58786225076428,HAM,16.466862250764283
0.22522522522522523,295.372289561521,100.0,0.0,16.65134949476504,HAM,16.53034949476504
0.22622622622622623,295.63681974485746,100.0,0.0,16.714836738765797,HAM,16.5938367387658
0.2272272272272272,295.90134992819395,100.0,0.0,16.77832398276655,HAM,16.657323982766552
0.22822822822822822,296.1653215926364,100.0,0.0,16.841677182232736,HAM,16.720677182232738
0.22922922922922923,296.42896110195494,100.0,0.0,16.904950664469183,HAM,16.783950664469184
0.23023023023023023,296.69260061127346,100.0,0.0,16.968224146705627,HAM,16.847224146705628
0.23123123123123124,296.956240120592,100.0,0.0,17.031497628942073,HAM,16.910497628942075
0.23223223223223222,297.0,100.0,0.0,17.094771111178517,HAM,16.973771111178518
0.23323323323323322,297.0,100.0,0.0,17.158044593414964,HAM,17.037044593414965
0.23423423423423423,297.0,100.0,0.0,17.22131807565141,HAM,17.100318075651412
0.23523523523523523,297.010761922437,100.0,0.0,17.284582861384877,HAM,17.163582861384878
0.23623623623623624,297.2735167354155,100.0,0.0,17.347644016499725,HAM,17.226644016499726
0.23723723723723725,297.53627154839404,100.0,0.0,17.41070517161457,HAM,17.28970517161457
0.23823823823823823,297.79902636137257,100.0,0.0,17.473766326729415,HAM,17.352766326729416
0.23923923923923923,298.0618321824434,100.0,0.0,17.536777891603982,HAM,17.415777891603984
0.24024024024024024,298.3248039324081,100.0,0.0,17.599628139845535,HAM,17.478628139845537
0.24124124124124124,298.58777568237275,100.0,0.0,17.662478388087088,HAM,17.54147838808709
0.24224224224224225,298.8507474323374,100.0,0.0,17.72532863632864,HAM,17.604328636328642
0.24324324324324323,299.11286786786786,100.0,0.0,17.788088288288293,HAM,17.667088288288294
0.24424424424424424,299.3738709820932,100.0,0.0,17.850729035702372,HAM,17.729729035702373
0.24524524524524524,299.6348740963185,100.0,0.0,17.91336978311645,HAM,17.792369783116452
0.24624624624624625,299.89587721054386,100.0,0.0,17.97601053053053,HAM,17.85501053053053
0.24724724724724725,300.0,100.0,0.0,18.03865127794461,HAM,17.91765127794461
0.24824824824824826,300.0,100.0,0.0,18.101292025358692,HAM,17.980292025358693
0.24924924924924924,300.0,100.0,0.0,18.16393277277277,HAM,18.042932772772772
0.2502502502502503,300.0,100.0,0.0,18.226573520186857,HAM,18.10557352018686
0.25125125125125125,294.2811543904,87.46253077895385,0.2199556003692307,18.293789344088616,HAM,18.172789344088617
0.25225225225225223,286.8511387299709,71.17365029262851,0.5057254334626576,18.362374104031037,HAM,18.24137410403104
0.25325325325325326,279.4211230695414,54.88476980630227,0.7914952665561005,18.430958863973466,HAM,18.309958863973467
0.25425425425425424,270.79771872713053,39.175052924072546,1.0,18.50234854181913,HAM,18.381348541819133
0.2552552552552553,258.9538799303502,25.028245472362695,1.0,18.581307467131,HAM,18.460307467131003
0.25625625625625625,247.11004113357046,10.881438020653626,1.0,18.660266392442864,HAM,18.539266392442865
0.25725725725725723,235.49220209044785,0.0,1.0,18.741754189596293,HAM,18.620754189596294
0.25825825825825827,224.62747915379455,0.0,1.0,18.83166913803756,HAM,18.710669138037563
0.25925925925925924,213.76275621714186,0.0,1.0,18.921584086478823,HAM,18.800584086478825
0.2602602602602603,201.62967995928815,0.0,1.0,19.019962560325695,HAM,18.898962560325696
0.26126126126126126,188.50661835019363,0.0,1.0,19.12494705319845,HAM,19.003947053198452
0.26226226226226224,176.88190317106495,0.0,1.0,19.232771452434026,HAM,19.111771452434027
0.26326326326326327,169.19592189326337,0.0,1.0,19.34806117160105,HAM,19.22706117160105
0.26426426426426425,161.23246808452308,0.0,1.0,19.46595339174791,HAM,19.34495339174791
0.2652652652652653,152.11523601226781,0.0,1.0,19.594667256297395,HAM,19.473667256297396
0.26626626626626626,144.1042758444719,0.0,1.0,19.726497379732674,HAM,19.605497379732675
0.26726726726726724,138.3468542071484,0.0,1.0,19.864675499028436,HAM,19.743675499028438
0.2682682682682683,131.918232899566,0.0,1.0,20.010056736736743,HAM,19.889056736736745
0.26926926926926925,125.02775068401712,0.0,1.0,20.160394530530535,HAM,20.039394530530537
0.2702702702702703,120.37373644831246,0.0,1.0,20.319614750343572,HAM,20.198614750343573
0.27127127127127126,116.6566133384846,0.0,1.0,20.481603199690923,HAM,20.360603199690924
0.27227227227227224,113.8562525488451,0.0,0.9760420914741842,20.646749898046195,HAM,20.525749898046197
0.2732732732732733,109.50620064508921,0.0,0.25103344084820145,20.82075197419643,HAM,20.69975197419643
0.27427427427427425,106.03117989784637,17.719380919382694,0.0,20.99912920612922,HAM,20.87812920612922
0.2752752752752753,104.48094824384147,38.40474121920731,0.0,21.178713789260975,HAM,21.057713789260976
0.27627627627627627,105.95832436209801,45.791621810490085,0.0,21.355998923451764,HAM,21.234998923451766
0.2772772772772773,109.42757321886465,52.85514643772929,0.0,21.5255235145055,HAM,21.404523514505502
0.2782782782782783,112.87039050544799,60.11485911198558,0.0,21.690778744261504,HAM,21.569778744261505
0.27927927927927926,116.45190428523759,67.18076171409504,0.0,21.851845702845704,HAM,21.730845702845706
0.2802802802802803,122.66626414774588,69.66650565909835,0.0,22.0009903395459,HAM,21.879990339545902
0.28128128128128127,127.91030855416824,74.27481466428841,0.0,22.146496293285768,HAM,22.02549629328577
0.2822822822822823,132.0314103577262,81.33956061324493,0.0,22.2877912122649,HAM,22.1667912122649
0.2832832832832833,138.68087550106898,84.21733046451477,0.0,22.418792213982687,HAM,22.29779221398269
0.28428428428428426,146.10716446539365,85.80867809972722,0.0,22.54663047401142,HAM,22.42563047401142
0.2852852852852853,151.7959373138961,92.10392021768595,0.0,22.666638632303187,HAM,22.545638632303188
0.2862862862862863,157.24726818062777,99.04197768443534,0.0,22.785576760304604,HAM,22.664576760304605
0.2872872872872873,162.392773073863,100.0,0.0,22.897842321611556,HAM,22.776842321611557
0.2882882882882883,167.48928358832228,100.0,0.0,23.009038914654305,HAM,22.888038914654306
0.28928928928928926,173.2145995266671,100.0,0.0,23.114250277600007,HAM,22.99325027760001
0.2902902902902903,179.2048349351176,100.0,0.0,23.21694002745916,HAM,23.09594002745916
0.2912912912912913,184.057099665455,100.0,0.0,23.318243417101314,HAM,23.197243417101316
0.2922922922922923,186.94187092794573,100.0,0.0,23.41714986038671,HAM,23.296149860386713
0.2932932932932933,189.82664219043627,100.0,0.0,23.516056303672098,HAM,23.3950563036721
0.29429429429429427,194.02761486611013,100.0,0.0,23.609875233442402,HAM,23.488875233442403
0.2952952952952953,198.31274062204866,100.0,0.0,23.703368886299245,HAM,23.582368886299246
0.2962962962962963,202.11760292988387,100.0,0.0,23.795528087896518,HAM,23.67452808789652
0.2972972972972973,205.11476787792617,100.0,0.0,23.885443036337787,HAM,23.764443036337788
0.2982982982982983,208.1119328259683,100.0,0.0,23.97535798477905,HAM,23.85435798477905
0.29929929929929927,210.53767942360986,100.0,0.0,24.063507176944395,HAM,23.942507176944396
0.3003003003003003,212.72282177526387,100.0,0.0,24.150912871010554,HAM,24.029912871010556
0.3013013013013013,214.90796412691776,100.0,0.0,24.23831856507671,HAM,24.11731856507671
0.3023023023023023,218.02612151526927,100.0,0.0,24.322360338016598,HAM,24.2013603380166
0.3033033033033033,221.1853044579249,100.0,0.0,24.40625419616045,HAM,24.28525419616045
0.30430430430430433,224.18642323182002,100.0,0.0,24.48994831512736,HAM,24.368948315127362
0.3053053053053053,225.89605061757547,100.0,0.0,24.572010429643623,HAM,24.451010429643624
0.3063063063063063,227.60567800333092,100.0,0.0,24.654072544159884,HAM,24.533072544159886
0.3073073073073073,229.48745947072274,100.0,0.0,24.73562378412168,HAM,24.614623784121683
0.3083083083083083,232.13052898186533,100.0,0.0,24.81491586945596,HAM,24.69391586945596
0.30930930930930933,234.77359849300808,100.0,0.0,24.894207954790243,HAM,24.773207954790244
0.3103103103103103,237.25503697568107,100.0,0.0,24.97324177483269,HAM,24.85224177483269
0.3113113113113113,238.87282487377192,100.0,0.0,25.05089559394105,HAM,24.92989559394105
0.3123123123123123,240.49061277186286,100.0,0.0,25.128549413049416,HAM,25.007549413049418
0.3133133133133133,242.08531044594733,100.0,0.0,25.20611862675684,HAM,25.08511862675684
0.31431431431431434,243.3584963689978,100.0,0.0,25.28250978213987,HAM,25.16150978213987
0.3153153153153153,244.6316822920482,100.0,0.0,25.35890093752289,HAM,25.23790093752289
0.3163163163163163,245.9048682150986,100.0,0.0,25.435292092905915,HAM,25.314292092905916
0.3173173173173173,247.72500784514685,100.0,0.0,25.510000313805875,HAM,25.389000313805877
0.3183183183183183,249.58931580389924,100.0,0.0,25.584572632155968,HAM,25.46357263215597
0.31931931931931934,251.45362376265172,100.0,0.0,25.659144950506068,HAM,25.53814495050607
0.3203203203203203,252.6512133211644,100.0,0.0,25.73309706569315,HAM,25.612097065693153
0.3213213213213213,253.57240078313615,100.0,0.0,25.806792062650892,HAM,25.685792062650894
0.32232232232232233,254.49358824510796,100.0,0.0,25.880487059608637,HAM,25.759487059608638
0.3233233233233233,255.5811417873919,100.0,0.0,25.953543940093947,HAM,25.83254394009395
0.32432432432432434,256.8718165280667,100.0,0.0,26.025821725571735,HAM,25.904821725571736
0.3253253253253253,258.1624912687414,100.0,0.0,26.09809951104952,HAM,25.97709951104952
0.3263263263263263,259.45316600941607,100.0,0.0,26.170377296527302,HAM,26.049377296527304
0.32732732732732733,260.68373240664914,100.0,0.0,26.24202394439895,HAM,26.121023944398953
0.3283283283283283,261.8701101985825,100.0,0.0,26.31320661191495,HAM,26.19220661191495
0.32932932932932935,263.05648799051585,100.0,0.0,26.384389279430952,HAM,26.263389279430953
0.3303303303303303,264.35620314759217,100.0,0.0,26.455248125903683,HAM,26.334248125903684
0.3313313313313313,266.0962239090943,100.0,0.0,26.524848956363773,HAM,26.403848956363774
0.33233233233233234,267.8362446705966,100.0,0.0,26.594449786823866,HAM,26.473449786823867
0.3333333333333333,269.57626543209875,100.0,0.0,26.66405061728395,HAM,26.543050617283953
0.33433433433433435,270.65091075507746,100.0,0.0,26.733072860406196,HAM,26.612072860406197
0.3353353353353353,271.51136058219396,100.0,0.0,26.801908846575518,HAM,26.68090884657552
0.3363363363363363,272.37181040931046,100.0,0.0,26.870744832744837,HAM,26.749744832744838
0.33733733733733734,273.38013815674196,100.0,0.0,26.939246631523616,HAM,26.818246631523618
0.3383383383383383,274.788428341411,100.0,0.0,27.00684456038773,HAM,26.88584456038773
0.33933933933933935,276.19671852608013,100.0,0.0,27.074442489251847,HAM,26.95344248925185
0.34034034034034033,277.60500871074913,100.0,0.0,27.142040418115958,HAM,27.02104041811596
0.34134134134134136,278.60148845464687,100.0,0.0,27.20911907637175,HAM,27.08811907637175
0.34234234234234234,279.43744148953226,100.0,0.0,27.27599531916258,HAM,27.15499531916258
0.3433433433433433,280.27339452441765,100.0,0.0,27.342871561953412,HAM,27.221871561953414
0.34434434434434436,281.1081924794513,100.0,0.0,27.409655398356104,HAM,27.288655398356106
0.34534534534534533,281.9353150245316,100.0,0.0,27.475825201962525,HAM,27.354825201962527
0.34634634634634637,282.7624375696119,100.0,0.0,27.541995005568953,HAM,27.420995005568955
0.34734734734734735,283.58956011469223,100.0,0.0,27.608164809175378,HAM,27.48716480917538
0.3483483483483483,284.54786053414534,100.0,0.0,27.67387163204872,HAM,27.55287163204872
0.34934934934934936,285.63537351008426,100.0,0.0,27.739122410605056,HAM,27.618122410605057
0.35035035035035034,286.7228864860231,100.0,0.0,27.80437318916139,HAM,27.68337318916139
0.35135135135135137,287.81039946196205,100.0,0.0,27.86962396771772,HAM,27.748623967717723
0.35235235235235235,288.4458599691646,100.0,0.0,27.93450319629975,HAM,27.813503196299752
0.3533533533533533,288.98586641238944,100.0,0.0,27.99930396948673,HAM,27.87830396948673
0.35435435435435436,289.5258728556143,100.0,0.0,28.064104742673713,HAM,27.943104742673714
0.35535535535535534,290.0978071501536,100.0,0.0,28.128824572012288,HAM,28.00782457201229
0.3563563563563564,290.8995232006751,100.0,0.0,28.19296185605401,HAM,28.07196185605401
0.35735735735735735,291.7012392511966,100.0,0.0,28.25709914009573,HAM,28.13609914009573
0.35835835835835833,292.5029553017181,100.0,0.0,28.32123642413745,HAM,28.20023642413745
0.35935935935935936,293.2017371891666,100.0,0.0,28.38520846269999,HAM,28.26420846269999
0.36036036036036034,293.7325909808113,100.0,0.0,28.448910917697358,HAM,28.32791091769736
0.3613613613613614,294.26344477245607,100.0,0.0,28.51261337269473,HAM,28.39161337269473
0.36236236236236236,294.7942985641008,100.0,0.0,28.5763158276921,HAM,28.4553158276921
0.36336336336336333,295.3229627775924,100.0,0.0,28.63975553331109,HAM,28.51875553331109
0.36436436436436437,295.85024179622945,100.0,0.0,28.703029015547536,HAM,28.582029015547537
0.36536536536536535,296.3775208148665,100.0,0.0,28.766302497783983,HAM,28.645302497783984
0.3663663663663664,296.9047998335036,100.0,0.0,28.82957598002043,HAM,28.70857598002043
0.36736736736736736,297.4291886925945,100.0,0.0,28.892502643111342,HAM,28.771502643111344
0.3683683683683684,297.95294076127414,100.0,0.0,28.955352891352895,HAM,28.834352891352896
0.36936936936936937,298.4766928299537,100.0,0.0,29.018203139594448,HAM,28.89720313959445
0.37037037037037035,299.00078891780976,100.0,0.0,29.081052857493255,HAM,28.960052857493256
0.3713713713713714,299.92953381373866,100.0,0.0,29.14327876552049,HAM,29.02227876552049
0.37237237237237236,300.8582787096675,100.0,0.0,29.205504673547722,HAM,29.084504673547723
0.3733733733733734,301.78702360559635,100.0,0.0,29.267730581574956,HAM,29.146730581574957
0.3743743743743744,302.0,100.0,0.0,29.32995648960219,HAM,29.20895648960219
0.37537537537537535,302.0,100.0,0.0,29.39218239762942,HAM,29.27118239762942
0.3763763763763764,302.0,100.0,0.0,29.454408305656653,HAM,29.333408305656654
0.37737737737737737,302.0,100.0,0.0,29.516634213683883,HAM,29.395634213683884
0.3783783783783784,302.70376052281796,100.0,0.0,29.578300841825435,HAM,29.457300841825436
0.3793793793793794,303.47393364676157,100.0,0.0,29.639914691740923,HAM,29.518914691740925
0.38038038038038036,304.2441067707052,100.0,0.0,29.701528541656415,HAM,29.580528541656417
0.3813813813813814,305.00474440944214,100.0,0.0,29.763138658266115,HAM,29.642138658266116
0.38238238238238237,305.2606298155454,100.0,0.0,29.824551155730898,HAM,29.7035511557309
0.3833833833833834,305.5165152216487,100.0,0.0,29.885963653195688,HAM,29.76496365319569
0.3843843843843844,305.77240062775195,100.0,0.0,29.94737615066047,HAM,29.826376150660472
0.38538538538538536,306.05620471662144,100.0,0.0,30.008744565994572,HAM,29.887744565994574
0.3863863863863864,306.5646523417357,100.0,0.0,30.069758281008287,HAM,29.94875828100829
0.38738738738738737,307.07309996685,100.0,0.0,30.130771996022002,HAM,30.009771996022003
0.3883883883883884,307.5815475919643,100.0,0.0,30.191785711035717,HAM,30.070785711035718
0.3893893893893894,308.0448519852107,100.0,0.0,30.252764476450565,HAM,30.131764476450567
0.39039039039039036,308.29825306698285,100.0,0.0,30.313580736075885,HAM,30.192580736075886
0.3913913913913914,308.55165414875506,100.0,0.0,30.37439699570121,HAM,30.253396995701213
0.3923923923923924,308.8050552305272,100.0,0.0,30.43521325532653,HAM,30.314213255326532
0.3933933933933934,309.05826774355006,100.0,0.0,30.49598425845201,HAM,30.374984258452013
0.3943943943943944,309.3108514024778,100.0,0.0,30.556604336594667,HAM,30.43560433659467
0.39539539539539537,309.5634350614055,100.0,0.0,30.617224414737322,HAM,30.496224414737323
0.3963963963963964,309.81601872033326,100.0,0.0,30.67784449287998,HAM,30.556844492879982
0.3973973973973974,310.058612965285,100.0,0.0,30.7384116302798,HAM,30.6174116302798
0.3983983983983984,310.27441710198946,100.0,0.0,30.79883678855705,HAM,30.67783678855705
0.3993993993993994,310.4902212386939,100.0,0.0,30.859261946834295,HAM,30.738261946834296
0.40040040040040037,310.7060253753984,100.0,0.0,30.919687105111542,HAM,30.798687105111544
0.4014014014014014,310.9218295121028,100.0,0.0,30.98011226338879,HAM,30.85911226338879
0.4024024024024024,311.160727633008,100.0,0.0,31.040413904288904,HAM,30.919413904288906
0.4034034034034034,311.4127422267241,100.0,0.0,31.100645392187058,HAM,30.97964539218706
0.4044044044044044,311.66475682044023,100.0,0.0,31.160876880085212,HAM,31.039876880085213
0.40540540540540543,311.91677141415636,100.0,0.0,31.22110836798337,HAM,31.10010836798337
0.4064064064064064,312.16754572730343,100.0,0.0,31.281210974552828,HAM,31.16021097455283
0.4074074074074074,312.4177084565929,100.0,0.0,31.341250029582298,HAM,31.2202500295823
0.4084084084084084,312.66787118588235,100.0,0.0,31.40128908461177,HAM,31.28028908461177
0.4094094094094094,312.9180339151718,100.0,0.0,31.46132813964124,HAM,31.34032813964124
0.41041041041041043,313.16766098635793,100.0,0.0,31.5212386367259,HAM,31.400238636725902
0.4114114114114114,313.4170270190573,100.0,0.0,31.581086484573746,HAM,31.460086484573747
0.4124124124124124,313.66639305175664,100.0,0.0,31.64093433242159,HAM,31.51993433242159
0.4134134134134134,313.915759084456,100.0,0.0,31.70078218026944,HAM,31.57978218026944
0.4144144144144144,314.1646009104342,100.0,0.0,31.760504218504217,HAM,31.639504218504218
0.41541541541541543,314.41317530493455,100.0,0.0,31.820162073184296,HAM,31.699162073184297
0.4164164164164164,314.6617496994349,100.0,0.0,31.879819927864368,HAM,31.75881992786437
0.4174174174174174,314.9103240939352,100.0,0.0,31.939477782544444,HAM,31.818477782544445
0.4184184184184184,315.0,100.0,0.0,31.999135637224523,HAM,31.878135637224524
0.4194194194194194,315.0,100.0,0.0,32.0587934919046,HAM,31.937793491904603
0.42042042042042044,315.0,100.0,0.0,32.11845134658468,HAM,31.99745134658468
0.4214214214214214,315.0,100.0,0.0,32.17810920126475,HAM,32.05710920126475
0.4224224224224224,315.0,100.0,0.0,32.23776705594483,HAM,32.11676705594483
0.42342342342342343,315.0,100.0,0.0,32.29742491062491,HAM,32.17642491062491
0.4244244244244244,315.0,100.0,0.0,32.35708276530499,HAM,32.236082765304985
0.42542542542542544,315.0,100.0,0.0,32.41674061998507,HAM,32.29574061998507
0.4264264264264264,315.2931261703344,100.0,0.0,32.47617514044013,HAM,32.355175140440124
0.4274274274274274,315.78713837391547,100.0,0.0,32.53545660486986,HAM,32.414456604869855
0.42842842842842843,316.28115057749653,100.0,0.0,32.59473806929959,HAM,32.473738069299586
0.4294294294294294,316.7751627810776,100.0,0.0,32.65401953372931,HAM,32.53301953372931
0.43043043043043044,316.8649865978848,100.0,0.0,32.71340321650765,HAM,32.59240321650765
0.4314314314314314,316.6171988312152,100.0,0.0,32.77287228050835,HAM,32.65187228050835
0.43243243243243246,316.36941106454555,100.0,0.0,32.83234134450907,HAM,32.711341344509066
0.43343343343343343,316.12162329787594,100.0,0.0,32.89181040850978,HAM,32.770810408509774
0.4344344344344344,316.12576647362397,100.0,0.0,32.951183953669755,HAM,32.83018395366975
0.43543543543543545,316.3727725754145,100.0,0.0,33.010465418099486,HAM,32.88946541809948
0.4364364364364364,316.61977867720503,100.0,0.0,33.069746882529216,HAM,32.948746882529214
0.43743743743743746,316.8667847789956,100.0,0.0,33.12902834695895,HAM,33.008028346958945
0.43843843843843844,317.22615491667216,100.0,0.0,33.188138590000655,HAM,33.06713859000065
0.4394394394394394,317.7170698650583,100.0,0.0,33.247048383807005,HAM,33.126048383807
0.44044044044044045,318.20798481344457,100.0,0.0,33.30595817761335,HAM,33.184958177613346
0.44144144144144143,318.6988997618308,100.0,0.0,33.36486797141969,HAM,33.24386797141969
0.44244244244244246,318.9047941940893,100.0,0.0,33.42384939341858,HAM,33.302849393418576
0.44344344344344344,318.65856484104654,100.0,0.0,33.48294443814884,HAM,33.36194443814884
0.4444444444444444,318.41233548800375,100.0,0.0,33.542039482879105,HAM,33.4210394828791
0.44544544544544545,318.16610613496096,100.0,0.0,33.60113452760937,HAM,33.480134527609366
0.44644644644644643,318.07987204811917,100.0,0.0,33.6601692915486,HAM,33.539169291548596
0.44744744744744747,318.3253295223123,100.0,0.0,33.71907908535495,HAM,33.59807908535495
0.44844844844844844,318.5707869965054,100.0,0.0,33.77798887916129,HAM,33.65698887916129
0.4494494494494494,318.8162444706985,100.0,0.0,33.83689867296764,HAM,33.71589867296764
0.45045045045045046,319.0,100.0,0.0,33.895808466773985,HAM,33.77480846677398
0.45145145145145144,319.0,100.0,0.0,33.95471826058033,HAM,33.833718260580326
0.45245245245245247,319.0,100.0,0.0,34.01362805438668,HAM,33.89262805438668
0.45345345345345345,319.0,100.0,0.0,34.07253784819302,HAM,33.95153784819302
0.4544544544544544,319.0433958046588,100.0,0.0,34.13141499311811,HAM,34.01041499311811
0.45545545545545546,319.2880862242451,100.0,0.0,34.19014069381882,HAM,34.06914069381882
0.45645645645645644,319.5327766438313,100.0,0.0,34.24886639451952,HAM,34.127866394519515
0.4574574574574575,319.7774670634176,100.0,0.0,34.30759209522022,HAM,34.18659209522022
0.45845845845845845,320.0,100.0,0.0,34.36631779592092,HAM,34.24531779592092
0.45945945945945943,320.0,100.0,0.0,34.42504349662162,HAM,34.30404349662162
0.46046046046046046,320.0,100.0,0.0,34.48376919732232,HAM,34.362769197322315
0.46146146146146144,320.0,100.0,0.0,34.542494898023016,HAM,34.42149489802301
0.4624624624624625,320.0,100.0,0.0,34.60122059872372,HAM,34.48022059872372
0.46346346346346345,320.07869698618657,100.0,0.0,34.65988727668478,HAM,34.538887276684775
0.46446446446446443,320.3226251303224,100.0,0.0,34.71843003127738,HAM,34.597430031277376
0.46546546546546547,320.5665532744583,100.0,0.0,34.77697278586998,HAM,34.65597278586998
0.46646646646646645,320.81048141859407,100.0,0.0,34.83551554046258,HAM,34.71451554046258
0.4674674674674675,320.94542040738656,100.0,0.0,34.89409910222723,HAM,34.77309910222723
0.46846846846846846,320.7007299878003,100.0,0.0,34.95282480292793,HAM,34.831824802927926
0.4694694694694695,320.45603956821407,100.0,0.0,35.01155050362863,HAM,34.890550503628624
0.47047047047047047,320.2113491486278,100.0,0.0,35.070276204329325,HAM,34.94927620432932
0.47147147147147145,320.0,100.0,0.0,35.12900190503002,HAM,35.00800190503002
0.4724724724724725,320.0,100.0,0.0,35.18772760573073,HAM,35.066727605730726
0.47347347347347346,320.0,100.0,0.0,35.24645330643143,HAM,35.125453306431424
0.4744744744744745,320.0,100.0,0.0,35.30517900713213,HAM,35.18417900713213
0.4754754754754755,320.0,100.0,0.0,35.36390470783283,HAM,35.24290470783283
0.47647647647647645,320.0,100.0,0.0,35.42263040853353,HAM,35.301630408533526
0.4774774774774775,320.0,100.0,0.0,35.481356109234234,HAM,35.36035610923423
0.47847847847847846,320.0,100.0,0.0,35.54008180993493,HAM,35.41908180993493
0.4794794794794795,320.0,100.0,0.0,35.59880751063563,HAM,35.47780751063563
0.4804804804804805,318.86071996803156,91.74021976822901,0.2848200079921029,35.65824882160641,HAM,35.53724882160641
0.48148148148148145,317.67725600781847,83.16010605668403,0.5806859980453785,35.71771788560712,HAM,35.59671788560712
0.4824824824824825,316.4937920476053,74.57999234513855,0.8765519880986705,35.77718694960783,HAM,35.65618694960783
0.48348348348348347,310.31649598887225,59.95776363552319,1.0,35.84097259893345,HAM,35.719972598933445
0.4844844844844845,300.56371058187557,41.00949484478678,1.0,35.90784884172428,HAM,35.78684884172428
0.4854854854854855,290.8109251748794,22.061226054051417,1.0,35.974725084515114,HAM,35.85372508451511
0.48648648648648646,281.0581397678833,3.112957263316048,1.0,36.04160132730595,HAM,35.920601327305945
0.4874874874874875,262.906972743945,1.9758663817327349,1.0,36.12393068946138,HAM,36.00293068946138
0.48848848848848847,244.70543977823115,0.9455909308432724,1.0,36.20635272553254,HAM,36.08535272553254
0.4894894894894895,227.0620870242114,0.0,1.0,36.289762038420314,HAM,36.16876203842031
0.4904904904904905,215.65139811084245,0.0,1.0,36.384195325979235,HAM,36.26319532597923
0.49149149149149146,204.2407091974735,0.0,1.0,36.47862861353815,HAM,36.35762861353815
0.4924924924924925,189.00698509068252,0.0,1.0,36.585113778374634,HAM,36.46411377837463
0.4934934934934935,170.5260192387033,0.0,1.0,36.70183566796609,HAM,36.580835667966085
0.4944944944944945,155.30889577077264,0.0,1.0,36.82704119119117,HAM,36.70604119119117
0.4954954954954955,143.56375563063312,0.0,1.0,36.96127136422134,HAM,36.84027136422134
0.4964964964964965,132.96224988429432,0.0,1.0,37.107566251735584,HAM,36.98656625173558
0.4974974974974975,122.49827398153013,0.0,1.0,37.262023013579594,HAM,37.14102301357959
0.4984984984984985,109.20188891722114,0.0,1.0,37.43930814777038,HAM,37.31830814777038
0.4994994994994995,101.7967922889225,0.0,1.0,37.62610997866552,HAM,37.505109978665516
0.5005005005005005,95.5794796589781,0.0,1.0,37.82418804518803,HAM,37.70318804518803
0.5015015015015015,89.13460695990167,0.0,1.0,38.03561572160393,HAM,37.91461572160393
0.5025025025025025,83.76704152068787,0.0,0.7534083041375733,38.26018200700698,HAM,38.13918200700698
0.5035035035035035,79.05114368754778,0.711642234339163,0.0,38.49793137874713,HAM,38.37693137874713
0.5045045045045045,74.87059976643384,9.776401401396964,0.0,38.748764014013965,HAM,38.62776401401396
0.5055055055055055,73.72922977089573,29.42092167925402,0.0,39.004003029002995,HAM,38.88300302900299
0.5065065065065065,78.04741522772737,37.491384092424546,0.0,39.24479321821819,HAM,39.12379321821819
0.5075075075075075,81.5430592357056,47.39473031855231,0.0,39.47506684331387,HAM,39.354066843313866
0.5085085085085085,87.59110445479347,57.39178872750166,0.0,39.68883577455003,HAM,39.567835774550026
0.5095095095095095,97.97796308212801,66.97965822965662,0.0,39.88059316459313,HAM,39.75959316459313
0.5105105105105106,103.2089873206533,58.07030745030862,0.0,40.05959385099383,HAM,39.938593850993826
0.5115115115115115,105.96141577714769,47.30867378281842,0.0,40.236369893257724,HAM,40.11536989325772
0.5125125125125125,106.56692041247611,36.40152247485661,0.0,40.412969550502865,HAM,40.29196955050286
0.5135135135135135,105.0754740454743,27.45284427284574,0.0,40.591943114543085,HAM,40.47094311454308
0.5145145145145145,104.28520627999809,27.714793720001914,0.0,40.77255049280046,HAM,40.65155049280046
0.5155155155155156,104.91772605939263,32.129767267266864,0.0,40.951127127127116,HAM,40.83012712712711
0.5165165165165165,106.57634170868106,40.84227805787375,0.0,41.127107336694486,HAM,41.006107336694484
0.5175175175175175,108.73141329402779,55.20942196018525,0.0,41.29951306352222,HAM,41.17851306352222
0.5185185185185185,114.22780131826671,63.3895349445482,0.0,41.460408035153776,HAM,41.339408035153774
0.5195195195195195,119.83131544242578,71.66263088485157,0.0,41.615939463272774,HAM,41.49493946327277
0.5205205205205206,124.8028033324325,81.60560666486502,0.0,41.765084099972974,HAM,41.64408409997297
0.5215215215215215,129.96300578356065,84.44033397595119,0.0,41.90668015422828,HAM,41.78568015422828
0.5225225225225225,135.27346267429127,85.09115422476376,0.0,42.04539363363361,HAM,41.924393633633606
0.5235235235235235,143.07106608683267,87.69035536227756,0.0,42.170675128461774,HAM,42.04967512846177
0.5245245245245245,150.69569057810295,90.53514659854075,0.0,42.29484351836498,HAM,42.173843518364976
0.5255255255255256,156.94055036631693,95.33888489716686,0.0,42.410133237532,HAM,42.289133237532
0.5265265265265265,163.15941198341145,100.0,0.0,42.525188239668225,HAM,42.40418823966822
0.5275275275275275,168.52861890461813,100.0,0.0,42.63257237809236,HAM,42.51157237809236
0.5285285285285285,173.89782582582484,100.0,0.0,42.7399565165165,HAM,42.6189565165165
0.5295295295295295,178.36365194022764,100.0,0.0,42.842727646565464,HAM,42.72172764656546
0.5305305305305306,182.59613487361187,100.0,0.0,42.94430723696669,HAM,42.823307236966684
0.5315315315315315,186.23336461461426,100.0,0.0,43.04428678678678,HAM,42.923286786786775
0.5325325325325325,189.08808617645388,100.0,0.0,43.14216295462128,HAM,43.021162954621275
0.5335335335335335,191.9428077382935,100.0,0.0,43.24003912245578,HAM,43.119039122455774
0.5345345345345345,196.51366071954234,100.0,0.0,43.332273214390845,HAM,43.21127321439084
0.5355355355355356,201.11959802940157,100.0,0.0,43.42439196058803,HAM,43.30339196058803
0.5365365365365365,204.97316921977242,100.0,0.0,43.51536580182077,HAM,43.39436580182077
0.5375375375375375,207.57083054618565,100.0,0.0,43.60442847586922,HAM,43.48342847586922
0.5385385385385385,210.1684918725989,100.0,0.0,43.693491149917676,HAM,43.572491149917674
0.5395395395395395,213.1778733278727,100.0,0.0,43.780076622076606,HAM,43.659076622076604
0.5405405405405406,216.38109336609293,100.0,0.0,43.86549582309581,HAM,43.74449582309581
0.5415415415415415,219.5843134043128,100.0,0.0,43.95091502411501,HAM,43.82991502411501
0.5425425425425425,220.9166776642111,100.0,0.0,44.03533421313689,HAM,43.91433421313689
0.5435435435435435,221.97005346153313,100.0,0.0,44.11960427692265,HAM,43.99860427692265
0.5445445445445445,223.06056664355097,100.0,0.0,44.203809428476085,HAM,44.08280942847608
0.5455455455455456,225.78363342240593,100.0,0.0,44.28516104849438,HAM,44.16416104849438
0.5465465465465466,228.5067002012606,100.0,0.0,44.36651266851266,HAM,44.24551266851266
0.5475475475475475,231.22115071836095,100.0,0.0,44.44763452155083,HAM,44.32663452155083
0.5485485485485485,233.8421024930087,100.0,0.0,44.526263074790265,HAM,44.40526307479026
0.5495495495495496,236.46305426765673,100.0,0.0,44.6048916280297,HAM,44.483891628029696
0.5505505505505506,239.0514278793821,100.0,0.0,44.68346853821034,HAM,44.56246853821034
0.5515515515515516,240.65595522093125,100.0,0.0,44.760485850604695,HAM,44.63948585060469
0.5525525525525525,242.26048256248038,100.0,0.0,44.837503162999056,HAM,44.716503162999054
0.5535535535535535,243.8650099040295,100.0,0.0,44.91452047539342,HAM,44.793520475393414
0.5545545545545546,245.99997578920207,100.0,0.0,44.98957059848693,HAM,44.868570598486926
0.5555555555555556,248.1836671831191,100.0,0.0,45.06444001770694,HAM,44.94344001770694
0.5565565565565566,250.36735857703613,100.0,0.0,45.13930943692695,HAM,45.01830943692695
0.5575575575575575,252.08625430443433,100.0,0.0,45.21314020661285,HAM,45.09214020661285
0.5585585585585585,253.61556942684842,100.0,0.0,45.28654733248872,HAM,45.16554733248872
0.5595595595595596,255.14488454926266,100.0,0.0,45.35995445836461,HAM,45.23895445836461
0.5605605605605606,256.53106189522845,100.0,0.0,45.43286371371371,HAM,45.311863713713706
0.5615615615615616,257.7356916531915,100.0,0.0,45.50514149919149,HAM,45.384141499191486
0.5625625625625625,258.94032141115457,100.0,0.0,45.577419284669276,HAM,45.45641928466927
0.5635635635635635,260.21252239081156,100.0,0.0,45.649500895632464,HAM,45.52850089563246
0.5645645645645646,261.97870887805084,100.0,0.0,45.720148355122035,HAM,45.59914835512203
0.5655655655655656,263.74489536528995,100.0,0.0,45.7907958146116,HAM,45.6697958146116
0.5665665665665666,265.51108185252906,100.0,0.0,45.86144327410116,HAM,45.74044327410116
0.5675675675675675,266.6315118557218,100.0,0.0,45.931520948457745,HAM,45.81052094845774
0.5685685685685685,267.5047564758065,100.0,0.0,46.00138051806452,HAM,45.88038051806452
0.5695695695695696,268.3780010958913,100.0,0.0,46.071240087671306,HAM,45.950240087671304
0.5705705705705706,269.4111015668951,100.0,0.0,46.140732875210965,HAM,46.01973287521096
0.5715715715715716,270.8399507323623,100.0,0.0,46.20931763515339,HAM,46.08831763515339
0.5725725725725725,272.26879989782947,100.0,0.0,46.277902395095815,HAM,46.15690239509581
0.5735735735735735,273.6976490632967,100.0,0.0,46.34648715503824,HAM,46.22548715503824
0.5745745745745746,274.66857873216173,100.0,0.0,46.41448629857294,HAM,46.29348629857294
0.5755755755755756,275.51660329101657,100.0,0.0,46.482328263281325,HAM,46.36132826328132
0.5765765765765766,276.36462784987145,100.0,0.0,46.55017022798972,HAM,46.429170227989715
0.5775775775775776,277.27950043756675,100.0,0.0,46.617770026254,HAM,46.496770026254
0.5785785785785785,278.3941044840806,100.0,0.0,46.68464626904483,HAM,46.56364626904483
0.5795795795795796,279.50870853059456,100.0,0.0,46.751522511835674,HAM,46.63052251183567
0.5805805805805806,280.6233125771084,100.0,0.0,46.81839875462651,HAM,46.697398754626505
0.5815815815815816,281.5475912972831,100.0,0.0,46.884807303782644,HAM,46.76380730378264
0.5825825825825826,282.37471384236335,100.0,0.0,46.95097710738907,HAM,46.82997710738907
0.5835835835835835,283.2018363874436,100.0,0.0,47.01714691099549,HAM,46.89614691099549
0.5845845845845846,284.02865622591224,100.0,0.0,47.083292498072986,HAM,46.96229249807298
0.5855855855855856,284.8471328907304,100.0,0.0,47.14877063125843,HAM,47.02777063125843
0.5865865865865866,285.6656095555485,100.0,0.0,47.21424876444388,HAM,47.09324876444388
0.5875875875875876,286.48408622036663,100.0,0.0,47.27972689762933,HAM,47.15872689762933
0.5885885885885885,287.3978719269096,100.0,0.0,47.34487231561457,HAM,47.22387231561457
0.5895895895895896,288.47417342886985,100.0,0.0,47.40945040573219,HAM,47.288450405732185
0.5905905905905906,289.55047493083,100.0,0.0,47.474028495849794,HAM,47.35302849584979
0.5915915915915916,290.62677643279005,100.0,0.0,47.5386065859674,HAM,47.4176065859674
0.5925925925925926,291.2992623291258,100.0,0.0,47.6028967260776,HAM,47.4818967260776
0.5935935935935935,291.7573857865666,100.0,0.0,47.66703401011932,HAM,47.54603401011932
0.5945945945945946,292.21550924400754,100.0,0.0,47.73117129416105,HAM,47.61017129416105
0.5955955955955956,292.67363270144835,100.0,0.0,47.79530857820277,HAM,47.67430857820277
0.5965965965965966,293.2282363867245,100.0,0.0,47.85925891093796,HAM,47.73825891093796
0.5975975975975976,294.02182693673393,100.0,0.0,47.92274615493872,HAM,47.80174615493872
0.5985985985985985,294.8154174867434,100.0,0.0,47.986233398939476,HAM,47.86523339893947
0.5995995995995996,295.6090080367529,100.0,0.0,48.04972064294024,HAM,47.928720642940235
0.6006006006006006,296.26659772188293,100.0,0.0,48.11299172662595,HAM,47.99199172662595
0.6016016016016016,296.79210734784,100.0,0.0,48.176052881740794,HAM,48.05505288174079
0.6026026026026026,297.317616973797,100.0,0.0,48.23911403685564,HAM,48.11811403685564
0.6036036036036035,297.84312659975404,100.0,0.0,48.302175191970484,HAM,48.18117519197048
0.6046046046046046,298.5474431657571,100.0,0.0,48.36479545326056,HAM,48.24379545326056
0.6056056056056056,299.32785114849065,100.0,0.0,48.42722809187925,HAM,48.30622809187925
0.6066066066066066,300.1082591312242,100.0,0.0,48.48966073049794,HAM,48.368660730497936
0.6076076076076076,300.88866711395775,100.0,0.0,48.55209336911662,HAM,48.43109336911662
0.6086086086086087,301.22228653874623,100.0,0.0,48.6143487692991,HAM,48.4933487692991
0.6096096096096096,301.4815611555264,100.0,0.0,48.67657467732633,HAM,48.55557467732633
0.6106106106106106,301.7408357723065,100.0,0.0,48.738800585353566,HAM,48.617800585353564
0.6116116116116116,302.0,100.0,0.0,48.801026493380796,HAM,48.680026493380794
0.6126126126126126,302.0,100.0,0.0,48.863252401408026,HAM,48.742252401408024
0.6136136136136137,302.0,100.0,0.0,48.92547830943526,HAM,48.80447830943526
0.6146146146146146,302.0,100.0,0.0,48.98770421746249,HAM,48.86670421746249
0.6156156156156156,302.59323352040565,100.0,0.0,49.04945868163245,HAM,48.92845868163245
0.6166166166166166,303.36340664434925,100.0,0.0,49.11107253154794,HAM,48.99007253154794
0.6176176176176176,304.13357976829286,100.0,0.0,49.17268638146343,HAM,49.051686381463426
0.6186186186186187,304.9037528922365,100.0,0.0,49.234300231378924,HAM,49.11330023137892
0.6196196196196196,305.4463570791204,100.0,0.0,49.295562849494445,HAM,49.17456284949444
0.6206206206206206,305.95646088542395,100.0,0.0,49.356775306250874,HAM,49.23577530625087
0.6216216216216216,306.4665646917275,100.0,0.0,49.417987763007304,HAM,49.2969877630073
0.6226226226226226,306.9766684980311,100.0,0.0,49.47920021976373,HAM,49.35820021976373
0.6236236236236237,307.2425959373876,100.0,0.0,49.540223024973024,HAM,49.41922302497302
0.6246246246246246,307.49681974994473,100.0,0.0,49.60123673998674,HAM,49.480236739986736
0.6256256256256256,307.7510435625019,100.0,0.0,49.66225045500045,HAM,49.54125045500045
0.6266266266266266,308.0104667839883,100.0,0.0,49.72325601407859,HAM,49.60225601407859
0.6276276276276276,308.5156341018438,100.0,0.0,49.783876092221256,HAM,49.66287609222125
0.6286286286286287,309.0208014196993,100.0,0.0,49.84449617036392,HAM,49.723496170363916
0.6296296296296297,309.52596873755476,100.0,0.0,49.90511624850657,HAM,49.78411624850657
0.6306306306306306,310.0,100.0,0.0,49.96573632664923,HAM,49.844736326649226
0.6316316316316316,310.0,100.0,0.0,50.02635640479189,HAM,49.90535640479189
0.6326326326326326,310.0,100.0,0.0,50.086976482934546,HAM,49.96597648293454
0.6336336336336337,310.0,100.0,0.0,50.14759656107721,HAM,50.026596561077206
0.6346346346346347,310.0,100.0,0.0,50.20821663921987,HAM,50.08721663921987
0.6356356356356356,310.2222057260252,100.0,0.0,50.26866468712302,HAM,50.14766468712302
0.6366366366366366,310.72413479184314,100.0,0.0,50.32889617502118,HAM,50.207896175021176
0.6376376376376376,311.2260638576611,100.0,0.0,50.38912766291933,HAM,50.268127662919326
0.6386386386386387,311.72799292347906,100.0,0.0,50.449359150817486,HAM,50.328359150817484
0.6396396396396397,312.0,100.0,0.0,50.509590638715636,HAM,50.388590638715634
0.6406406406406406,312.0,100.0,0.0,50.56982212661379,HAM,50.44882212661379
0.6416416416416416,312.0,100.0,0.0,50.630053614511944,HAM,50.50905361451194
0.6426426426426426,312.0,100.0,0.0,50.6902851024101,HAM,50.5692851024101
0.6436436436436437,312.2361246331257,100.0,0.0,50.750334955975084,HAM,50.62933495597508
0.6446446446446447,312.7348566985244,100.0,0.0,50.81018280382293,HAM,50.68918280382293
0.6456456456456456,313.23358876392314,100.0,0.0,50.87003065167078,HAM,50.74903065167078
0.6466466466466466,313.73232082932185,100.0,0.0,50.92987849951863,HAM,50.80887849951863
0.6476476476476476,314.0,100.0,0.0,50.98972634736647,HAM,50.86872634736647
0.6486486486486487,314.0,100.0,0.0,51.049574195214326,HAM,50.928574195214324
0.6496496496496497,314.0,100.0,0.0,51.109422043062175,HAM,50.98842204306217
0.6506506506506506,314.0,100.0,0.0,51.16926989091002,HAM,51.04826989091002
0.6516516516516516,314.1167853170631,100.0,0.0,51.229028476095145,HAM,51.10802847609514
0.6526526526526526,314.3653597115634,100.0,0.0,51.28868633077522,HAM,51.16768633077522
0.6536536536536537,314.61393410606377,100.0,0.0,51.3483441854553,HAM,51.2273441854553
0.6546546546546547,314.86250850056405,100.0,0.0,51.40800204013538,HAM,51.28700204013538
0.6556556556556556,315.11073136691545,100.0,0.0,51.46757552805971,HAM,51.34657552805971
0.6566566566566566,315.35851913358505,100.0,0.0,51.52704459206042,HAM,51.40604459206042
0.6576576576576576,315.6063069002547,100.0,0.0,51.58651365606113,HAM,51.46551365606113
0.6586586586586587,315.85409466692437,100.0,0.0,51.64598272006184,HAM,51.524982720061836
0.6596596596596597,316.0,100.0,0.0,51.70545178406255,HAM,51.584451784062544
0.6606606606606606,316.0,100.0,0.0,51.764920848063255,HAM,51.64392084806325
0.6616616616616616,316.0,100.0,0.0,51.824389912063964,HAM,51.70338991206396
0.6626626626626626,316.0,100.0,0.0,51.88385897606467,HAM,51.76285897606467
0.6636636636636637,316.092740019199,100.0,0.0,51.943257604607766,HAM,51.82225760460776
0.6646646646646647,316.33974612098956,100.0,0.0,52.00253906903749,HAM,51.88153906903749
0.6656656656656657,316.5867522227801,100.0,0.0,52.06182053346722,HAM,51.94082053346722
0.6666666666666666,316.8337583245706,100.0,0.0,52.12110199789694,HAM,52.00010199789694
0.6676676676676676,317.0,100.0,0.0,52.180383462326674,HAM,52.05938346232667
0.6686686686686687,317.0,100.0,0.0,52.23966492675641,HAM,52.11866492675641
0.6696696696696697,317.0,100.0,0.0,52.298946391186135,HAM,52.17794639118613
0.6706706706706707,317.0,100.0,0.0,52.358227855615866,HAM,52.23722785561586
0.6716716716716716,317.06857251643675,100.0,0.0,52.41745740394482,HAM,52.29645740394482
0.6726726726726726,317.31480186947954,100.0,0.0,52.476552448675086,HAM,52.355552448675084
0.6736736736736737,317.56103122252233,100.0,0.0,52.53564749340536,HAM,52.414647493405354
0.6746746746746747,317.80726057556507,100.0,0.0,52.59474253813562,HAM,52.47374253813562
0.6756756756756757,317.946341333447,100.0,0.0,52.65387807997271,HAM,52.53287807997271
0.6766766766766766,317.69933523165645,100.0,0.0,52.713159544402444,HAM,52.59215954440244
0.6776776776776777,317.4523291298659,100.0,0.0,52.77244100883218,HAM,52.65144100883218
0.6786786786786787,317.2053230280754,100.0,0.0,52.831722473261905,HAM,52.7107224732619
0.6796796796796797,316.38947365957813,96.51127805473222,0.043609024315847365,52.8914661658358,HAM,52.7704661658358
0.6806806806806807,312.7716087099202,75.83776405668684,0.3020279492914146,52.95348670782994,HAM,52.832486707829936
0.6816816816816816,309.1537437602623,55.16425005864146,0.5604468742669818,53.015507249824076,HAM,52.89450724982407
0.6826826826826827,305.5358788106039,34.49073606059379,0.8188657992425776,53.07752779181822,HAM,52.95652779181822
0.6836836836836837,299.5406303557353,18.225964284992447,1.0,53.142288428580095,HAM,53.02128842858009
0.6846846846846847,287.9734468843848,12.294075325325554,1.0,53.21347109609609,HAM,53.09247109609609
0.6856856856856857,276.4062634130344,6.3621863656586655,1.0,53.28465376361209,HAM,53.16365376361209
0.6866866866866866,264.83907994168396,0.43029740599177657,1.0,53.3558364311281,HAM,53.234836431128095
0.6876876876876877,260.84256484745583,0.0,1.0,53.42988949423732,HAM,53.30888949423732
0.6886886886886887,257.4381764010385,0.0,1.0,53.504167060340976,HAM,53.38316706034097
0.6896896896896897,254.0337879546212,0.0,1.0,53.57844462644463,HAM,53.45744462644463
0.6906906906906907,247.54761886886894,0.0,1.0,53.657894411803106,HAM,53.536894411803104
0.6916916916916916,239.71752544210912,0.0,1.0,53.73959973451712,HAM,53.61859973451712
0.6926926926926927,231.88743201534845,0.0,1.0,53.82130505723115,HAM,53.70030505723115
0.6936936936936937,225.25703079840403,0.0,1.0,53.907959565199,HAM,53.786959565199
0.6946946946946947,219.00766045779758,0.0,1.0,53.996185970007566,HAM,53.875185970007564
0.6956956956956957,212.8508136625955,0.0,1.0,54.08458047209771,HAM,53.96358047209771
0.6966966966966966,208.99362478241815,0.0,1.0,54.17715300522197,HAM,54.056153005221965
0.6976976976976977,205.13643590224038,0.0,1.0,54.26972553834623,HAM,54.14872553834623
0.6986986986986987,200.998728437639,0.545801335189366,1.0,54.36466410681515,HAM,54.243664106815146
0.6996996996996997,196.5127374118912,1.7692534331205765,1.0,54.46254027464965,HAM,54.341540274649645
0.7007007007007007,192.02674638614346,2.992705531051787,1.0,54.56041644248414,HAM,54.43941644248414
0.7017017017017017,190.76453828166802,10.412770309991927,0.5881794272226708,54.65983693746656,HAM,54.538836937466556
0.7027027027027027,189.52166630916628,17.870002145002363,0.173888769722091,54.7592666952667,HAM,54.6382666952667
0.7037037037037037,187.25246320037982,27.241202855786376,0.0,54.86091554741555,HAM,54.73991554741555
0.7047047047047047,184.24088880547214,37.996825694742334,0.0,54.96416952666952,HAM,54.84316952666952
0.7057057057057057,181.6641705252739,48.68663579780874,0.0,55.06786635797808,HAM,54.94686635797808
0.7067067067067067,180.35186436436442,59.185085085084616,0.0,55.17285085085084,HAM,55.05185085085084
0.7077077077077077,179.0395582034548,69.68353437236165,0.0,55.277835343723616,HAM,55.156835343723614
0.7087087087087087,181.46400480623393,75.42081057371465,0.0,55.380052993210604,HAM,55.2590529932106
0.7097097097097097,184.00227105447692,81.00378509079489,0.0,55.48218168435815,HAM,55.36118168435815
0.7107107107107107,185.2584357753475,83.0973929589125,0.0,55.5826748620278,HAM,55.4616748620278
0.7117117117117117,186.51460049621807,85.1910008270301,0.0,55.68316803969745,HAM,55.56216803969745
0.7127127127127127,188.49360720824455,86.74680360412228,0.0,55.78174428832978,HAM,55.66074428832978
0.7137137137137137,190.92783314402482,87.96391657201241,0.0,55.879113325761,HAM,55.758113325760995
0.7147147147147147,193.29409681145782,89.29409681145783,0.0,55.976116646949976,HAM,55.85511664694997
0.7157157157157157,195.27139313134666,91.27139313134667,0.0,56.07102687030464,HAM,55.95002687030464
0.7167167167167167,197.2486894512355,93.24868945123549,0.0,56.1659370936593,HAM,56.0449370936593
0.7177177177177178,199.42791283930984,94.2379854732183,0.0,56.259116513572394,HAM,56.13811651357239
0.7187187187187187,201.7308814942393,94.62181358237322,0.0,56.351235259769574,HAM,56.23023525976957
0.7197197197197197,204.0275336141564,94.9724663858436,0.0,56.443321613479505,HAM,56.3223216134795
0.7207207207207207,205.90076170668263,93.09923829331736,0.0,56.533236561920766,HAM,56.412236561920764
0.7217217217217217,207.7739897992089,91.22601020079111,0.0,56.62315151036203,HAM,56.502151510362026
0.7227227227227228,209.50805085210402,90.50805085210402,0.0,56.71248305112624,HAM,56.59148305112624
0.7237237237237237,210.97849093224679,91.97849093224677,0.0,56.80070945593481,HAM,56.679709455934805
0.7247247247247247,212.44893101238952,93.44893101238954,0.0,56.888935860743366,HAM,56.767935860743364
0.7257257257257257,214.34127426513268,95.34127426513267,0.0,56.9756509706053,HAM,56.8546509706053
0.7267267267267267,216.4865053409573,97.4865053409573,0.0,57.06146021363829,HAM,56.94046021363829
0.7277277277277278,218.63173641678216,99.63173641678216,0.0,57.14726945667128,HAM,57.02626945667128
0.7287287287287287,219.8764772091912,100.0,0.0,57.23211817673529,HAM,57.11111817673529
0.7297297297297297,220.93459794253712,100.0,0.0,57.31676783540297,HAM,57.19576783540297
0.7307307307307307,221.99271867588305,100.0,0.0,57.40141749407064,HAM,57.28041749407064
0.7317317317317317,223.37632064217604,100.0,0.0,57.484579238530564,HAM,57.36357923853056
0.7327327327327328,224.76217788585052,100.0,0.0,57.56773067315103,HAM,57.44673067315103
0.7337337337337337,226.18179611624527,100.0,0.0,57.65068985435653,HAM,57.529689854356526
0.7347347347347347,227.8837128530295,100.0,0.0,57.73204147437481,HAM,57.61104147437481
0.7357357357357357,229.58562958981372,100.0,0.0,57.8133930943931,HAM,57.6923930943931
0.7367367367367368,231.22517936376107,100.0,0.0,57.894510761825664,HAM,57.77351076182566
0.7377377377377378,232.5579612236351,100.0,0.0,57.97447767341811,HAM,57.853477673418105
0.7387387387387387,233.89074308350908,100.0,0.0,58.05444458501054,HAM,57.93344458501054
0.7397397397397397,235.27358521716158,100.0,0.0,58.13413209042376,HAM,58.01313209042376
0.7407407407407407,236.9048546810699,100.0,0.0,58.21243302469136,HAM,58.091433024691355
0.7417417417417418,238.53612414497843,100.0,0.0,58.29073395895896,HAM,58.16973395895896
0.7427427427427428,240.09919621267363,100.0,0.0,58.36893569701389,HAM,58.24793569701389
0.7437437437437437,241.0658744135082,100.0,0.0,58.44626995308065,HAM,58.32526995308065
0.7447447447447447,242.03255261434276,100.0,0.0,58.52360420914742,HAM,58.40260420914742
0.7457457457457457,242.99923081517733,100.0,0.0,58.600938465214185,HAM,58.47993846521418
0.7467467467467468,243.6386826963018,100.0,0.0,58.677641923556216,HAM,58.556641923556214
0.7477477477477478,244.27787399644546,100.0,0.0,58.75434487957346,HAM,58.63334487957346
0.7487487487487487,244.91706529658913,100.0,0.0,58.831047835590695,HAM,58.71004783559069
0.7497497497497497,246.8928175861046,100.0,0.0,58.90589660295216,HAM,58.78489660295216
0.7507507507507507,249.0678435379823,100.0,0.0,58.980468921302254,HAM,58.85946892130225
0.7517517517517518,251.24286948986025,100.0,0.0,59.055041239652354,HAM,58.93404123965235
0.7527527527527528,252.79756618597764,100.0,0.0,59.12885397115866,HAM,59.00785397115866
0.7537537537537538,254.02101828390892,100.0,0.0,59.20226109703454,HAM,59.081261097034535
0.7547547547547547,255.24447038184016,100.0,0.0,59.27566822291041,HAM,59.15466822291041
0.7557557557557557,256.4607236723903,100.0,0.0,59.348643420343414,HAM,59.22764342034341
0.7567567567567568,257.66535343035355,100.0,0.0,59.42092120582121,HAM,59.29992120582121
0.7577577577577578,258.8699831883166,100.0,0.0,59.493198991298996,HAM,59.372198991298994
0.7587587587587588,260.0734824470936,100.0,0.0,59.56540894682561,HAM,59.44440894682561
0.7597597597597597,261.2598602390269,100.0,0.0,59.63659161434161,HAM,59.51559161434161
0.7607607607607607,262.4462380309602,100.0,0.0,59.70777428185761,HAM,59.58677428185761
0.7617617617617618,263.6326158228936,100.0,0.0,59.77895694937362,HAM,59.65795694937362
0.7627627627627628,264.40641788404946,100.0,0.0,59.84977014608594,HAM,59.728770146085935
0.7637637637637638,264.99514671312915,100.0,0.0,59.9204176055755,HAM,59.7994176055755
0.7647647647647647,265.58387554220883,100.0,0.0,59.99106506506506,HAM,59.870065065065056
0.7657657657657657,266.34009453898335,100.0,0.0,60.061405672339,HAM,59.940405672339
0.7667667667667668,267.50010837998497,100.0,0.0,60.131006502799096,HAM,60.010006502799094
0.7677677677677678,268.6601222209864,100.0,0.0,60.200607333259185,HAM,60.07960733325918
0.7687687687687688,269.82013606198785,100.0,0.0,60.27020816371927,HAM,60.149208163719265
0.7697697697697697,270.48647145920427,100.0,0.0,60.33937657510451,HAM,60.21837657510451
0.7707707707707707,271.0622136229366,100.0,0.0,60.408465634752396,HAM,60.287465634752394
0.7717717717717718,271.637955786669,100.0,0.0,60.47755469440028,HAM,60.35655469440028
0.7727727727727728,272.31705005005006,100.0,0.0,60.546364004004005,HAM,60.425364004004
0.7737737737737738,273.171242060242,100.0,0.0,60.61469936481936,HAM,60.493699364819356
0.7747747747747747,274.02543407043396,100.0,0.0,60.68303472563472,HAM,60.56203472563472
0.7757757757757757,274.87962608062594,100.0,0.0,60.75137008645008,HAM,60.63037008645008
0.7767767767767768,275.2437197765398,100.0,0.0,60.819492746369555,HAM,60.69849274636955
0.7777777777777778,275.52741881374124,100.0,0.0,60.887580515297905,HAM,60.7665805152979
0.7787787787787788,275.8111178509427,100.0,0.0,60.95566828422625,HAM,60.83466828422625
0.7797797797797797,276.1882695045165,100.0,0.0,61.023592340541974,HAM,60.90259234054197
0.7807807807807807,276.7515855783841,100.0,0.0,61.09119026940609,HAM,60.97019026940609
0.7817817817817818,277.31490165225176,100.0,0.0,61.158788198270216,HAM,61.03778819827021
0.7827827827827828,277.87821772611943,100.0,0.0,61.226386127134326,HAM,61.105386127134324
0.7837837837837838,278.21997562078207,100.0,0.0,61.29379414898769,HAM,61.17279414898769
0.7847847847847848,278.5006241307018,100.0,0.0,61.361149791368426,HAM,61.240149791368424
0.7857857857857857,278.78127264062147,100.0,0.0,61.42850543374916,HAM,61.30750543374916
0.7867867867867868,279.061700003575,100.0,0.0,61.495808000858005,HAM,61.374808000858
0.7877877877877878,279.34134619738785,100.0,0.0,61.562923087373086,HAM,61.441923087373084
0.7887887887887888,279.62099239120073,100.0,0.0,61.630038173888174,HAM,61.50903817388817
0.7897897897897898,279.9006385850136,100.0,0.0,61.69715326040326,HAM,61.57615326040326
0.7907907907907907,280.30577565273813,100.0,0.0,61.763961479209705,HAM,61.6429614792097
0.7917917917917918,280.7800752469994,100.0,0.0,61.83060057220341,HAM,61.709600572203406
0.7927927927927928,281.2543748412606,100.0,0.0,61.89723966519711,HAM,61.77623966519711
0.7937937937937938,281.7286744355218,100.0,0.0,61.96387875819081,HAM,61.84287875819081
0.7947947947947948,282.11840450580144,100.0,0.0,62.03041708139234,HAM,61.90941708139234
0.7957957957957957,282.39508625233003,100.0,0.0,62.09682070055921,HAM,61.97582070055921
0.7967967967967968,282.67176799885874,100.0,0.0,62.16322431972609,HAM,62.04222431972609
0.7977977977977978,282.94844974538734,100.0,0.0,62.22962793889296,HAM,62.10862793889296
0.7987987987987988,283.0,100.0,0.0,62.29603155805983,HAM,62.17503155805983
0.7997997997997998,283.0,100.0,0.0,62.3624351772267,HAM,62.2414351772267
0.8008008008008007,283.0,100.0,0.0,62.42883879639356,HAM,62.30783879639356
0.8018018018018018,282.94462760632973,100.0,0.0,62.49528937448087,HAM,62.37428937448087
0.8028028028028028,282.666964718856,100.0,0.0,62.561928467474566,HAM,62.44092846747456
0.8038038038038038,282.3893018313822,100.0,0.0,62.62856756046827,HAM,62.50756756046827
0.8048048048048048,282.1116389439085,100.0,0.0,62.69520665346197,HAM,62.57420665346197
0.8058058058058059,281.665580342247,100.0,0.0,62.762130358930364,HAM,62.64113035893036
0.8068068068068068,281.1062879546213,100.0,0.0,62.82924544544545,HAM,62.70824544544545
0.8078078078078078,280.5469955669956,100.0,0.0,62.89636053196053,HAM,62.77536053196053
0.8088088088088088,279.95585756696875,99.58379991713389,0.006306061861607859,62.96351345484679,HAM,62.84251345484679
0.8098098098098098,277.94814130369696,80.6539037205711,0.293122670900438,63.03234944101611,HAM,62.91134944101611
0.8108108108108109,275.9404250404249,61.72400752400621,0.5799392799393,63.101185427185435,HAM,62.98018542718543
0.8118118118118118,273.9327087771531,42.794111327443424,0.86675588897813,63.17002141335475,HAM,63.04902141335475
0.8128128128128128,267.8240380297988,29.341634226818933,1.0,63.24340769576161,HAM,63.12240769576161
0.8138138138138138,258.1572560214532,20.641530419307855,1.0,63.320741951828374,HAM,63.19974195182837
0.8148148148148148,248.49047401310753,11.941426611796778,1.0,63.39807620789514,HAM,63.277076207895135
0.8158158158158159,235.93144288567026,5.821907147611711,1.0,63.48239175493903,HAM,63.36139175493903
0.8168168168168168,219.57005363572515,3.095008939287523,1.0,63.57588540779586,HAM,63.45488540779586
0.8178178178178178,203.20866438578,0.368110730963334,1.0,63.66937906065269,HAM,63.548379060652685
0.8188188188188188,191.81614948281756,0.0,1.0,63.773838505171824,HAM,63.65283850517182
0.8198198198198198,181.1990736499231,0.0,1.0,63.88000926350077,HAM,63.759009263500765
0.8208208208208209,168.4801021021037,0.0,1.0,63.997732425759075,HAM,63.87673242575907
0.8218218218218218,154.3859339339359,0.0,1.0,64.12301392058724,HAM,64.00201392058725
0.8228228228228228,145.31003177090219,0.0,1.0,64.25579936458196,HAM,64.13479936458197
0.8238238238238238,138.50125487806713,0.0,1.0,64.39197490243866,HAM,64.27097490243867
0.8248248248248248,132.91813931280774,0.0,1.0,64.53695163380434,HAM,64.41595163380434
0.8258258258258259,127.52066529339285,0.0,1.0,64.68538004119821,HAM,64.56438004119822
0.8268268268268268,122.34374401950203,0.0,1.0,64.84068767941494,HAM,64.71968767941495
0.8278278278278278,120.0255998996197,0.4872000501901487,0.5127999498098512,64.99792801204563,HAM,64.87692801204564
0.8288288288288288,118.3990351220792,2.5024121948020195,0.0,65.15705789267524,HAM,65.03605789267525
0.8298298298298298,115.67552436494535,9.311189087636649,0.0,65.32046853810328,HAM,65.19946853810329
0.8308308308308309,112.87821229638085,21.608938518095705,0.0,65.48830726221715,HAM,65.36730726221715
0.8318318318318318,111.46337244323955,34.475293324296615,0.0,65.65660469318874,HAM,65.53560469318874
0.8328328328328328,112.84922968691399,44.86922265185495,0.0,65.82290756242968,HAM,65.70190756242968
0.8338338338338338,114.80471754081645,50.81258010884388,0.0,65.98537740326532,HAM,65.86437740326532
0.8348348348348348,117.82588147090112,57.91260315193098,0.0,66.1436016504309,HAM,66.0226016504309
0.8358358358358359,122.28203220157819,67.4614975748104,0.0,66.29638396119697,HAM,66.17538396119697
0.8368368368368369,127.47853734416208,70.99046104184981,0.0,66.44042766251098,HAM,66.31942766251099
0.8378378378378378,132.5173877114522,73.73912530207457,0.0,66.5816955084581,HAM,66.4606955084581
0.8388388388388388,135.89728415465814,78.56754879236875,0.0,66.71689136618633,HAM,66.59589136618634
0.8398398398398398,139.58757455712788,83.04196961122342,0.0,66.85107270669361,HAM,66.73007270669362
0.8408408408408409,146.7523659280197,83.55374042342999,0.0,66.97389770162319,HAM,66.85289770162319
0.8418418418418419,152.9340577693922,81.16448408386546,0.0,67.09682613534586,HAM,66.97582613534587
0.8428428428428428,152.41892004394748,59.01356188974118,0.0,67.22045918945261,HAM,67.09945918945262
0.8438438438438438,151.80499883216552,41.68250408742069,0.0,67.34440014014014,HAM,67.22340014014014
0.8448448448448448,150.7609863752642,45.33654768657531,0.0,67.4696816349683,HAM,67.3486816349683
0.8458458458458459,149.7131492415839,44.701216278214744,0.0,67.59542209100994,HAM,67.47442209100994
0.8468468468468469,148.655028508238,32.532827844737014,0.0,67.72239657901144,HAM,67.60139657901145
0.8478478478478478,147.17142153727815,27.071446156804626,0.0,67.85071470776332,HAM,67.72971470776332
0.8488488488488488,144.99639558540028,32.5090110364993,0.0,67.98121626487598,HAM,67.86021626487599
0.8498498498498498,144.0,36.473287958096904,0.0,68.11171782198865,HAM,67.99071782198865
0.8508508508508509,144.0,39.19207039794438,0.0,68.24221937910133,HAM,68.12121937910133
0.8518518518518519,145.12311350466115,48.98490803728929,0.0,68.37084908037289,HAM,68.2498490803729
0.8528528528528528,146.72109175502032,61.76873404016257,0.0,68.49868734040163,HAM,68.37768734040164
0.8538538538538538,149.52416618066252,66.94486054410626,0.0,68.62238734158994,HAM,68.50138734158995
0.8548548548548548,152.58204987185482,70.51239151716395,0.0,68.7452123365195,HAM,68.6242123365195
0.8558558558558559,154.7222623897782,74.87509037700096,0.0,68.8653357433867,HAM,68.7443357433867
0.8568568568568569,156.71719065137324,79.3636789655898,0.0,68.98503143908239,HAM,68.8640314390824
0.8578578578578578,158.26001251251245,79.57999582916251,0.0,69.102801001001,HAM,68.981801001001
0.8588588588588588,159.72815503002988,79.09061498999003,0.0,69.2202524024024,HAM,69.0992524024024
0.8598598598598598,163.75309034524665,79.75061806904932,0.0,69.33207416828593,HAM,69.21107416828593
0.8608608608608609,168.3590276551059,80.67180553102118,0.0,69.44261666372255,HAM,69.32161666372255
0.8618618618618619,170.8740648162613,71.09393208237194,0.29135493875376667,69.5519251853009,HAM,69.43092518530091
0.8628628628628628,172.2318844856417,55.705309162727445,0.7439614952138988,69.66055075885133,HAM,69.53955075885133
0.8638638638638638,171.56600053869144,43.72228694558043,1.0,69.7711656958163,HAM,69.6501656958163
0.8648648648648649,168.26415391294918,36.175208943883874,1.0,69.88437186584174,HAM,69.76337186584175
0.8658658658658659,165.39239156852346,31.151902107869137,0.8480978921308643,69.9984565058886,HAM,69.8774565058886
0.8668668668668669,163.45903516685433,31.635241208286416,0.3647587917135823,70.11445788998874,HAM,69.99345788998875
0.8678678678678678,161.26115346115384,34.95538615538467,0.0,70.23155386155385,HAM,70.11055386155385
0.8688688688688688,158.24957906624599,47.001683735016016,0.0,70.35201683735015,HAM,70.23101683735015
0.8698698698698699,156.25078327272422,56.8777414545348,0.0,70.4720939927269,HAM,70.3510939927269
0.8708708708708709,157.24193433940263,60.3467701879092,0.0,70.59103212072831,HAM,70.47003212072832
0.8718718718718719,158.23017183850504,63.4603436770101,0.0,70.70962062062061,HAM,70.58862062062062
0.8728728728728729,159.20893351685012,65.41786703370023,0.0,70.82707202202201,HAM,70.70607202202201
0.8738738738738738,160.5427330945402,67.8140996418103,0.0,70.9437093237816,HAM,70.82270932378161
0.8748748748748749,163.37288734517642,72.05933101776462,0.0,71.05691549380705,HAM,70.93591549380706
0.8758758758758759,166.1327291357316,76.23227598753031,0.0,71.16993056585997,HAM,71.04893056585998
0.8768768768768769,167.9828127413653,79.46992229738927,0.0,71.28047306129658,HAM,71.15947306129658
0.8778778778778779,169.83289634699898,82.70756860724823,0.0,71.39101555673318,HAM,71.27001555673318
0.8788788788788788,172.428248418873,86.23766455849736,0.0,71.49812993675492,HAM,71.37712993675493
0.8798798798798799,175.09759845072327,89.79679793429771,0.0,71.60490393802894,HAM,71.48390393802894
0.8808808808808809,179.04885228365592,91.0,0.0,71.7075204134616,HAM,71.5865204134616
0.8818818818818819,183.65478959351486,91.0,0.0,71.80801359113123,HAM,71.68701359113123
0.8828828828828829,187.44884518025876,92.00990165558217,0.0,71.90793071081552,HAM,71.78693071081553
0.8838838838838838,189.08865532198865,95.69947447447448,0.0,72.00631931931932,HAM,71.88531931931932
0.8848848848848849,190.72846546371875,99.38904729336718,0.0,72.10470792782311,HAM,71.98370792782312
0.8858858858858859,194.25050548060528,100.0,0.0,72.19901213153453,HAM,72.07801213153454
0.8868868868868869,198.14607434963986,100.0,0.0,72.29250578439135,HAM,72.17150578439136
0.8878878878878879,201.7046115426322,100.0,0.0,72.3851581100331,HAM,72.26415811003311
0.8888888888888888,204.3397391381764,100.0,0.0,72.47550534188034,HAM,72.35450534188034
0.8898898898898899,206.97486673372092,100.0,0.0,72.56585257372757,HAM,72.44485257372757
0.8908908908908909,210.19448768340203,100.0,0.0,72.65366770440164,HAM,72.53266770440165
0.8918918918918919,213.78627365898006,100.0,0.0,72.73987056781552,HAM,72.61887056781552
0.8928928928928929,217.37805963455807,100.0,0.0,72.82607343122939,HAM,72.7050734312294
0.8938938938938938,220.56688858461965,100.0,0.0,72.90945036225652,HAM,72.78845036225653
0.8948948948948949,223.6713309124101,100.0,0.0,72.9922354909976,HAM,72.8712354909976
0.8958958958958959,226.7757732402002,100.0,0.0,73.07502061973868,HAM,72.95402061973869
0.8968968968968969,228.2579296468184,100.0,0.0,73.15647577880911,HAM,73.03547577880911
0.8978978978978979,229.61378998045654,100.0,0.0,73.23782739882739,HAM,73.1168273988274
0.8988988988988988,230.96965031409468,100.0,0.0,73.31917901884567,HAM,73.19817901884568
0.8998998998998999,233.56228418097294,100.0,0.0,73.39786852542919,HAM,73.2768685254292
0.9009009009009009,236.1832359556203,100.0,0.0,73.47649707866861,HAM,73.35549707866862
0.9019019019019019,238.80418773026767,100.0,0.0,73.55512563190804,HAM,73.43412563190805
0.9029029029029029,240.19260975653248,100.0,0.0,73.63255658539195,HAM,73.51155658539196
0.9039039039039038,241.48151402431193,100.0,0.0,73.70989084145872,HAM,73.58889084145872
0.9049049049049049,242.77041829209156,100.0,0.0,73.78722509752549,HAM,73.6662250975255
0.9059059059059059,244.29745656274528,100.0,0.0,73.86327791501178,HAM,73.74227791501178
0.9069069069069069,245.87610443104376,100.0,0.0,73.9390530126901,HAM,73.8180530126901
0.9079079079079079,247.45475229934223,100.0,0.0,74.01482811036843,HAM,73.89382811036843
0.9089089089089089,249.01297723942633,100.0,0.0,74.08962290749247,HAM,73.96862290749247
0.9099099099099099,250.56042653325252,100.0,0.0,74.16390047359613,HAM,74.04290047359613
0.9109109109109109,252.10787582707852,100.0,0.0,74.23817803969978,HAM,74.11717803969978
0.9119119119119119,253.38858731778635,100.0,0.0,74.31208698542291,HAM,74.19108698542291
0.9129129129129129,254.30617639123474,100.0,0.0,74.38549411129878,HAM,74.26449411129879
0.9139139139139139,255.2237654646831,100.0,0.0,74.45890123717466,HAM,74.33790123717466
0.914914914914915,256.0801478665818,100.0,0.0,74.53222070132145,HAM,74.41122070132145
0.9159159159159159,256.60041985507087,100.0,0.0,74.60505877970992,HAM,74.48405877970993
0.9169169169169169,257.1206918435599,100.0,0.0,74.67789685809838,HAM,74.55689685809838
0.9179179179179179,257.6409638320489,100.0,0.0,74.75073493648685,HAM,74.62973493648686
0.9189189189189189,258.09369108490716,100.0,0.0,74.82348586037772,HAM,74.70248586037772
0.91991991991992,258.39601129443463,100.0,0.0,74.89604271066432,HAM,74.77504271066432
0.9209209209209209,258.69833150396204,100.0,0.0,74.96859956095089,HAM,74.8475995609509
0.9219219219219219,259.00077517241687,100.0,0.0,75.04115580965579,HAM,74.9201558096558
0.9229229229229229,259.36036614494316,100.0,0.0,75.11343359513357,HAM,74.99243359513358
0.9239239239239239,259.71995711746945,100.0,0.0,75.18571138061135,HAM,75.06471138061136
0.924924924924925,260.13222592821813,100.0,0.0,75.25786711138618,HAM,75.13686711138618
0.9259259259259259,260.729942983696,100.0,0.0,75.32959315804352,HAM,75.20859315804353
0.9269269269269269,261.3276600391738,100.0,0.0,75.40131920470085,HAM,75.28031920470086
0.9279279279279279,261.92537709465165,100.0,0.0,75.4730452513582,HAM,75.3520452513582
0.9289289289289289,262.0,100.0,0.0,75.54477129801555,HAM,75.42377129801555
0.92992992992993,262.0,100.0,0.0,75.6164973446729,HAM,75.4954973446729
0.9309309309309309,262.0,100.0,0.0,75.68822339133024,HAM,75.56722339133024
0.9319319319319319,262.0,100.0,0.0,75.75994943798759,HAM,75.63894943798759
0.9329329329329329,262.28921066186587,100.0,0.0,75.83141055884781,HAM,75.71041055884781
0.933933933933934,262.5869328453929,100.0,0.0,75.9028638828943,HAM,75.7818638828943
0.934934934934935,262.8846550289199,100.0,0.0,75.97431720694077,HAM,75.85331720694077
0.9359359359359359,263.18168638967245,100.0,0.0,76.04560473352139,HAM,75.92460473352139
0.9369369369369369,263.4782808376558,100.0,0.0,76.11678740103739,HAM,75.99578740103739
0.9379379379379379,263.77487528563915,100.0,0.0,76.1879700685534,HAM,76.0669700685534
0.938938938938939,264.14186473440856,100.0,0.0,76.25902376812904,HAM,76.13802376812905
0.93993993993994,264.7305935634883,100.0,0.0,76.32967122761859,HAM,76.2086712276186
0.9409409409409409,265.319322392568,100.0,0.0,76.40031868710815,HAM,76.27931868710816
0.9419419419419419,265.90805122164767,100.0,0.0,76.47096614659772,HAM,76.34996614659772
0.9429429429429429,266.24745972564324,100.0,0.0,76.54139033415437,HAM,76.42039033415438
0.943943943943944,266.54072165173915,100.0,0.0,76.61177319641739,HAM,76.4907731964174
0.944944944944945,266.833983577835,100.0,0.0,76.6821560586804,HAM,76.56115605868041
0.9459459459459459,267.501469366045,100.0,0.0,76.75208816196269,HAM,76.6310881619627
0.9469469469469469,268.65720271316826,100.0,0.0,76.82143216279009,HAM,76.7004321627901
0.9479479479479479,269.81293606029146,100.0,0.0,76.89077616361749,HAM,76.7697761636175
0.948948948948949,270.96866940741484,100.0,0.0,76.96012016444489,HAM,76.83912016444489
0.94994994994995,271.2800672302204,100.0,0.2800672302204113,77.0292161352529,HAM,76.9082161352529
0.950950950950951,271.5679383120866,100.0,0.5679383120865776,77.09830519490077,HAM,76.97730519490078
0.9519519519519519,271.85580939395277,100.0,0.855809393952744,77.16739425454865,HAM,77.04639425454866
0.9529529529529529,268.5608641307984,85.4618347347387,1.0,77.23951784584584,HAM,77.11851784584584
0.953953953953954,261.67038191524875,56.33388718718796,1.0,77.31468674274274,HAM,77.19368674274274
0.954954954954955,254.77989969969988,27.205939639640448,1.0,77.38985563963963,HAM,77.26885563963964
0.955955955955956,245.15709868522424,6.192849780870706,1.0,77.46967372179871,HAM,77.34867372179872
0.9569569569569569,229.34633311195898,3.557722185326496,1.0,77.56002095364595,HAM,77.43902095364595
0.9579579579579579,213.53556753869373,0.9225945897822863,1.0,77.65036818549318,HAM,77.52936818549318
0.958958958958959,202.28545136045102,0.0,1.0,77.74730912730914,HAM,77.62630912730914
0.95995995995996,193.49229831435667,0.0,1.0,77.84780230497879,HAM,77.72680230497879
0.960960960960961,183.97065672084238,0.0,1.0,77.95216721015494,HAM,77.83116721015494
0.9619619619619619,172.393446427921,0.0,1.0,78.06745692932195,HAM,77.94645692932195
0.9629629629629629,162.03466674735802,0.0,1.0,78.1841679980634,HAM,78.0631679980634
0.963963963963964,156.91695862529187,0.0,1.0,78.30699299299299,HAM,78.185992992993
0.964964964964965,152.50680624696278,0.12329843825930696,1.0,78.43059162518223,HAM,78.30959162518224
0.965965965965966,150.40476774313464,0.6488080642163367,1.0,78.55671393541192,HAM,78.43571393541193
0.9669669669669669,147.1314146880696,1.0,0.8131414688069608,78.68584604748634,HAM,78.56484604748634
0.9679679679679679,141.49825394939336,1.0,0.24982539493933542,78.82104190521456,HAM,78.70004190521456
0.968968968968969,137.37405953839396,12.706771323563462,0.0,78.9590451421571,HAM,78.8380451421571
0.96996996996997,134.45238288661778,33.74284321635188,0.0,79.09928562144235,HAM,78.97828562144235
0.970970970970971,134.49020054004626,43.37260702060146,0.0,79.23864812961111,HAM,79.11764812961111
0.9719719719719719,135.13836506823137,50.96855547761952,0.0,79.37760380818777,HAM,79.25660380818778
0.9729729729729729,136.28144440060504,58.97011080423522,0.0,79.51477332807261,HAM,79.39377332807261
0.973973973973974,138.02393928553002,65.63830285684806,0.0,79.65014908570544,HAM,79.52914908570544
0.974974974974975,140.7810144357978,70.0496230972765,0.0,79.78248869291829,HAM,79.6614886929183
0.975975975975976,144.32969302636036,74.32969302636037,0.0,79.9108907907908,HAM,79.7898907907908
0.9769769769769769,148.50574285396542,78.50574285396542,0.0,80.03617228561896,HAM,79.91517228561897
0.9779779779779779,152.54600571035195,82.54600571035195,0.0,80.15738017131056,HAM,80.03638017131057
0.978978978978979,156.51060997706642,86.51060997706642,0.0,80.276318299312,HAM,80.155318299312
0.97997997997998,160.63454689719723,91.51272919626295,0.0,80.39125458392526,HAM,80.27025458392527
0.980980980980981,164.85435772598973,97.13914363465298,0.0,80.50378287269307,HAM,80.38278287269307
0.9819819819819819,169.97692208783386,100.0,0.0,80.61203295007716,HAM,80.49103295007717
0.9829829829829829,176.0333479427865,100.0,0.0,80.71585739330492,HAM,80.59485739330492
0.983983983983984,181.596369032172,100.0,0.0,80.81889107096517,HAM,80.69789107096517
0.984984984984985,184.91069429217612,100.0,0.0,80.91832082876529,HAM,80.7973208287653
0.985985985985986,188.22501955218024,100.0,0.0,81.0177505865654,HAM,80.8967505865654
0.986986986986987,192.58161320524513,100.0,0.0,81.1126322641049,HAM,80.99163226410491
0.9879879879879879,197.2562958480868,100.0,0.0,81.20612591696174,HAM,81.08512591696174
0.988988988988989,201.7390469063062,100.0,0.0,81.29873712575136,HAM,81.17773712575136
0.98998998998999,205.44999165832513,100.0,0.0,81.38779979979981,HAM,81.26679979979981
0.990990990990991,209.16093641034408,100.0,0.0,81.47686247384826,HAM,81.35586247384826
0.991991991991992,212.08754301847594,100.0,0.0,81.56468297790879,HAM,81.4436829779088
0.992992992992993,214.24356239521558,100.0,0.0,81.65128308954115,HAM,81.53028308954116
0.993993993993994,216.39958177195496,100.0,0.0,81.73788320117353,HAM,81.61688320117354
0.994994994994995,217.77039084539084,100.0,0.0,81.82363126763127,HAM,81.70263126763128
0.995995995995996,218.83813085813082,100.0,0.0,81.90905046865046,HAM,81.78805046865047
0.996996996996997,219.9058708708708,100.0,0.0,81.99446966966966,HAM,81.87346966966966
0.997997997997998,222.5051975952562,100.0,0.0,82.07715592785769,HAM,81.9561559278577
0.998998998998999,225.2525987976281,100.0,0.0,82.15957796392884,HAM,82.03857796392884
1.0,228.0,100.0,0.0,82.242,HAM,82.12100000000001
0.0,238.0,100.0,0.0,0.03,VER,0.0
0.001001001001001001,238.99673044100345,100.0,0.0,0.07784306116816611,VER,0.04784306116816611
0.002002002002002002,240.60560079970236,100.0,0.0,0.15506883838571278,VER,0.12506883838571278
0.003003003003003003,242.21447115840124,100.0,0.0,0.23229461560325945,VER,0.20229461560325945
0.004004004004004004,243.96420235496547,100.0,0.0,0.3085680941986182,VER,0.27856809419861817
0.005005005005005005,245.84832523286343,100.0,0.0,0.3839330093145375,VER,0.35393300931453753
0.006006006006006006,247.73244811076142,100.0,0.0,0.45929792443045686,VER,0.4292979244304569
0.007007007007007007,249.40454855382396,100.0,0.0,0.5342729132294377,VER,0.5042729132294377
0.008008008008008008,250.64077146975706,100.0,0.0,0.6084462881854225,VER,0.5784462881854224
0.009009009009009009,251.87699438569013,100.0,0.0,0.6826196631414072,VER,0.6526196631414072
0.01001001001001001,253.1387789598385,100.0,0.0,0.7566613900722485,VER,0.7266613900722485
0.011011011011011011,254.6541103441944,100.0,0.0,0.8293972965213317,VER,0.7993972965213316
0.012012012012012012,256.1694417285503,100.0,0.0,0.9021332029704148,VER,0.8721332029704147
0.013013013013013013,257.6847731129062,100.0,0.0,0.9748691094194979,VER,0.9448691094194979
0.014014014014014014,258.71178611561754,100.0,0.0,1.0469428892494037,VER,1.0169428892494037
0.015015015015015015,259.6105343849597,100.0,0.0,1.1188427507967758,VER,1.0888427507967757
0.016016016016016016,260.50928265430184,100.0,0.0,1.1907426123441476,VER,1.1607426123441476
0.017017017017017015,261.5380712519578,100.0,0.0,1.2621497573044773,VER,1.2321497573044773
0.018018018018018018,262.72325251753693,100.0,0.0,1.332964337922832,VER,1.302964337922832
0.01901901901901902,263.9084337831161,100.0,0.0,1.4037789185411866,VER,1.3737789185411866
0.02002002002002002,265.0918387408475,100.0,0.0,1.474510324450849,VER,1.444510324450849
0.02102102102102102,266.25453166921574,100.0,0.0,1.5442719001529455,VER,1.5142719001529454
0.022022022022022022,267.41722459758404,100.0,0.0,1.6140334758550419,VER,1.5840334758550418
0.023023023023023025,268.5799175259523,100.0,0.0,1.6837950515571385,VER,1.6537950515571385
0.024024024024024024,269.55081492337933,100.0,0.0,1.7530651938703463,VER,1.7230651938703463
0.025025025025025023,270.41321675535835,100.0,0.0,1.8220573404286697,VER,1.7920573404286697
0.026026026026026026,271.2756185873374,100.0,0.0,1.8910494869869932,VER,1.8610494869869931
0.02702702702702703,272.18136016451245,100.0,0.0,1.9598816098707468,VER,1.9298816098707468
0.028028028028028028,273.31456450411775,100.0,0.0,2.0278738702470642,VER,1.9978738702470642
0.029029029029029027,274.44776884372305,100.0,0.0,2.095866130623382,VER,2.065866130623382
0.03003003003003003,275.58097318332835,100.0,0.0,2.1638583909996996,VER,2.1338583909996998
0.031031031031031032,276.5298736460475,100.0,0.0,2.231389891683802,VER,2.201389891683802
0.03203203203203203,277.37063815607723,100.0,0.0,2.2986510524861807,VER,2.268651052486181
0.03303303303303303,278.211402666107,100.0,0.0,2.3659122132885595,VER,2.3359122132885597
0.03403403403403403,279.0206889014103,100.0,0.0,2.4331584691834705,VER,2.4031584691834706
0.035035035035035036,279.35412642564387,100.0,0.0,2.5001794115544143,VER,2.4701794115544145
0.036036036036036036,279.6875639498774,100.0,0.0,2.5672003539253576,VER,2.537200353925358
0.037037037037037035,280.0175261412065,100.0,0.0,2.6342062738895526,VER,2.604206273889553
0.03803803803803804,280.2957862815366,100.0,0.0,2.700988707568783,VER,2.670988707568783
0.03903903903903904,280.57404642186674,100.0,0.0,2.767771141248012,VER,2.7377711412480124
0.04004004004004004,280.8523065621968,100.0,0.0,2.834553574927242,VER,2.804553574927242
0.04104104104104104,281.641420339337,100.0,0.0,2.9007881762881773,VER,2.8707881762881775
0.04204204204204204,283.0083976021476,100.0,0.0,2.966403084903086,VER,2.936403084903086
0.043043043043043044,284.37537486495825,100.0,0.0,3.032017993517995,VER,3.0020179935179954
0.044044044044044044,285.74235212776887,100.0,0.0,3.0976329021329043,VER,3.0676329021329045
0.04504504504504504,286.22109282627576,100.0,0.0,3.1630622783061835,VER,3.1330622783061837
0.04604604604604605,286.4935356814422,100.0,0.0,3.2284485635461286,VER,3.198448563546129
0.04704704704704705,286.76597853660866,100.0,0.0,3.2938348487860734,VER,3.2638348487860736
0.04804804804804805,287.0763109995809,100.0,0.0,3.359157319949713,VER,3.3291573199497133
0.04904904904904905,287.6174258745482,100.0,0.0,3.42409110494578,VER,3.39409110494578
0.050050050050050046,288.1585407495154,100.0,0.0,3.489024889941847,VER,3.459024889941847
0.05105105105105105,288.6996556244826,100.0,0.0,3.553958674937915,VER,3.5239586749379153
0.05205205205205205,289.11997012817415,100.0,0.0,3.618792830761797,VER,3.5887928307617973
0.05305305305305305,289.3895946089768,100.0,0.0,3.683502706154432,VER,3.6535027061544323
0.05405405405405406,289.65921908977947,100.0,0.0,3.7482125815470675,VER,3.7182125815470677
0.055055055055055056,289.9288435705821,100.0,0.0,3.8129224569397024,VER,3.7829224569397026
0.056056056056056056,290.0,80.1531948615266,0.19846805138473408,3.8776323323323365,VER,3.8476323323323367
0.057057057057057055,290.0,53.19074678126277,0.4680925321873723,3.9423422077249697,VER,3.91234220772497
0.058058058058058054,290.0,26.22829870099895,0.7377170129900106,4.007052083117602,VER,3.9770520831176026
0.05905905905905906,289.6886394134579,0.0,1.0,4.07201963623703,VER,4.04201963623703
0.06006006006006006,278.25357744107697,0.0,1.0,4.146193011193015,VER,4.1161930111930145
0.06106106106106106,266.81851546869603,0.0,1.0,4.220366386148998,VER,4.190366386148998
0.062062062062062065,255.38345349631496,0.0,1.0,4.294539761104984,VER,4.264539761104984
0.06306306306306306,246.8106569069065,0.0,1.0,4.374584449667062,VER,4.344584449667062
0.06406406406406406,238.99154696363,0.0,1.0,4.456175162118643,VER,4.426175162118643
0.06506506506506507,231.17243702035347,0.0,1.0,4.5377658745702245,VER,4.507765874570224
0.06606606606606606,221.52875019627453,0.0,1.0,4.628196152034389,VER,4.598196152034388
0.06706706706706707,211.56321791562777,0.0,1.0,4.720185680778821,VER,4.6901856807788205
0.06806806806806806,203.07917893837575,0.0,1.0,4.813439081568617,VER,4.783439081568617
0.06906906906906907,199.25933248200076,0.0,1.0,4.910671536821799,VER,4.880671536821799
0.07007007007007007,195.43948602562574,0.0,1.0,5.007903992074981,VER,4.977903992074981
0.07107107107107107,191.61793457860017,0.15356282459997947,1.0,5.106855077903996,VER,5.076855077903995
0.07207207207207207,187.79336993243226,0.5785144519519728,1.0,5.208843468468474,VER,5.178843468468473
0.07307307307307308,183.9710109730941,1.0362362836323722,0.9963763716367627,5.310869670807176,VER,5.280869670807176
0.07407407407407407,180.4168700897867,5.478912387766621,0.552108761223338,5.417493897306398,VER,5.387493897306398
0.07507507507507508,176.86272920647926,9.92158849190093,0.10784115080990686,5.524118123805622,VER,5.494118123805622
0.07607607607607608,174.2686825470695,24.504276132858028,0.0,5.633103237740665,VER,5.603103237740664
0.07707707707707707,171.98239308997103,42.337333898226,0.0,5.742845131681391,VER,5.712845131681391
0.07807807807807808,171.0,52.86857200768029,0.0,5.852587025622116,VER,5.8225870256221155
0.07907907907907907,171.0,57.898408813296676,0.0,5.962328919562837,VER,5.932328919562837
0.08008008008008008,171.34653704764494,63.599027857337006,0.0,6.071584445717392,VER,6.041584445717392
0.08108108108108109,172.2504803936885,70.37860295266364,0.0,6.180057647242618,VER,6.150057647242618
0.08208208208208208,173.4477425749772,77.49247524992403,0.0,6.287909702999088,VER,6.257909702999088
0.08308308308308308,176.0686732822208,86.22891094073601,0.0,6.392746931288832,VER,6.362746931288831
0.08408408408408408,178.68960398946436,94.96534663154789,0.0,6.497584159578574,VER,6.467584159578574
0.08508508508508508,182.12612026236368,97.25044810494546,0.0,6.597531367346183,VER,6.567531367346183
0.08608608608608609,185.6722018692918,98.66888074771671,0.0,6.69682165234017,VER,6.66682165234017
0.08708708708708708,189.14809694309687,100.0,0.0,6.795923877723875,VER,6.765923877723875
0.08808808808808809,191.55397692564352,100.0,0.0,6.892159077025741,VER,6.862159077025741
0.0890890890890891,193.95985690819018,100.0,0.0,6.9883942763276075,VER,6.958394276327607
0.09009009009009009,196.53814427050807,100.0,0.0,7.082736374988849,VER,7.052736374988848
0.09109109109109109,199.24773682510894,100.0,0.0,7.175636691146592,VER,7.145636691146592
0.0920920920920921,201.95732937970982,100.0,0.0,7.268537007304336,VER,7.238537007304336
0.09309309309309309,205.6301767569457,100.0,0.0,7.357124242166696,VER,7.327124242166696
0.0940940940940941,209.31843616415168,100.0,0.0,7.44564246793964,VER,7.41564246793964
0.09509509509509509,212.6821626611391,100.0,0.0,7.533388434096198,VER,7.503388434096197
0.0960960960960961,215.1814215471179,100.0,0.0,7.619077310186899,VER,7.589077310186899
0.0970970970970971,217.68068043309668,100.0,0.0,7.704766186277601,VER,7.6747661862776
0.0980980980980981,220.1433925260068,100.0,0.0,7.78920202946309,VER,7.75920202946309
0.0990990990990991,222.5652407385262,100.0,0.0,7.872236825320898,VER,7.842236825320898
0.10010010010010009,224.98708895104554,100.0,0.0,7.955271621178705,VER,7.925271621178704
0.1011011011011011,226.98872015887366,100.0,0.0,8.037260823594162,VER,8.007260823594162
0.1021021021021021,228.68824957109481,100.0,0.0,8.118498329498332,VER,8.088498329498332
0.1031031031031031,230.38777898331594,100.0,0.0,8.199735835402501,VER,8.169735835402502
0.1041041041041041,232.05983773321347,100.0,0.0,8.279872211194245,VER,8.249872211194246
0.10510510510510511,233.71642882289075,100.0,0.0,8.359388583498754,VER,8.329388583498755
0.1061061061061061,235.373019912568,100.0,0.0,8.438904955803263,VER,8.408904955803264
0.10710710710710711,237.39993199646844,100.0,0.0,8.516997668450346,VER,8.486997668450346
0.10810810810810811,239.6523504986469,100.0,0.0,8.594223445667893,VER,8.564223445667894
0.1091091091091091,241.90476900082535,100.0,0.0,8.67144922288544,VER,8.641449222885441
0.11011011011011011,243.0,100.0,0.0,8.748675000102986,VER,8.718675000102987
0.1111111111111111,243.0,100.0,0.0,8.825900777320534,VER,8.795900777320535
0.11211211211211211,243.0,100.0,0.0,8.90312655453808,VER,8.87312655453808
0.11311311311311312,243.6138229191385,100.0,0.0,8.97984460168671,VER,8.94984460168671
0.11411411411411411,245.12576634886145,100.0,0.0,9.055819759030287,VER,9.025819759030288
0.11511511511511512,246.6377097785844,100.0,0.0,9.131794916373867,VER,9.101794916373867
0.11611611611611611,248.4100008110878,100.0,0.0,9.206400032443511,VER,9.176400032443512
0.11711711711711711,250.26433518498735,100.0,0.0,9.280573407399494,VER,9.250573407399495
0.11811811811811812,252.11866955888692,100.0,0.0,9.354746782355477,VER,9.324746782355477
0.11911911911911911,253.16152886810696,100.0,0.0,9.428766928345667,VER,9.398766928345667
0.12012012012012012,253.4693678422517,100.0,0.0,9.502648282140406,VER,9.472648282140407
0.12112112112112113,253.77720681639644,100.0,0.0,9.576529635935147,VER,9.546529635935148
0.12212212212212212,254.16876274060516,100.0,0.0,9.650251528872621,VER,9.620251528872622
0.12312312312312312,254.77963070492368,100.0,0.0,9.72355568459084,VER,9.69355568459084
0.12412412412412413,255.39049866924216,100.0,0.0,9.79685984030906,VER,9.76685984030906
0.12512512512512514,256.0006806579602,100.0,0.0,9.870163357910442,VER,9.840163357910443
0.12612612612612611,256.30492618104483,100.0,0.0,9.943182283450767,VER,9.913182283450768
0.12712712712712712,256.60917170412955,100.0,0.0,10.016201208991093,VER,9.986201208991094
0.12812812812812813,256.91341722721427,100.0,0.0,10.08922013453142,VER,10.05922013453142
0.12912912912912913,257.43196391372067,100.0,0.0,10.16183566964648,VER,10.131835669646481
0.13013013013013014,258.03575618733277,100.0,0.0,10.234290742479931,VER,10.204290742479932
0.13113113113113112,258.6395484609448,100.0,0.0,10.306745815313379,VER,10.27674581531338
0.13213213213213212,259.4792794695836,100.0,0.0,10.378756768175016,VER,10.348756768175017
0.13313313313313313,260.66849771190704,100.0,0.0,10.450109862714424,VER,10.420109862714424
0.13413413413413414,261.8577159542305,100.0,0.0,10.52146295725383,VER,10.49146295725383
0.13513513513513514,263.0232899881013,100.0,0.0,10.592794798572157,VER,10.562794798572158
0.13613613613613612,263.61341149325426,100.0,0.0,10.663609379190511,VER,10.633609379190512
0.13713713713713713,264.20353299840724,100.0,0.0,10.734423959808867,VER,10.704423959808867
0.13813813813813813,264.79365450356016,100.0,0.0,10.805238540427222,VER,10.775238540427223
0.13913913913913914,265.75613860452773,100.0,0.0,10.875368316271665,VER,10.845368316271665
0.14014014014014015,266.918831532896,100.0,0.0,10.94512989197376,VER,10.915129891973761
0.14114114114114115,268.0815244612642,100.0,0.0,11.014891467675854,VER,10.984891467675855
0.14214214214214213,269.0608282201955,100.0,0.0,11.084598772846919,VER,11.05459877284692
0.14314314314314314,269.3504248847613,100.0,0.0,11.154101972342712,VER,11.124101972342713
0.14414414414414414,269.6400215493271,100.0,0.0,11.223605171838505,VER,11.193605171838506
0.14514514514514515,269.9296182138929,100.0,0.0,11.293108371334299,VER,11.2631083713343
0.14614614614614616,270.2184059674681,100.0,0.0,11.362417432192341,VER,11.332417432192342
0.14714714714714713,270.5069340096554,100.0,0.0,11.431664162317299,VER,11.4016641623173
0.14814814814814814,270.7954620518427,100.0,0.0,11.500910892442258,VER,11.470910892442259
0.14914914914914915,271.0836813069197,100.0,0.0,11.570083513660721,VER,11.540083513660722
0.15015015015015015,271.37114858424604,100.0,0.0,11.639075660219044,VER,11.609075660219045
0.15115115115115116,271.65861586157234,100.0,0.0,11.708067806777368,VER,11.678067806777369
0.15215215215215216,271.9460831388987,100.0,0.0,11.77705995333569,VER,11.747059953335691
0.15315315315315314,272.23269492019494,100.0,0.0,11.84584678084678,VER,11.815846780846782
0.15415415415415415,272.5191092038314,100.0,0.0,11.914586208919543,VER,11.884586208919544
0.15515515515515516,272.80552348746795,100.0,0.0,11.983325636992303,VER,11.953325636992304
0.15615615615615616,273.0,100.0,0.0,12.052065065065065,VER,12.022065065065066
0.15715715715715717,273.0,100.0,0.0,12.120804493137827,VER,12.090804493137828
0.15815815815815815,273.0,100.0,0.0,12.18954392121059,VER,12.15954392121059
0.15915915915915915,273.0,100.0,0.0,12.258283349283351,VER,12.228283349283352
0.16016016016016016,273.23672777095834,100.0,0.0,12.326814665029996,VER,12.296814665029997
0.16116116116116116,273.5220967469903,100.0,0.0,12.395303219277675,VER,12.365303219277676
0.16216216216216217,273.8074657230223,100.0,0.0,12.463791773525353,VER,12.433791773525353
0.16316316316316315,274.09249711833047,100.0,0.0,12.53219930839931,VER,12.50219930839931
0.16416416416416416,274.3768283889951,100.0,0.0,12.600438813358814,VER,12.570438813358814
0.16516516516516516,274.66115965965963,100.0,0.0,12.668678318318317,VER,12.638678318318318
0.16616616616616617,274.94549093032424,100.0,0.0,12.736917823277821,VER,12.706917823277822
0.16716716716716717,275.0,100.0,0.0,12.805157328237327,VER,12.775157328237327
0.16816816816816815,275.0,100.0,0.0,12.873396833196832,VER,12.843396833196833
0.16916916916916916,275.0,100.0,0.0,12.941636338156338,VER,12.911636338156338
0.17017017017017017,275.1644361268609,100.0,0.0,13.00973233522331,VER,12.97973233522331
0.17117117117117117,275.7289928014657,100.0,0.0,13.077479136175887,VER,13.047479136175888
0.17217217217217218,276.29354947607055,100.0,0.0,13.145225937128465,VER,13.115225937128466
0.17317317317317318,276.8581061506753,100.0,0.0,13.212972738081042,VER,13.182972738081043
0.17417417417417416,277.0,100.0,0.0,13.280719539033617,VER,13.250719539033618
0.17517517517517517,277.0,100.0,0.0,13.348466339986196,VER,13.318466339986196
0.17617617617617617,277.0,100.0,0.0,13.416213140938773,VER,13.386213140938773
0.17717717717717718,277.11549892186093,100.0,0.0,13.483859870623311,VER,13.453859870623312
0.1781781781781782,277.67600859521406,100.0,0.0,13.55112103142569,VER,13.521121031425691
0.17917917917917917,278.23651826856724,100.0,0.0,13.618382192228069,VER,13.58838219222807
0.18018018018018017,278.7970279419204,100.0,0.0,13.685643353030448,VER,13.655643353030449
0.18118118118118118,279.1781303476095,100.0,0.0,13.752751283426282,VER,13.722751283426282
0.18218218218218218,279.4573842741551,100.0,0.0,13.819772225797223,VER,13.789772225797224
0.1831831831831832,279.73663820070067,100.0,0.0,13.886793168168166,VER,13.856793168168167
0.1841841841841842,280.03155883424796,100.0,0.0,13.953787060109752,VER,13.923787060109753
0.18518518518518517,280.5861056387356,100.0,0.0,14.020332676648275,VER,13.990332676648276
0.18618618618618618,281.14065244322336,100.0,0.0,14.0868782931868,VER,14.0568782931868
0.1871871871871872,281.69519924771106,100.0,0.0,14.153423909725324,VER,14.123423909725325
0.1881881881881882,282.3706757195792,100.0,0.0,14.219654057566336,VER,14.189654057566337
0.1891891891891892,283.19373992413466,100.0,0.0,14.285499193930772,VER,14.255499193930772
0.19019019019019018,284.01680412869007,100.0,0.0,14.351344330295206,VER,14.321344330295206
0.19119119119119118,284.83986833324553,100.0,0.0,14.417189466659641,VER,14.387189466659642
0.1921921921921922,285.43887519924107,100.0,0.0,14.482665023908925,VER,14.452665023908926
0.1931931931931932,285.9837609095739,100.0,0.0,14.54805130914887,VER,14.51805130914887
0.1941941941941942,286.5286466199068,100.0,0.0,14.613437594388813,VER,14.583437594388814
0.19519519519519518,287.03679180400763,100.0,0.0,14.678793241157821,VER,14.648793241157822
0.1961961961961962,287.3094246472181,100.0,0.0,14.743952490685126,VER,14.713952490685127
0.1971971971971972,287.5820574904286,100.0,0.0,14.809111740212433,VER,14.779111740212434
0.1981981981981982,287.85469033363904,100.0,0.0,14.874270989739738,VER,14.844270989739739
0.1991991991991992,288.12635393467286,100.0,0.0,14.939324944321482,VER,14.909324944321483
0.20020020020020018,288.39691137215647,100.0,0.0,15.004258729317549,VER,14.97425872931755
0.2012012012012012,288.66746880964007,100.0,0.0,15.069192514313619,VER,15.03919251431362
0.2022022022022022,288.9380262471237,100.0,0.0,15.134126299309687,VER,15.104126299309687
0.2032032032032032,289.2078644305225,100.0,0.0,15.198887463325391,VER,15.168887463325392
0.2042042042042042,289.4774889113251,100.0,0.0,15.263597338718025,VER,15.233597338718026
0.20520520520520522,289.74711339212774,100.0,0.0,15.328307214110659,VER,15.29830721411066
0.2062062062062062,290.03324645993024,100.0,0.0,15.392989575191626,VER,15.362989575191627
0.2072072072072072,290.5688019354971,100.0,0.0,15.457256232259653,VER,15.427256232259653
0.2082082082082082,291.10435741106403,100.0,0.0,15.52152288932768,VER,15.491522889327682
0.2092092092092092,291.6399128866309,100.0,0.0,15.585789546395707,VER,15.555789546395708
0.21021021021021022,292.1043996979507,100.0,0.0,15.649984339288093,VER,15.619984339288093
0.2112112112112112,292.42304306581894,100.0,0.0,15.714031656229606,VER,15.684031656229607
0.2122122122122122,292.74168643368716,100.0,0.0,15.778078973171123,VER,15.748078973171124
0.2132132132132132,293.0503543509496,100.0,0.0,15.842085044227902,VER,15.812085044227903
0.21421421421421422,293.3163104714692,100.0,0.0,15.90591451315261,VER,15.87591451315261
0.21521521521521522,293.5822665919888,100.0,0.0,15.969743982077317,VER,15.939743982077317
0.21621621621621623,293.8482227125084,100.0,0.0,16.033573451002024,VER,16.003573451002023
0.2172172172172172,294.226814708853,100.0,0.0,16.09721776506236,VER,16.06721776506236
0.2182182182182182,294.75513294826357,100.0,0.0,16.16061595379163,VER,16.13061595379163
0.21921921921921922,295.2834511876742,100.0,0.0,16.2240141425209,VER,16.1940141425209
0.22022022022022023,295.8117694270848,100.0,0.0,16.287412331250174,VER,16.257412331250173
0.22122122122122123,296.0,100.0,0.0,16.350810519979444,VER,16.320810519979442
0.2222222222222222,296.0,100.0,0.0,16.41420870870871,VER,16.38420870870871
0.22322322322322322,296.0,100.0,0.0,16.47760689743798,VER,16.44760689743798
0.22422422422422422,296.0,100.0,0.0,16.54100508616725,VER,16.51100508616725
0.22522522522522523,296.119221738517,100.0,0.0,16.604306608622043,VER,16.57430660862204
0.22622622622622623,296.6439942179316,100.0,0.0,16.66727930615179,VER,16.63727930615179
0.2272272272272272,297.16876669734614,100.0,0.0,16.73025200368153,VER,16.70025200368153
0.22822822822822822,297.6935391767607,100.0,0.0,16.79322470121128,VER,16.76322470121128
0.22922922922922923,298.1087907584284,100.0,0.0,16.856109782022827,VER,16.826109782022826
0.23023023023023023,298.37029945218353,100.0,0.0,16.918871868524043,VER,16.888871868524042
0.23123123123123124,298.6318081459386,100.0,0.0,16.981633955025263,VER,16.95163395502526
0.23223223223223222,298.8933168396937,100.0,0.0,17.044396041526475,VER,17.014396041526474
0.23323323323323322,299.0,100.0,0.0,17.107158128027695,VER,17.077158128027694
0.23423423423423423,299.0,100.0,0.0,17.16992021452891,VER,17.13992021452891
0.23523523523523523,299.0,100.0,0.0,17.232682301030128,VER,17.202682301030126
0.23623623623623624,299.0,100.0,0.0,17.295444387531347,VER,17.265444387531346
0.23723723723723725,299.0340796629963,100.0,0.0,17.35817911911912,VER,17.32817911911912
0.23823823823823823,299.29471666110555,100.0,0.0,17.42073199866533,VER,17.39073199866533
0.23923923923923923,299.55535365921475,100.0,0.0,17.483284878211546,VER,17.453284878211544
0.24024024024024024,299.815990657324,100.0,0.0,17.54583775775776,VER,17.515837757757758
0.24124124124124124,300.0,100.0,0.0,17.608390637303973,VER,17.578390637303972
0.24224224224224225,300.0,100.0,0.0,17.670943516850187,VER,17.640943516850186
0.24324324324324323,300.0,100.0,0.0,17.7334963963964,VER,17.7034963963964
0.24424424424424424,300.0,100.0,0.0,17.796049275942615,VER,17.766049275942613
0.24524524524524524,300.1187797154852,100.0,0.0,17.85850713171644,VER,17.82850713171644
0.24624624624624625,300.3785508099462,100.0,0.0,17.920852194387084,VER,17.890852194387083
0.24724724724724725,300.6383219044072,100.0,0.0,17.98319725705773,VER,17.953197257057727
0.24824824824824826,300.8980929988682,100.0,0.0,18.045542319728373,VER,18.01554231972837
0.24924924924924924,299.70260499407243,83.78256242590538,0.16217437574094615,18.108921850177826,VER,18.078921850177824
0.2502502502502503,297.5676944293552,57.09618036694014,0.4290381963305986,18.172969167119344,VER,18.142969167119343
0.25125125125125125,295.4327838646381,30.409798307976374,0.6959020169202362,18.237016484060856,VER,18.207016484060855
0.25225225225225223,293.29787329992104,3.723416249012601,0.9627658375098739,18.301063801002368,VER,18.271063801002366
0.25325325325325326,285.32530534336564,0.0,1.0,18.371397557253076,VER,18.341397557253075
0.25425425425425424,276.4061685259402,0.0,1.0,18.44275065179248,VER,18.41275065179248
0.2552552552552553,267.48703170851417,0.0,1.0,18.514103746331887,VER,18.484103746331886
0.25625625625625625,255.1935585509401,0.0,1.0,18.592580589722147,VER,18.562580589722145
0.25725725725725723,239.4839312676447,0.0,1.0,18.678269465812846,VER,18.648269465812845
0.25825825825825827,223.77430398434836,0.0,1.0,18.763958341903553,VER,18.733958341903552
0.25925925925925924,212.61303067523258,0.0,1.0,18.856646636432355,VER,18.826646636432354
0.2602602602602603,203.4375445173058,0.0,1.0,18.95239083981942,VER,18.922390839819418
0.26126126126126126,194.50233070148778,0.0,1.0,19.049968923980163,VER,19.019968923980162
0.26226226226226224,186.5953655903094,0.0,1.0,19.15539512546254,VER,19.12539512546254
0.26326326326326327,178.6884004791306,0.0,1.0,19.260821326944924,VER,19.230821326944923
0.26426426426426425,167.9330843664175,0.0,1.0,19.3798208978209,VER,19.349820897820898
0.2652652652652653,156.90613444641147,0.0,1.0,19.50011489694824,VER,19.47011489694824
0.26626626626626626,150.55569926248074,0.0,1.0,19.628784743364058,VER,19.598784743364057
0.26726726726726724,144.5118222389058,0.0,1.0,19.75901251251251,VER,19.729012512512508
0.2682682682682683,136.81118365840558,0.0,1.0,19.90117814784482,VER,19.87117814784482
0.26926926926926925,130.35701147814464,0.0,1.0,20.04633103503504,VER,20.016331035035037
0.2702702702702703,125.97830990990956,0.0,1.0,20.19645794594596,VER,20.166457945945957
0.27127127127127126,122.46994668279383,0.0,1.0,20.351442559225895,VER,20.321442559225893
0.27227227227227224,118.82843669628346,0.0,0.8326338137547808,20.510167884698852,VER,20.48016788469885
0.2732732732732733,113.98474027124472,0.0,0.1406771816063873,20.676237476414467,VER,20.646237476414466
0.27427427427427425,112.44379841150673,0.5562015884932635,0.0,20.843488381238384,VER,20.813488381238383
0.2752752752752753,110.10095484373235,11.037810111700422,0.0,21.015110119643463,VER,20.985110119643462
0.27627627627627627,105.03134162199578,38.04701243299367,0.0,21.193760994639494,VER,21.163760994639492
0.2772772772772773,106.4928574992439,40.239286248865845,0.0,21.369142899909267,VER,21.339142899909266
0.2782782782782783,108.39834395064538,50.32229300430255,0.0,21.541401401401416,VER,21.511401401401415
0.27927927927927926,111.64236736736774,63.46355105105161,0.0,21.708416816816825,VER,21.678416816816824
0.2802802802802803,118.15829232009817,73.23743848014726,0.0,21.864799015682355,VER,21.834799015682353
0.28128128128128127,123.91329818190302,80.34810909100335,0.0,22.01335461818408,VER,21.98335461818408
0.2822822822822823,129.45370614897146,86.09074122979429,0.0,22.158119493594327,VER,22.128119493594326
0.2832832832832833,136.1704332558338,87.43408665116677,0.0,22.29312570844226,VER,22.26312570844226
0.28428428428428426,143.40760443885443,91.52608355108354,0.0,22.42052167102167,VER,22.39052167102167
0.2852852852852853,151.0236206173709,97.61889649389673,0.0,22.542377929877937,VER,22.512377929877935
0.2862862862862863,156.07102627990315,100.0,0.0,22.661006615310963,VER,22.631006615310962
0.2872872872872873,159.4706392987192,100.0,0.0,22.777564775956087,VER,22.747564775956086
0.2882882882882883,164.21382438472966,100.0,0.0,22.889332142487316,VER,22.859332142487315
0.28928928928928926,170.0556881354533,100.0,0.0,22.997181934808367,VER,22.967181934808366
0.2902902902902903,175.765636514411,100.0,0.0,23.102596366419895,VER,23.072596366419894
0.2912912912912913,181.2013813947637,100.0,0.0,23.20294857959564,VER,23.172948579595637
0.2922922922922923,186.63712627511674,100.0,0.0,23.303300792771385,VER,23.273300792771384
0.2932932932932933,189.26853783835656,100.0,0.0,23.40074151353426,VER,23.37074151353426
0.29429429429429427,191.69934921968604,100.0,0.0,23.49797396878744,VER,23.46797396878744
0.2952952952952953,194.96023770911447,100.0,0.0,23.592768822744315,VER,23.562768822744314
0.2962962962962963,199.176424443234,100.0,0.0,23.684758351488743,VER,23.65475835148874
0.2972972972972973,203.39261117735376,100.0,0.0,23.776747880233174,VER,23.746747880233173
0.2982982982982983,205.91219421802745,100.0,0.0,23.866487768721097,VER,23.836487768721096
0.29929929929929927,208.14622563039214,100.0,0.0,23.955849025215684,VER,23.925849025215683
0.3003003003003003,210.1874506548802,100.0,0.0,24.044996052390417,VER,24.014996052390416
0.3013013013013013,211.28873374548252,100.0,0.0,24.1330986996386,VER,24.1030986996386
0.3023023023023023,212.39001683608492,100.0,0.0,24.221201346886794,VER,24.191201346886793
0.3033033033033033,215.0065036828864,100.0,0.0,24.307043144914825,VER,24.277043144914824
0.30430430430430433,219.50422179185097,100.0,0.0,24.390077940772635,VER,24.360077940772634
0.3053053053053053,224.00193990081527,100.0,0.0,24.473112736630437,VER,24.443112736630436
0.3063063063063063,226.9405972530972,100.0,0.0,24.555148668148668,VER,24.525148668148667
0.3073073073073073,228.6330452927675,100.0,0.0,24.63638617405284,VER,24.60638617405284
0.3083083083083083,230.3254933324377,100.0,0.0,24.71762367995701,VER,24.68762367995701
0.30930930930930933,232.38320268798208,100.0,0.0,24.797424092159385,VER,24.767424092159384
0.3103103103103103,234.68294090659285,100.0,0.0,24.876272259654613,VER,24.84627225965461
0.3113113113113113,236.98267912520362,100.0,0.0,24.955120427149836,VER,24.925120427149835
0.3123123123123123,238.89716439690724,100.0,0.0,25.033063891051548,VER,25.003063891051546
0.3133133133133133,240.5060347556061,100.0,0.0,25.110289668269093,VER,25.080289668269092
0.31431431431431434,242.11490511430503,100.0,0.0,25.187515445486643,VER,25.15751544548664
0.3153153153153153,243.84421171171172,100.0,0.0,25.26376846846847,VER,25.23376846846847
0.3163163163163163,245.72079809809807,100.0,0.0,25.338831923923923,VER,25.308831923923922
0.3173173173173173,247.5973844844845,100.0,0.0,25.413895379379383,VER,25.383895379379382
0.3183183183183183,249.47397087087086,100.0,0.0,25.488958834834836,VER,25.458958834834835
0.31931931931931934,250.4466128496221,100.0,0.0,25.563593541954656,VER,25.533593541954655
0.3203203203203203,251.06717713083452,100.0,0.0,25.638061255700144,VER,25.608061255700143
0.3213213213213213,251.68774141204693,100.0,0.0,25.712528969445632,VER,25.68252896944563
0.32232232232232233,253.0499058743427,100.0,0.0,25.785996772834608,VER,25.755996772834607
0.3233233233233233,255.16317883198502,100.0,0.0,25.858451845668057,VER,25.828451845668056
0.32432432432432434,257.27645178962746,100.0,0.0,25.93090691850151,VER,25.90090691850151
0.3253253253253253,259.2193127855358,100.0,0.0,26.00315876713215,VER,25.973158767132148
0.3263263263263263,260.4085310278592,100.0,0.0,26.074511861671553,VER,26.044511861671552
0.32732732732732733,261.5977492701827,100.0,0.0,26.145864956210964,VER,26.115864956210963
0.3283283283283283,262.7869675125061,100.0,0.0,26.21721805075037,VER,26.187218050750367
0.32932932932932935,263.96156124913927,100.0,0.0,26.287693674948358,VER,26.257693674948356
0.3303303303303303,265.13296348783234,100.0,0.0,26.35797780926994,VER,26.32797780926994
0.3313313313313313,266.3043657265254,100.0,0.0,26.428261943591526,VER,26.398261943591525
0.33233233233233234,267.46874555982794,100.0,0.0,26.498124733589673,VER,26.468124733589672
0.3333333333333333,268.6228577285772,100.0,0.0,26.567371463714633,VER,26.53737146371463
0.33433433433433435,269.7769698973266,100.0,0.0,26.636618193839592,VER,26.60661819383959
0.3353353353353353,270.9310820660758,100.0,0.0,26.70586492396455,VER,26.67586492396455
0.3363363363363363,271.804984409592,100.0,0.0,26.77439875276736,VER,26.74439875276736
0.33733733733733734,272.661091337688,100.0,0.0,26.84288730701504,VER,26.81288730701504
0.3383383383383383,273.517198265784,100.0,0.0,26.911375861262716,VER,26.881375861262715
0.33933933933933935,274.84934681122394,100.0,0.0,26.979120462099107,VER,26.949120462099106
0.34034034034034033,276.79716779353475,100.0,0.0,27.045902895778333,VER,27.015902895778332
0.34134134134134136,278.7449887758457,100.0,0.0,27.112685329457566,VER,27.082685329457565
0.34234234234234234,280.6928097581565,100.0,0.0,27.179467763136795,VER,27.149467763136794
0.3433433433433433,281.3989476351667,100.0,0.0,27.24585266892333,VER,27.21585266892333
0.34434434434434436,281.87259387100374,100.0,0.0,27.31216314194052,VER,27.28216314194052
0.34534534534534533,282.34624010684075,100.0,0.0,27.378473614957706,VER,27.348473614957705
0.34634634634634637,282.8198863426778,100.0,0.0,27.444784087974895,VER,27.414784087974894
0.34734734734734735,283.675363574957,100.0,0.0,27.510521814497416,VER,27.480521814497415
0.3483483483483483,284.76513499562265,100.0,0.0,27.575908099737358,VER,27.545908099737357
0.34934934934934936,285.8549064162884,100.0,0.0,27.641294384977304,VER,27.611294384977302
0.35035035035035034,286.9446778369541,100.0,0.0,27.706680670217246,VER,27.676680670217245
0.35135135135135137,287.76781104380234,100.0,0.0,27.77142488350419,VER,27.741424883504187
0.35235235235235235,288.57668448621024,100.0,0.0,27.83613475889682,VER,27.806134758896818
0.3533533533533533,289.3855579286182,100.0,0.0,27.900844634289452,VER,27.87084463428945
0.35435435435435436,290.19324579695575,100.0,0.0,27.965395248490804,VER,27.935395248490803
0.35535535535535534,290.9971870137948,100.0,0.0,28.02944256543232,VER,27.999442565432318
0.3563563563563564,291.80112823063394,100.0,0.0,28.093489882373838,VER,28.063489882373837
0.35735735735735735,292.605069447473,100.0,0.0,28.15753719931535,VER,28.12753719931535
0.35835835835835833,293.269696702352,100.0,0.0,28.221363604282242,VER,28.19136360428224
0.35935935935935936,293.79980585104875,100.0,0.0,28.28497670212585,VER,28.254976702125848
0.36036036036036034,294.3299149997455,100.0,0.0,28.348589799969453,VER,28.318589799969452
0.3613613613613614,294.8600241484422,100.0,0.0,28.412202897813064,VER,28.382202897813062
0.36236236236236236,295.1944076396216,100.0,0.0,28.475657833509178,VER,28.445657833509177
0.36336336336336333,295.45856675932686,100.0,0.0,28.539056022238444,VER,28.509056022238443
0.36436436436436437,295.72272587903217,100.0,0.0,28.602454210967718,VER,28.572454210967717
0.36536536536536535,295.9868849987374,100.0,0.0,28.665852399696984,VER,28.635852399696983
0.3663663663663664,296.8902398130171,100.0,0.0,28.728646067472145,VER,28.698646067472144
0.36736736736736736,297.82698737273677,100.0,0.0,28.79140815397336,VER,28.76140815397336
0.3683683683683684,298.76373493245643,100.0,0.0,28.85417024047458,VER,28.82417024047458
0.36936936936936937,299.58082639758953,100.0,0.0,28.916466111807164,VER,28.886466111807163
0.37037037037037035,300.3575591734117,100.0,0.0,28.97860473387294,VER,28.948604733872937
0.3713713713713714,301.1342919492339,100.0,0.0,29.040743355938712,VER,29.01074335593871
0.37237237237237236,301.91102472505605,100.0,0.0,29.102881978004486,VER,29.072881978004485
0.3733733733733734,302.0,100.0,0.0,29.16502060007026,VER,29.13502060007026
0.3743743743743744,302.0,100.0,0.0,29.227159222136034,VER,29.197159222136033
0.37537537537537535,302.0,100.0,0.0,29.28929784420181,VER,29.259297844201807
0.3763763763763764,302.01777921363976,100.0,0.0,29.351422337091183,VER,29.32142233709118
0.37737737737737737,302.78687199494567,100.0,0.0,29.41294975959565,VER,29.38294975959565
0.3783783783783784,303.5559647762516,100.0,0.0,29.474477182100127,VER,29.444477182100126
0.3793793793793794,304.3250575575575,100.0,0.0,29.5360046046046,VER,29.5060046046046
0.38038038038038036,305.0623579877379,100.0,0.0,29.597482958528555,VER,29.567482958528554
0.3813813813813814,305.5717462576583,100.0,0.0,29.658609550918992,VER,29.62860955091899
0.38238238238238237,306.08113452757857,100.0,0.0,29.719736143309426,VER,29.689736143309425
0.3833833833833834,306.59052279749886,100.0,0.0,29.780862735699863,VER,29.75086273569986
0.3843843843843844,307.0426800060728,100.0,0.0,29.841950401700394,VER,29.811950401700393
0.38538538538538536,307.2602804683162,100.0,0.0,29.902878531128522,VER,29.87287853112852
0.3863863863863864,307.4778809305595,100.0,0.0,29.963806660556653,VER,29.93380666055665
0.38738738738738737,307.6954813928028,100.0,0.0,30.02473478998478,VER,29.99473478998478
0.3883883883883884,307.91308185504613,100.0,0.0,30.08566291941291,VER,30.05566291941291
0.3893893893893894,308.3029581463183,100.0,0.0,30.146354977558197,VER,30.116354977558196
0.39039039039039036,308.80741685233613,100.0,0.0,30.206890022280337,VER,30.176890022280336
0.3913913913913914,309.311875558354,100.0,0.0,30.26742506700248,VER,30.23742506700248
0.3923923923923924,309.81633426437185,100.0,0.0,30.32796011172462,VER,30.29796011172462
0.3933933933933934,310.3187366051949,100.0,0.0,30.38824839262339,VER,30.358248392623388
0.3943943943943944,310.81996160155876,100.0,0.0,30.448395392187052,VER,30.41839539218705
0.39539539539539537,311.32118659792263,100.0,0.0,30.508542391750716,VER,30.478542391750715
0.3963963963963964,311.82241159428656,100.0,0.0,30.568689391314386,VER,30.538689391314385
0.3973973973973974,312.16130130396635,100.0,0.0,30.628712312951922,VER,30.59871231295192
0.3983983983983984,312.4111131232404,100.0,0.0,30.68866714957769,VER,30.65866714957769
0.3993993993993994,312.6609249425144,100.0,0.0,30.748621986203453,VER,30.718621986203452
0.40040040040040037,312.91073676178837,100.0,0.0,30.808576822829213,VER,30.778576822829212
0.4014014014014014,313.137174811299,100.0,0.0,30.868408947163722,VER,30.83840894716372
0.4024024024024024,313.3506173029262,100.0,0.0,30.928172844819336,VER,30.898172844819335
0.4034034034034034,313.56405979455343,100.0,0.0,30.987936742474954,VER,30.957936742474953
0.4044044044044044,313.7775022861806,100.0,0.0,31.04770064013057,VER,31.01770064013057
0.40540540540540543,313.99094477780784,100.0,0.0,31.10746453778619,VER,31.077464537786188
0.4064064064064064,314.2376948244541,100.0,0.0,31.167046757868977,VER,31.137046757868976
0.4074074074074074,314.48592053693903,100.0,0.0,31.22662092886537,VER,31.196620928865368
0.4084084084084084,314.73414624942404,100.0,0.0,31.286195099861764,VER,31.256195099861763
0.4094094094094094,314.982371961909,100.0,0.0,31.34576927085816,VER,31.31576927085816
0.41041041041041043,315.22986793491805,100.0,0.0,31.405168304380332,VER,31.37516830438033
0.4114114114114114,315.4773081229964,100.0,0.0,31.46455394951914,VER,31.434553949519138
0.4124124124124124,315.7247483110748,100.0,0.0,31.523939594657946,VER,31.493939594657945
0.4134134134134134,315.97218849915316,100.0,0.0,31.583325239796757,VER,31.553325239796756
0.4144144144144144,316.4364947494664,100.0,0.0,31.64237936993597,VER,31.61237936993597
0.41541541541541543,316.9282626704272,100.0,0.0,31.701391520451267,VER,31.671391520451266
0.4164164164164164,317.420030591388,100.0,0.0,31.76040367096656,VER,31.73040367096656
0.4174174174174174,317.9117985123488,100.0,0.0,31.819415821481854,VER,31.789415821481853
0.4184184184184184,318.0,100.0,0.0,31.87842797199715,VER,31.84842797199715
0.4194194194194194,318.0,100.0,0.0,31.937440122512445,VER,31.907440122512444
0.42042042042042044,318.0,100.0,0.0,31.996452273027742,VER,31.96645227302774
0.4214214214214214,318.0,100.0,0.0,32.055464423543036,VER,32.025464423543035
0.4224224224224224,318.1847381210887,100.0,0.0,32.114337149061285,VER,32.084337149061284
0.42342342342342343,318.42985128545473,100.0,0.0,32.173164308509136,VER,32.143164308509135
0.4244244244244244,318.6749644498208,100.0,0.0,32.23199146795698,VER,32.20199146795698
0.42542542542542544,318.9200776141868,100.0,0.0,32.29081862740483,VER,32.26081862740483
0.4264264264264264,319.16467455736984,100.0,0.0,32.34952189376877,VER,32.319521893768766
0.4274274274274274,319.40902174309724,100.0,0.0,32.40816521834334,VER,32.37816521834334
0.42842842842842843,319.65336892882465,100.0,0.0,32.46680854291792,VER,32.436808542917916
0.4294294294294294,319.89771611455205,100.0,0.0,32.525451867492485,VER,32.495451867492484
0.43043043043043044,320.14162073548107,100.0,0.0,32.58398897651545,VER,32.55398897651545
0.4314314314314314,320.3852067150224,100.0,0.0,32.642449611605365,VER,32.61244961160536
0.43243243243243246,320.6287926945637,100.0,0.0,32.70091024669529,VER,32.670910246695286
0.43343343343343343,320.87237867410505,100.0,0.0,32.75937088178521,VER,32.72937088178521
0.4344344344344344,321.0,100.0,0.0,32.817831516875124,VER,32.78783151687512
0.43543543543543545,321.0,100.0,0.0,32.876292151965046,VER,32.846292151965045
0.4364364364364364,321.0,100.0,0.0,32.93475278705496,VER,32.90475278705496
0.43743743743743746,321.0,100.0,0.0,32.99321342214488,VER,32.96321342214488
0.43843843843843844,321.07716695177874,100.0,0.0,33.05160674649805,VER,33.02160674649805
0.4394394394394394,321.2853065243593,100.0,0.0,33.10988582682061,VER,33.07988582682061
0.44044044044044045,321.49344609693986,100.0,0.0,33.168164907143165,VER,33.138164907143164
0.44144144144144143,321.70158566952045,100.0,0.0,33.22644398746572,VER,33.19644398746572
0.44244244244244246,321.909725242101,100.0,0.0,33.284723067788285,VER,33.254723067788284
0.44344344344344344,322.13708322615696,100.0,0.0,33.34289997427768,VER,33.31289997427768
0.4444444444444444,322.3791609333792,100.0,0.0,33.400998624011,VER,33.370998624011
0.44544544544544545,322.62123864060135,100.0,0.0,33.45909727374433,VER,33.429097273744325
0.44644644644644643,322.86331634782357,100.0,0.0,33.51719592347765,VER,33.48719592347765
0.44744744744744747,323.1050687647524,100.0,0.0,33.575216503540574,VER,33.54521650354057
0.44844844844844844,323.34639931855725,100.0,0.0,33.63313583645373,VER,33.60313583645373
0.4494494494494494,323.58772987236205,100.0,0.0,33.69105516936689,VER,33.66105516936689
0.45045045045045046,323.8290604261669,100.0,0.0,33.748974502280056,VER,33.718974502280055
0.45145145145145144,324.0,100.0,0.0,33.806893835193215,VER,33.77689383519321
0.45245245245245247,324.0,100.0,0.0,33.86481316810637,VER,33.83481316810637
0.45345345345345345,324.0,100.0,0.0,33.92273250101953,VER,33.89273250101953
0.4544544544544544,324.0,100.0,0.0,33.98065183393269,VER,33.95065183393269
0.45545545545545546,324.0356033084366,100.0,0.0,34.03854479402479,VER,34.008544794024786
0.45645645645645644,324.27619130669126,100.0,0.0,34.096285913605904,VER,34.0662859136059
0.4574574574574575,324.51677930494594,100.0,0.0,34.15402703318703,VER,34.124027033187026
0.45845845845845845,324.75736730320057,100.0,0.0,34.211768152768144,VER,34.18176815276814
0.45945945945945943,324.99795530145525,100.0,0.0,34.26950927234926,VER,34.23950927234926
0.46046046046046046,325.0,100.0,0.0,34.327250391930384,VER,34.29725039193038
0.46146146146146144,325.0,100.0,0.0,34.3849915115115,VER,34.3549915115115
0.4624624624624625,325.0,100.0,0.0,34.442732631092625,VER,34.412732631092624
0.46346346346346345,325.0,100.0,0.0,34.50047375067374,VER,34.47047375067374
0.46446446446446443,325.0,100.0,0.0,34.55821487025486,VER,34.52821487025486
0.46546546546546547,325.0,100.0,0.0,34.61595598983598,VER,34.58595598983598
0.46646646646646645,325.0,100.0,0.0,34.6736971094171,VER,34.6436971094171
0.4674674674674675,325.0,100.0,0.0,34.73143822899822,VER,34.70143822899822
0.46846846846846846,325.0,100.0,0.0,34.78917934857934,VER,34.75917934857934
0.4694694694694695,325.0,100.0,0.0,34.84692046816046,VER,34.81692046816046
0.47047047047047047,325.0,100.0,0.0,34.90466158774158,VER,34.87466158774158
0.47147147147147145,325.0,100.0,0.0,34.962402707322696,VER,34.932402707322694
0.4724724724724725,324.86983354239015,100.0,0.0,35.02023994982636,VER,34.99023994982636
0.47347347347347346,324.62850298858535,100.0,0.0,35.07815928273952,VER,35.04815928273952
0.4744744744744745,324.3871724347805,100.0,0.0,35.13607861565268,VER,35.10607861565268
0.4754754754754755,324.1458418809757,100.0,0.0,35.19399794856584,VER,35.163997948565836
0.47647647647647645,324.11366550630225,100.0,0.0,35.251846766766754,VER,35.22184676676675
0.4774774774774775,324.40093475794964,100.0,0.0,35.30958788634787,VER,35.27958788634787
0.47847847847847846,324.688204009597,100.0,0.0,35.367329005928994,VER,35.33732900592899
0.4794794794794795,324.97547326124436,100.0,0.0,35.42507012551011,VER,35.39507012551011
0.4804804804804805,321.53958575511086,76.93057170073914,0.23069428299260866,35.485366627918225,VER,35.455366627918224
0.48148148148148145,317.75614545997723,51.70763639984819,0.4829236360015181,35.54590167264036,VER,35.51590167264036
0.4824824824824825,313.9727051648434,26.48470109895584,0.7351529890104416,35.606436717362506,VER,35.576436717362505
0.48348348348348347,310.18926486970975,1.2617657980649,0.9873823420193509,35.66697176208464,VER,35.63697176208464
0.4844844844844845,296.39151899991987,0.0,1.0,35.7380424050004,VER,35.7080424050004
0.4854854854854855,282.06643208093953,0.0,1.0,35.8096678395953,VER,35.7796678395953
0.48648648648648646,267.74134516195915,0.0,1.0,35.8812932741902,VER,35.8512932741902
0.4874874874874875,256.16852021907624,0.0,1.0,35.958260522324885,VER,35.928260522324884
0.48848848848848847,246.43658080469774,0.0,1.0,36.03880071058181,VER,36.00880071058181
0.4894894894894895,236.70464139031867,0.0,1.0,36.11934089883874,VER,36.08934089883874
0.4904904904904905,223.56309518920895,0.0,1.0,36.209601504068154,VER,36.17960150406815
0.49149149149149146,208.3258552997477,0.0,1.0,36.30583670337001,VER,36.27583670337001
0.4924924924924925,194.4136270101634,0.0,1.0,36.402793592505525,VER,36.37279359250552
0.4934934934934935,189.73915910929162,0.0,1.0,36.50478198307,VER,36.47478198307
0.4944944944944945,185.06469120841962,0.0,1.0,36.60677037363448,VER,36.57677037363448
0.4954954954954955,172.23732742483077,0.0,1.0,36.724101380601354,VER,36.69410138060135
0.4964964964964965,157.0052950677974,0.0,1.0,36.845957639457616,VER,36.815957639457615
0.4974974974974975,140.65648985600072,0.0,1.0,36.98860897905777,VER,36.95860897905777
0.4984984984984985,125.67667937334043,0.0,1.0,37.13887245003621,VER,37.10887245003621
0.4994994994994995,118.26200615126754,0.0,1.0,37.3006471385178,VER,37.2706471385178
0.5005005005005005,107.30604537871429,0.0,1.0,37.480409319319286,VER,37.450409319319284
0.5015015015015015,97.17145079862607,0.0,1.0,37.67485647604122,VER,37.64485647604122
0.5025025025025025,90.4584010971768,0.0,1.0,37.88285481952536,VER,37.85285481952536
0.5035035035035035,83.93110765680389,0.0,1.0,38.10664773748101,VER,38.07664773748101
0.5045045045045045,77.34585869653522,0.1635353258661948,0.8364646741338052,38.34924847820789,VER,38.31924847820789
0.5055055055055055,73.06898779732181,7.749838469416827,0.0,38.605860732160686,VER,38.575860732160685
0.5065065065065065,71.6322541986424,31.958705038370873,0.0,38.868348201534836,VER,38.838348201534835
0.5075075075075075,75.36414358437372,37.092430753121164,0.0,39.11739446024969,VER,39.08739446024969
0.5085085085085085,79.16228360713498,44.62183752379551,0.0,39.35432756285694,VER,39.324327562856936
0.5095095095095095,87.96448573573387,55.79052952952903,0.0,39.565337067067034,VER,39.53533706706703
0.5105105105105106,98.0176270913763,58.471367224367015,0.0,39.75299570570569,VER,39.72299570570569
0.5115115115115115,101.82832942165436,42.54503520511071,0.0,39.93626635373235,VER,39.90626635373235
0.5125125125125125,103.0,23.52265935029148,0.0,40.11845920677957,VER,40.08845920677957
0.5135135135135135,102.87103095742812,9.515876170287514,0.0,40.300952570217255,VER,40.270952570217254
0.5145145145145145,102.10445155122454,12.582193795101846,0.0,40.48493162770611,VER,40.45493162770611
0.5155155155155156,100.64925917584254,15.026111236236192,0.0,40.67208889889889,VER,40.64208889889889
0.5165165165165165,100.0,26.060190940940082,0.0,40.85974753753753,VER,40.82974753753753
0.5175175175175175,101.13901143206662,38.911209145653295,0.0,41.0446725487392,VER,41.0146725487392
0.5185185185185185,104.86239711934118,41.88991769547294,0.0,41.223395061728375,VER,41.193395061728374
0.5195195195195195,107.7633555573918,65.48852223783032,0.0,41.39580133344351,VER,41.36580133344351
0.5205205205205206,113.76084504148794,78.19731309607135,0.0,41.55752630499351,VER,41.52752630499351
0.5215215215215215,122.04692799755124,82.11262719412298,0.0,41.711252543882466,VER,41.681252543882465
0.5225225225225225,125.12531773899862,89.50076257359667,0.0,41.85901525147193,VER,41.82901525147193
0.5235235235235235,129.9099361456768,95.58723789764188,0.0,42.002172469571,VER,41.972172469571
0.5245245245245245,137.35187509233796,99.64647732309344,0.0,42.13815699032363,VER,42.10815699032363
0.5255255255255256,148.94806270994798,100.0,0.0,42.2551014020155,VER,42.2251014020155
0.5265265265265265,160.94056262294876,100.0,0.0,42.37022940118031,VER,42.34022940118031
0.5275275275275275,166.3887913349391,100.0,0.0,42.48036776893171,VER,42.450367768931706
0.5285285285285285,170.48018607270006,100.0,0.0,42.58947162860534,VER,42.55947162860534
0.5295295295295295,174.44371215137727,100.0,0.0,42.69516565737006,VER,42.66516565737006
0.5305305305305306,178.33166737179127,100.0,0.0,42.79884446324777,VER,42.76884446324777
0.5315315315315315,181.78699354434613,100.0,0.0,42.90147974177384,VER,42.87147974177384
0.5325325325325325,184.2957988737397,100.0,0.0,43.00183195494959,VER,42.971831954949586
0.5335335335335335,186.80460420313327,100.0,0.0,43.10218416812533,VER,43.07218416812533
0.5345345345345345,191.34781490032663,100.0,0.0,43.19695629800653,VER,43.16695629800653
0.5355355355355356,196.06285607215207,100.0,0.0,43.291257121443046,VER,43.261257121443045
0.5365365365365365,199.4378732073656,100.0,0.0,43.38502985658925,VER,43.35502985658925
0.5375375375375375,200.59912715933734,100.0,0.0,43.47793017274699,VER,43.447930172746986
0.5385385385385385,201.76038111130907,100.0,0.0,43.57083048890473,VER,43.54083048890473
0.5395395395395395,202.0,100.0,0.0,43.66373080506247,VER,43.63373080506247
0.5405405405405406,202.0,100.0,0.0,43.756631121220224,VER,43.72663112122022
0.5415415415415415,203.48098736874937,100.0,0.0,43.84777184842499,VER,43.81777184842499
0.5425425425425425,210.52523056089018,100.0,0.0,43.93230276673068,VER,43.90230276673068
0.5435435435435435,217.569473753031,100.0,0.0,44.016833685036374,VER,43.98683368503637
0.5445445445445445,223.00912202057071,100.0,0.0,44.10027366061712,VER,44.07027366061712
0.5455455455455456,225.72881243562372,100.0,0.0,44.18186437306871,VER,44.15186437306871
0.5465465465465466,228.44850285067642,100.0,0.0,44.26345508552029,VER,44.23345508552029
0.5475475475475475,230.4324320565199,100.0,0.0,44.34459456452159,VER,44.31459456452159
0.5485485485485485,231.43918440973147,100.0,0.0,44.42513475277852,VER,44.39513475277852
0.5495495495495496,232.44593676294315,100.0,0.0,44.50567494103545,VER,44.47567494103545
0.5505505505505506,234.44686644806652,100.0,0.0,44.58472479475359,VER,44.55472479475359
0.5515515515515516,237.6646071654642,100.0,0.0,44.66195057197114,VER,44.63195057197114
0.5525525525525525,240.8823478828619,100.0,0.0,44.73917634918868,VER,44.70917634918868
0.5535535535535535,243.5389546973046,100.0,0.0,44.81586982547062,VER,44.78586982547062
0.5545545545545546,245.11538815361052,100.0,0.0,44.89153863137331,VER,44.86153863137331
0.5555555555555556,246.6918216099163,100.0,0.0,44.96720743727598,VER,44.93720743727598
0.5565565565565566,248.26295358269988,100.0,0.0,45.04262177196959,VER,45.01262177196959
0.5575575575575575,249.80823222761612,100.0,0.0,45.116795146925575,VER,45.086795146925574
0.5585585585585585,251.35351087253238,100.0,0.0,45.19096852188156,VER,45.16096852188156
0.5595595595595596,252.8987895174488,100.0,0.0,45.26514189683755,VER,45.23514189683755
0.5605605605605606,254.69273781503492,100.0,0.0,45.3377095126014,VER,45.3077095126014
0.5615615615615616,256.5041146358712,100.0,0.0,45.41016458543485,VER,45.38016458543485
0.5625625625625625,258.31549145670743,100.0,0.0,45.4826196582683,VER,45.4526196582683
0.5635635635635635,259.0,100.0,0.0,45.55507473110175,VER,45.525074731101746
0.5645645645645646,259.0,100.0,0.0,45.627529803935204,VER,45.5975298039352
0.5655655655655656,259.0,100.0,0.0,45.69998487676865,VER,45.66998487676865
0.5665665665665666,259.9002396138392,100.0,0.0,45.77160575073214,VER,45.74160575073214
0.5675675675675675,262.80697193475976,100.0,0.0,45.84136732643424,VER,45.81136732643424
0.5685685685685685,265.71370425568034,100.0,0.0,45.911128902136326,VER,45.881128902136325
0.5695695695695696,268.6204365766012,100.0,0.0,45.98089047783843,VER,45.95089047783843
0.5705705705705706,269.74978871334565,100.0,0.0,46.04998309706765,VER,46.01998309706765
0.5715715715715716,270.61219054532467,100.0,0.0,46.118975243625975,VER,46.088975243625974
0.5725725725725725,271.47459237730374,100.0,0.0,46.1879673901843,VER,46.1579673901843
0.5735735735735735,272.33331790881783,100.0,0.0,46.256665432705425,VER,46.226665432705424
0.5745745745745746,273.1863117208117,100.0,0.0,46.32490493766494,VER,46.29490493766494
0.5755755755755756,274.03930553280554,100.0,0.0,46.39314444262444,VER,46.36314444262444
0.5765765765765766,274.8922993447993,100.0,0.0,46.46138394758395,VER,46.431383947583946
0.5775775775775776,276.21997391736966,100.0,0.0,46.528558748033745,VER,46.498558748033744
0.5785785785785785,277.6162435500976,100.0,0.0,46.59557969040468,VER,46.56557969040468
0.5795795795795796,279.01251318282567,100.0,0.0,46.66260063277563,VER,46.63260063277563
0.5805805805805806,280.24266965728975,100.0,0.0,46.729413572583184,VER,46.69941357258318
0.5815815815815816,281.07155057000455,100.0,0.0,46.795724045600366,VER,46.765724045600365
0.5825825825825826,281.90043148271934,100.0,0.0,46.86203451861755,VER,46.83203451861755
0.5835835835835835,282.72931239543414,100.0,0.0,46.92834499163474,VER,46.89834499163474
0.5845845845845846,283.73388481396603,100.0,0.0,46.994033088837966,VER,46.964033088837965
0.5855855855855856,284.82365623463176,100.0,0.0,47.059419374077905,VER,47.029419374077904
0.5865865865865866,285.91342765529754,100.0,0.0,47.12480565931785,VER,47.09480565931785
0.5875875875875876,287.0015884685146,100.0,0.0,47.190190616221756,VER,47.160190616221755
0.5885885885885885,287.54270334348183,100.0,0.0,47.25512440121782,VER,47.22512440121782
0.5895895895895896,288.08381821844915,100.0,0.0,47.32005818621389,VER,47.29005818621389
0.5905905905905906,288.62493309341636,100.0,0.0,47.38499197120996,VER,47.35499197120996
0.5915915915915916,289.2465129941585,100.0,0.0,47.449721039532676,VER,47.419721039532675
0.5925925925925926,290.0498462075088,100.0,0.0,47.5139876966007,VER,47.4839876966007
0.5935935935935935,290.85317942085914,100.0,0.0,47.57825435366873,VER,47.54825435366873
0.5945945945945946,291.6565126342095,100.0,0.0,47.642521010736765,VER,47.612521010736764
0.5955955955955956,292.4551694491101,100.0,0.0,47.706413555928805,VER,47.676413555928804
0.5965965965965966,293.25033317215514,100.0,0.0,47.77002665377241,VER,47.74002665377241
0.5975975975975976,294.04549689520024,100.0,0.0,47.83363975161602,VER,47.80363975161602
0.5985985985985985,294.8406606182453,100.0,0.0,47.89725284945962,VER,47.86725284945962
0.5995995995995996,295.62942342510297,100.0,0.0,47.960353874008234,VER,47.93035387400823
0.6006006006006006,296.4165821442248,100.0,0.0,48.02332657153798,VER,47.99332657153798
0.6016016016016016,297.2037408633466,100.0,0.0,48.08629926906772,VER,48.05629926906772
0.6026026026026026,297.9908995824684,100.0,0.0,48.14927196659747,VER,48.119271966597466
0.6036036036036035,298.77352659516714,100.0,0.0,48.211624285414985,VER,48.18162428541498
0.6046046046046046,299.5561006035853,100.0,0.0,48.27396934808563,VER,48.24396934808563
0.6056056056056056,300.3386746120034,100.0,0.0,48.33631441075627,VER,48.30631441075627
0.6066066066066066,301.0954797465314,100.0,0.0,48.39859571452641,VER,48.36859571452641
0.6076076076076076,301.711733916732,100.0,0.0,48.46052925863157,VER,48.430529258631566
0.6086086086086087,302.32798808693263,100.0,0.0,48.52246280273673,VER,48.49246280273673
0.6096096096096096,302.9442422571332,100.0,0.0,48.58439634684189,VER,48.55439634684189
0.6106106106106106,303.46633762177476,100.0,0.0,48.64596051461297,VER,48.61596051461297
0.6116116116116116,303.97906614264537,100.0,0.0,48.70748793711744,VER,48.67748793711744
0.6126126126126126,304.491794663516,100.0,0.0,48.76901535962191,VER,48.73901535962191
0.6136136136136137,305.00449371738733,100.0,0.0,48.83053924608648,VER,48.80053924608648
0.6146146146146146,305.5138819873076,100.0,0.0,48.89166583847691,VER,48.86166583847691
0.6156156156156156,306.0232702572279,100.0,0.0,48.95279243086735,VER,48.92279243086735
0.6166166166166166,306.5326585271482,100.0,0.0,49.013919023257785,VER,48.98391902325778
0.6176176176176176,307.06245983887106,100.0,0.0,49.07499678710969,VER,49.04499678710969
0.6186186186186187,307.8191478978979,100.0,0.0,49.135531831831834,VER,49.10553183183183
0.6196196196196196,308.57583595692466,100.0,0.0,49.19606687655398,VER,49.16606687655398
0.6206206206206206,309.33252401595144,100.0,0.0,49.256601921276115,VER,49.226601921276114
0.6216216216216216,310.05909346846846,100.0,0.0,49.31709121621621,VER,49.28709121621621
0.6226226226226226,310.56031846483233,100.0,0.0,49.37723821577988,VER,49.34723821577988
0.6236236236236237,311.06154346119627,100.0,0.0,49.437385215343554,VER,49.40738521534355
0.6246246246246246,311.56276845756014,100.0,0.0,49.49753221490722,VER,49.467532214907216
0.6256256256256256,312.0635858523067,100.0,0.0,49.5576303022768,VER,49.5276303022768
0.6266266266266266,312.56161833277014,100.0,0.0,49.61739419993241,VER,49.58739419993241
0.6276276276276276,313.0596508132336,100.0,0.0,49.67715809758803,VER,49.647158097588026
0.6286286286286287,313.5576832936971,100.0,0.0,49.73692199524365,VER,49.70692199524365
0.6296296296296297,314.0277694493435,100.0,0.0,49.79666466784244,VER,49.76666466784244
0.6306306306306306,314.27599516182846,100.0,0.0,49.856238838838834,VER,49.82623883883883
0.6316316316316316,314.52422087431347,100.0,0.0,49.91581300983523,VER,49.88581300983523
0.6326326326326326,314.7724465867984,100.0,0.0,49.975387180831625,VER,49.945387180831624
0.6336336336336337,315.0206068806148,100.0,0.0,50.034945651347556,VER,50.004945651347555
0.6346346346346347,315.2680470686932,100.0,0.0,50.09433129648636,VER,50.06433129648636
0.6356356356356356,315.5154872567715,100.0,0.0,50.15371694162517,VER,50.12371694162517
0.6366366366366366,315.7629274448499,100.0,0.0,50.21310258676397,VER,50.18310258676397
0.6376376376376376,316.01766130461095,100.0,0.0,50.272472582645534,VER,50.24247258264553
0.6386386386386387,316.4391766654345,100.0,0.0,50.331484733160835,VER,50.301484733160834
0.6396396396396397,316.86069202625805,100.0,0.0,50.39049688367613,VER,50.36049688367613
0.6406406406406406,317.2822073870816,100.0,0.0,50.44950903419142,VER,50.41950903419142
0.6416416416416416,317.70372274790515,100.0,0.0,50.508521184706716,VER,50.478521184706715
0.6426426426426426,318.14519793230727,100.0,0.0,50.56742375187687,VER,50.53742375187687
0.6436436436436437,318.63389230376214,100.0,0.0,50.626067076451456,VER,50.596067076451455
0.6446446446446447,319.1225866752169,100.0,0.0,50.684710401026024,VER,50.65471040102602
0.6456456456456456,319.6112810466717,100.0,0.0,50.7433537256006,VER,50.7133537256006
0.6466466466466466,320.0,100.0,0.0,50.801997050175174,VER,50.77199705017517
0.6476476476476476,320.0,100.0,0.0,50.86064037474975,VER,50.83064037474975
0.6486486486486487,320.0,100.0,0.0,50.919283699324325,VER,50.889283699324324
0.6496496496496497,320.0,100.0,0.0,50.9779270238989,VER,50.9479270238989
0.6506506506506506,320.0544128237969,100.0,0.0,51.036529538855625,VER,51.006529538855624
0.6516516516516516,320.54007182648485,100.0,0.0,51.09480861917818,VER,51.06480861917818
0.6526526526526526,321.0257308291728,100.0,0.0,51.15308769950074,VER,51.123087699500736
0.6536536536536537,321.51138983186087,100.0,0.0,51.21136677982331,VER,51.18136677982331
0.6546546546546547,321.9970488345488,100.0,0.0,51.269645860145864,VER,51.23964586014586
0.6556556556556556,322.24060669286416,100.0,0.0,51.3277456062874,VER,51.2977456062874
0.6566566566566566,322.4826844000863,100.0,0.0,51.385844256020725,VER,51.355844256020724
0.6576576576576576,322.72476210730855,100.0,0.0,51.44394290575405,VER,51.41394290575405
0.6586586586586587,322.9668398145308,100.0,0.0,51.50204155548738,VER,51.47204155548738
0.6596596596596597,323.208272714587,100.0,0.0,51.559985451500886,VER,51.529985451500885
0.6606606606606606,323.44960326839185,100.0,0.0,51.617904784414044,VER,51.58790478441404
0.6616616616616616,323.69093382219666,100.0,0.0,51.6758241173272,VER,51.6458241173272
0.6626626626626626,323.9322643760015,100.0,0.0,51.73374345024036,VER,51.70374345024036
0.6636636636636637,324.1730607915608,100.0,0.0,51.79153458997459,VER,51.76153458997459
0.6646646646646647,324.41364878981545,100.0,0.0,51.849275709555705,VER,51.819275709555704
0.6656656656656657,324.6542367880701,100.0,0.0,51.90701682913683,VER,51.87701682913683
0.6666666666666666,324.89482478632476,100.0,0.0,51.964757948717946,VER,51.934757948717944
0.6676676676676676,325.0,100.0,0.0,52.02249906829906,VER,51.99249906829906
0.6686686686686687,325.0,100.0,0.0,52.080240187880186,VER,52.050240187880185
0.6696696696696697,325.0,100.0,0.0,52.1379813074613,VER,52.1079813074613
0.6706706706706707,325.0,100.0,0.0,52.195722427042426,VER,52.165722427042425
0.6716716716716716,325.0,100.0,0.0,52.25346354662354,VER,52.22346354662354
0.6726726726726726,325.0,100.0,0.0,52.31120466620466,VER,52.28120466620466
0.6736736736736737,325.0,100.0,0.0,52.36894578578578,VER,52.33894578578578
0.6746746746746747,325.0,100.0,0.0,52.42668690536691,VER,52.396686905366906
0.6756756756756757,324.87902197863497,93.95109893174914,0.06048901068250859,52.4845173625638,VER,52.4545173625638
0.6766766766766766,324.39486656419064,69.74332820953148,0.3025667179046852,52.542616012297124,VER,52.51261601229712
0.6776776776776777,323.91071114974625,45.535557487311145,0.5446444251268886,52.600714662030455,VER,52.570714662030454
0.6786786786786787,323.42655573530186,21.327786765093492,0.7867221323490652,52.65881331176378,VER,52.62881331176378
0.6796796796796797,322.1514749969567,0.0,1.0,52.7175424444715,VER,52.6875424444715
0.6806806806806807,315.01917876491405,0.0,1.0,52.780940633200764,VER,52.75094063320076
0.6816816816816816,307.8868825328713,0.0,1.0,52.84433882193004,VER,52.814338821930036
0.6826826826826827,300.75458630082784,0.0,1.0,52.90773701065931,VER,52.87773701065931
0.6836836836836837,292.276179155346,0.0,1.0,52.974154513586946,VER,52.944154513586945
0.6846846846846847,281.10602209352237,0.0,1.0,53.046609586420395,VER,53.016609586420394
0.6856856856856857,269.93586503169877,0.0,1.0,53.119064659253844,VER,53.08906465925384
0.6866866866866866,258.94095840840856,0.0,1.0,53.19157444244244,VER,53.161574442442436
0.6876876876876877,256.1260788288288,0.0,1.0,53.266637897897894,VER,53.23663789789789
0.6886886886886887,253.31119924924937,0.0,1.0,53.34170135335335,VER,53.31170135335335
0.6896896896896897,250.49631966966993,0.0,1.0,53.4167648088088,VER,53.3867648088088
0.6906906906906907,243.16059023625468,0.0,1.0,53.49839409763745,VER,53.46839409763745
0.6916916916916916,234.8571106504741,0.0,1.0,53.58142889349526,VER,53.551428893495256
0.6926926926926927,226.5536310646926,0.0,1.0,53.66446368935308,VER,53.634463689353076
0.6936936936936937,220.0640115594061,0.34917579062317067,1.0,53.753802189749564,VER,53.72380218974956
0.6946946946946947,213.70396997875062,0.7232958836029054,1.0,53.84359101206469,VER,53.81359101206469
0.6956956956956957,208.1896541649444,1.0,1.0,53.934310375051666,VER,53.904310375051665
0.6966966966966966,205.07757060543133,1.0,1.0,54.027672881837056,VER,53.997672881837055
0.6976976976976977,201.96548704591794,1.0,1.0,54.12103538862246,VER,54.09103538862246
0.6986986986986987,198.471879496684,2.6854136688773185,0.7190977218537803,54.21741654675509,VER,54.18741654675509
0.6996996996996997,194.80667171077332,5.128885526151116,0.3118524123081473,54.31515542104604,VER,54.28515542104604
0.7007007007007007,191.6103098666043,7.974225333489243,0.0,54.413381408003744,VER,54.38338140800374
0.7017017017017017,189.94666945314125,12.133326367146887,0.0,54.51319983281153,VER,54.48319983281153
0.7027027027027027,188.283029039678,16.292427400804993,0.0,54.61301825761932,VER,54.58301825761932
0.7037037037037037,186.94775025025027,21.559748915582198,0.0,54.71417997997998,VER,54.68417997997998
0.7047047047047047,185.67978647566486,27.05425860545233,0.0,54.81561708194681,VER,54.78561708194681
0.7057057057057057,183.56764683916674,31.841596921071346,0.0,54.91890462934845,VER,54.888904629348445
0.7067067067067067,180.4798501430301,35.8116212446756,0.0,55.02433083083083,VER,54.994330830830826
0.7077077077077077,178.10269189671067,41.87537310789881,0.0,55.129641071238844,VER,55.09964107123884
0.7087087087087087,178.62427014690837,56.479564113434336,0.0,55.23447829952858,VER,55.20447829952858
0.7097097097097097,179.12146943239534,68.82204148593033,0.0,55.33915266377489,VER,55.30915266377489
0.7107107107107107,179.55586442924405,75.3379664386607,0.0,55.44340746301857,VER,55.41340746301857
0.7117117117117117,179.99025942609273,81.85389139139109,0.0,55.54766226226226,VER,55.517662262262256
0.7127127127127127,182.86130787650413,86.0875826807202,0.0,55.64810198433728,VER,55.61810198433728
0.7137137137137137,185.7882474274633,90.26892489637615,0.0,55.74845419751303,VER,55.718454197513026
0.7147147147147147,188.4244558029533,93.89927440393774,0.0,55.84697823211813,VER,55.81697823211813
0.7157157157157157,190.85526718428272,97.1403562457103,0.0,55.94421068737131,VER,55.91421068737131
0.7167167167167167,193.2323786328415,100.0,0.0,56.041154174376395,VER,56.011154174376394
0.7177177177177178,195.20690134579024,100.0,0.0,56.135931264597936,VER,56.105931264597935
0.7187187187187187,197.18142405873877,100.0,0.0,56.23070835481946,VER,56.20070835481946
0.7197197197197197,199.77768901587655,100.0,0.0,56.323330670476295,VER,56.293330670476294
0.7207207207207207,202.81423656666365,100.0,0.0,56.41442709699991,VER,56.38442709699991
0.7217217217217217,205.85078411745073,100.0,0.0,56.50552352352352,VER,56.47552352352352
0.7227227227227228,207.41616743727863,100.0,0.0,56.59497004623672,VER,56.564970046236716
0.7237237237237237,208.9055217121884,100.0,0.0,56.6843313027313,VER,56.6543313027313
0.7247247247247247,210.57586081451817,100.0,0.0,56.77303443258073,VER,56.74303443258073
0.7257257257257257,212.74783579876166,100.0,0.0,56.85991343195047,VER,56.829913431950466
0.7267267267267267,214.91981078300515,100.0,0.0,56.946792431320205,VER,56.916792431320204
0.7277277277277278,216.71462341129018,100.0,0.0,57.032877404677414,VER,57.00287740467741
0.7287287287287287,218.13627976461314,100.0,0.0,57.11817678587679,VER,57.08817678587679
0.7297297297297297,219.55793611793612,100.0,0.0,57.20347616707617,VER,57.17347616707617
0.7307307307307307,220.72481057290472,100.0,0.0,57.287984845832376,VER,57.257984845832375
0.7317317317317317,221.77670877155177,100.0,0.0,57.37213670172414,VER,57.34213670172414
0.7327327327327328,222.82860697019893,100.0,0.0,57.45628855761591,VER,57.42628855761591
0.7337337337337337,224.43532640827962,100.0,0.0,57.53889566759742,VER,57.50889566759742
0.7347347347347347,226.15004350110337,100.0,0.0,57.62120208805296,VER,57.59120208805296
0.7357357357357357,227.86476059392714,100.0,0.0,57.703508508508506,VER,57.673508508508505
0.7367367367367368,228.93537899371233,100.0,0.0,57.78483031949699,VER,57.75483031949699
0.7377377377377378,229.95084781751444,100.0,0.0,57.86606782540116,VER,57.83606782540116
0.7387387387387387,230.96631664131658,100.0,0.0,57.94730533130533,VER,57.91730533130533
0.7397397397397397,232.91386027377575,100.0,0.0,58.02655441095103,VER,57.99655441095103
0.7407407407407407,234.89338177840276,100.0,0.0,58.10573527113611,VER,58.07573527113611
0.7417417417417418,236.87290328302996,100.0,0.0,58.184916131321195,VER,58.154916131321194
0.7427427427427428,238.21445276535184,100.0,0.0,58.26286716592111,VER,58.23286716592111
0.7437437437437437,239.51223034929814,100.0,0.0,58.34073382095789,VER,58.310733820957886
0.7447447447447447,240.81000793324444,100.0,0.0,58.418600475994666,VER,58.388600475994664
0.7457457457457457,241.82062390259108,100.0,0.0,58.495649912207284,VER,58.46564991220728
0.7467467467467468,242.7819898792235,100.0,0.0,58.57255919033788,VER,58.542559190337876
0.7477477477477478,243.7433558558558,100.0,0.0,58.64946846846847,VER,58.61946846846847
0.7487487487487487,245.59849254965442,100.0,0.0,58.724805458845296,VER,58.694805458845295
0.7497497497497497,247.77912082068775,100.0,0.0,58.79956985670929,VER,58.76956985670929
0.7507507507507507,249.95974909172105,100.0,0.0,58.87433425457329,VER,58.84433425457329
0.7517517517517518,251.48296071662216,100.0,0.0,58.94863685732977,VER,58.918636857329766
0.7527527527527528,252.40647763905636,100.0,0.0,59.022518211124506,VER,58.992518211124505
0.7537537537537538,253.32999456149057,100.0,0.0,59.096399564919246,VER,59.066399564919244
0.7547547547547547,254.41436239972265,100.0,0.0,59.169889395186686,VER,59.139889395186685
0.7557557557557557,255.92384308375284,100.0,0.0,59.242344468020136,VER,59.212344468020135
0.7567567567567568,257.43332376778324,100.0,0.0,59.31479954085359,VER,59.28479954085359
0.7577577577577578,258.94280445181346,100.0,0.0,59.38725461368705,VER,59.35725461368705
0.7587587587587588,259.5764626056452,100.0,0.0,59.459175512677426,VER,59.429175512677425
0.7597597597597597,260.17562811854,100.0,0.0,59.5310753742248,VER,59.5010753742248
0.7607607607607607,260.7747936314347,100.0,0.0,59.60297523577217,VER,59.57297523577217
0.7617617617617618,261.9173245927632,100.0,0.0,59.674031580452635,VER,59.64403158045263
0.7627627627627628,263.3870821008978,100.0,0.0,59.744579940843096,VER,59.714579940843095
0.7637637637637638,264.85683960903253,100.0,0.0,59.81512830123356,VER,59.785128301233556
0.7647647647647647,266.0650747813981,100.0,0.0,59.88561794753554,VER,59.85561794753554
0.7657657657657657,266.3579253410714,100.0,0.0,59.955902081857126,VER,59.925902081857124
0.7667667667667668,266.6507759007447,100.0,0.0,60.02618621617872,VER,59.99618621617872
0.7677677677677678,266.943626460418,100.0,0.0,60.09647035050031,VER,60.06647035050031
0.7687687687687688,267.7015484929373,100.0,0.0,60.166123879434984,VER,60.13612387943498
0.7697697697697697,268.57033848663474,100.0,0.0,60.235627078930776,VER,60.205627078930775
0.7707707707707707,269.4391284803321,100.0,0.0,60.30513027842657,VER,60.275130278426566
0.7717717717717718,270.43188565188564,100.0,0.0,60.3741855965056,VER,60.344185596505596
0.7727727727727728,271.65044824044816,100.0,0.0,60.4424251014651,VER,60.4124251014651
0.7737737737737738,272.8690108290107,100.0,0.0,60.510664606424605,VER,60.480664606424604
0.7747747747747747,274.08757341757325,100.0,0.0,60.578904111384105,VER,60.548904111384104
0.7757757757757757,275.0711729241318,100.0,0.0,60.64708150179164,VER,60.61708150179164
0.7767767767767768,275.3544740090332,100.0,0.0,60.71507376216796,VER,60.68507376216796
0.7777777777777778,275.6377750939345,100.0,0.0,60.78306602254428,VER,60.75306602254428
0.7787787787787788,275.92107617883585,100.0,0.0,60.8510582829206,VER,60.821058282920596
0.7797797797797797,276.6065389762522,100.0,0.0,60.918523118100175,VER,60.888523118100174
0.7807807807807807,277.4473034862819,100.0,0.0,60.98578427890255,VER,60.95578427890255
0.7817817817817818,278.28806799631167,100.0,0.0,61.05304543970493,VER,61.02304543970493
0.7827827827827828,279.0427907967491,100.0,0.0,61.12026979121978,VER,61.09026979121978
0.7837837837837838,279.3220447232947,100.0,0.0,61.18729073359073,VER,61.15729073359073
0.7847847847847848,279.60129864984026,100.0,0.0,61.25431167596167,VER,61.224311675961665
0.7857857857857857,279.88055257638587,100.0,0.0,61.321332618332605,VER,61.2913326183326
0.7867867867867868,280.15923779651536,100.0,0.0,61.38821707116369,VER,61.358217071163686
0.7877877877877878,280.4374979368455,100.0,0.0,61.45499950484292,VER,61.424999504842916
0.7887887887887888,280.71575807717556,100.0,0.0,61.521781938522146,VER,61.491781938522145
0.7897897897897898,280.9940182175057,100.0,0.0,61.588564372201375,VER,61.558564372201374
0.7907907907907907,281.32557539809306,100.0,0.0,61.65511507961862,VER,61.62511507961862
0.7917917917917918,281.6583034807857,100.0,0.0,61.721660696157144,VER,61.69166069615714
0.7927927927927928,281.9910315634784,100.0,0.0,61.78820631269567,VER,61.75820631269567
0.7937937937937938,282.0,100.0,0.0,61.8547519292342,VER,61.824751929234196
0.7947947947947948,282.0,100.0,0.0,61.92129754577272,VER,61.891297545772716
0.7957957957957957,282.0,100.0,0.0,61.98784316231124,VER,61.95784316231124
0.7967967967967968,282.0,100.0,0.0,62.05438877884978,VER,62.024388778849776
0.7977977977977978,282.0,100.0,0.0,62.120934395388296,VER,62.090934395388295
0.7987987987987988,282.0,100.0,0.0,62.187480011926816,VER,62.157480011926815
0.7997997997997998,282.0,100.0,0.0,62.25402562846534,VER,62.22402562846534
0.8008008008008007,282.0,100.0,0.0,62.32057124500386,VER,62.29057124500386
0.8018018018018018,282.0,100.0,0.0,62.387116861542395,VER,62.357116861542394
0.8028028028028028,282.0,100.0,0.0,62.453662478080915,VER,62.423662478080914
0.8038038038038038,281.9573149068404,100.0,0.0,62.5202444223583,VER,62.4902444223583
0.8048048048048048,281.67905476651026,100.0,0.0,62.58702685603753,VER,62.55702685603753
0.8058058058058059,281.40079462618013,100.0,0.0,62.65380928971677,VER,62.62380928971677
0.8068068068068068,281.12253448585,100.0,0.0,62.720591723396,VER,62.690591723396
0.8078078078078078,279.7176876510209,83.97109563776135,0.1602890436223865,62.78846937046937,VER,62.75846937046937
0.8088088088088088,277.4263733819289,55.32966727411128,0.4467033272588872,62.85720879854213,VER,62.82720879854213
0.8098098098098098,275.13505911283687,26.68823891046121,0.7331176108953879,62.92594822661489,VER,62.89594822661489
0.8108108108108109,272.41475774554965,0.0,1.0,62.995202153372894,VER,62.96520215337289
0.8118118118118118,263.83280780780694,0.0,1.0,63.071486152819496,VER,63.041486152819495
0.8128128128128128,255.2508578700643,0.0,1.0,63.14777015226609,VER,63.11777015226609
0.8138138138138138,246.66890793232162,0.0,1.0,63.22405415171269,VER,63.19405415171269
0.8148148148148148,237.47949214365835,0.0,1.0,63.30865084175085,VER,63.278650841750846
0.8158158158158159,228.2387258470583,0.0,1.0,63.39395022295023,VER,63.36395022295023
0.8168168168168168,218.9129738713069,0.0,1.0,63.48043545083545,VER,63.45043545083545
0.8178178178178178,208.8884739440293,0.0,1.0,63.576670650137316,VER,63.546670650137315
0.8188188188188188,198.8639740167517,0.0,1.0,63.67290584943918,VER,63.64290584943918
0.8198198198198198,186.26325416325435,0.0,1.0,63.77989396669397,VER,63.74989396669397
0.8208208208208209,172.04669063002297,0.0,1.0,63.89362647495982,VER,63.863626474959815
0.8218218218218218,159.24916444221893,0.0,1.0,64.01572383494607,VER,63.98572383494607
0.8228228228228228,147.84629577493965,0.0,1.0,64.14604233400068,VER,64.11604233400068
0.8238238238238238,139.28940910607463,0.0,1.0,64.28421181787851,VER,64.25421181787851
0.8248248248248248,132.18112733945992,0.0,1.0,64.4263774532108,VER,64.3963774532108
0.8258258258258259,129.00005123233393,0.0,1.0,64.57399754084797,VER,64.54399754084797
0.8268268268268268,124.1419341080188,0.0,1.0,64.72716131783963,VER,64.69716131783963
0.8278278278278278,115.98286286286037,0.0,1.0,64.89034274274279,VER,64.86034274274279
0.8288288288288288,111.87400013649938,1.8755999181003744,0.37480002729987516,65.06004799344804,VER,65.03004799344804
0.8298298298298298,107.86751366751302,11.529945329947886,0.0,65.23529945329948,VER,65.20529945329947
0.8308308308308309,104.10623043678616,27.956073931075423,0.0,65.41549530482868,VER,65.38549530482868
0.8318318318318318,104.85090757424106,34.658168168169624,0.0,65.59421781781785,VER,65.56421781781785
0.8328328328328328,106.16890457435657,45.935688882030824,0.0,65.77026854892279,VER,65.74026854892278
0.8338338338338338,109.6167883400652,58.2335766801304,0.0,65.93978102240175,VER,65.90978102240175
0.8348348348348348,115.6833391581245,70.366678316249,0.0,66.10155571088332,VER,66.07155571088332
0.8358358358358359,120.78127051783073,71.59765881472885,0.0,66.25343811553492,VER,66.22343811553492
0.8368368368368369,127.05404235170555,77.70087905651701,0.0,66.39886467762729,VER,66.36886467762729
0.8378378378378378,135.49193077970114,93.45160412210878,0.0,66.53387089247522,VER,66.50387089247522
0.8388388388388388,142.90709794224068,100.0,0.0,66.66213103893368,VER,66.63213103893368
0.8398398398398398,149.59449460425358,100.0,0.0,66.785590669617,VER,66.75559066961699
0.8408408408408409,154.50325950951017,89.98696196195931,0.0,66.9050977852853,VER,66.8750977852853
0.8418418418418419,158.41281448114864,74.34874207540545,0.0,67.02238443443446,VER,66.99238443443446
0.8428428428428428,160.85485992127127,53.182428031297796,0.0,67.1383887937017,VER,67.10838879370169
0.8438438438438438,162.29395991083138,28.23802821225614,0.0,67.2535167928665,VER,67.2235167928665
0.8448448448448448,161.99799778814412,16.75150165889191,0.0,67.37012013271135,VER,67.34012013271135
0.8458458458458459,160.03092610430068,18.22680542177449,0.0,67.48814443374195,VER,67.45814443374195
0.8468468468468469,158.0396958248565,17.319467693498865,0.0,67.60761825050861,VER,67.5776182505086
0.8478478478478478,156.02186100078532,13.78825675137433,0.0,67.72868833995288,VER,67.69868833995288
0.8488488488488488,154.23827659896716,15.046893604131332,0.0,67.85093787208262,VER,67.82093787208262
0.8498498498498498,152.69503121542573,21.219875138297084,0.0,67.97439750276594,VER,67.94439750276594
0.8508508508508509,151.71538950650418,28.269157402437457,0.0,68.098306518439,VER,68.068306518439
0.8518518518518519,151.19756765595605,36.03648516065911,0.0,68.22258376257054,VER,68.19258376257054
0.8528528528528528,151.3817767109216,45.49020408566708,0.0,68.34635534218431,VER,68.31635534218431
0.8538538538538538,151.99907486433818,55.98427269374909,0.0,68.46981497286764,VER,68.43981497286764
0.8548548548548548,154.00189527134017,66.00947635670083,0.0,68.59011371628041,VER,68.56011371628041
0.8558558558558559,156.00500028330262,76.0116673277061,0.0,68.7104000226642,VER,68.6804000226642
0.8568568568568569,157.48030404618495,79.45404277443154,0.0,68.82842432369479,VER,68.79842432369479
0.8578578578578578,158.9556078090673,82.89641822115699,0.0,68.94644862472539,VER,68.91644862472539
0.8588588588588588,163.48747416055215,85.24373708027608,0.0,69.05769937985325,VER,69.02769937985325
0.8598598598598598,168.11416643468027,87.55708321734014,0.0,69.16873999443233,VER,69.13873999443233
0.8608608608608609,171.1675604175612,86.19369965203235,0.3612600695935304,69.27670241670245,VER,69.24670241670245
0.8618618618618619,173.84839811239874,83.95966823966772,0.8080663520664549,69.38393592449596,VER,69.35393592449596
0.8628628628628628,174.48436172203012,62.37446888120493,1.0,69.4918765933564,VER,69.4618765933564
0.8638638638638638,173.58041837598657,26.216735039463003,1.0,69.60034979488161,VER,69.57034979488161
0.8648648648648649,171.99455413497233,3.6702972433517784,0.8324256891620554,69.71021783460111,VER,69.68021783460111
0.8658658658658659,169.18529307750765,5.543137948328226,0.3642155129179433,69.8225882768997,VER,69.79258827689969
0.8668668668668669,166.4639781242139,7.536021875786097,0.0,69.93572905003774,VER,69.90572905003773
0.8678678678678678,164.05067258616563,9.94932741383436,0.0,70.05156771586405,VER,70.02156771586405
0.8688688688688688,161.4693861065356,13.288633741270687,0.0,70.16819247634736,VER,70.13819247634736
0.8698698698698699,157.93817516441027,21.86443174357504,0.0,70.28926256579165,VER,70.25926256579164
0.8708708708708709,155.08417632375986,30.430997503917705,0.0,70.41020231770237,VER,70.38020231770237
0.8718718718718719,155.58540132012376,38.95182244210394,0.0,70.5304963168297,VER,70.5004963168297
0.8728728728728729,156.0,47.472647380290006,0.0,70.65079031595702,VER,70.62079031595702
0.8738738738738738,156.0,55.99347231847529,0.0,70.77108431508435,VER,70.74108431508435
0.8748748748748749,156.59675662370066,64.27876419364426,0.0,70.89046022709832,VER,70.86046022709832
0.8758758758758759,159.95465659934086,71.47426414144473,0.0,71.00558822626311,VER,70.97558822626311
0.8768768768768769,163.34049605160848,78.59586809031484,0.0,71.12021488154825,VER,71.09021488154825
0.8778778778778779,166.99855918296586,84.99747857019027,0.0,71.22995677548897,VER,71.19995677548897
0.8788788788788788,170.65662231432327,91.3990890500657,0.0,71.3396986694297,VER,71.3096986694297
0.8798798798798799,177.06215199156628,95.03107599578314,0.0,71.4409322798735,VER,71.41093227987349
0.8808808808808809,183.75229953661548,98.37614976830774,0.0,71.54128449304923,VER,71.51128449304923
0.8818818818818819,188.451727844684,100.0,0.0,71.63977352610345,VER,71.60977352610345
0.8828828828828829,191.27305617473218,100.0,0.0,71.73650478313368,VER,71.70650478313368
0.8838838838838838,194.07847397397452,100.0,0.0,71.83313895895898,VER,71.80313895895898
0.8848848848848849,196.42420695695773,100.0,0.0,71.92696827827831,VER,71.89696827827831
0.8858858858858859,198.76993993994066,100.0,0.0,72.02079759759762,VER,71.99079759759762
0.8868868868868869,201.6014443869716,100.0,0.0,72.11270518365257,VER,72.08270518365256
0.8878878878878879,204.96852522378904,100.0,0.0,72.20249400596771,VER,72.1724940059677
0.8888888888888888,208.33560606060652,100.0,0.0,72.29228282828284,VER,72.26228282828284
0.8898898898898899,211.03396652825725,100.0,0.0,72.37973599525453,VER,72.34973599525453
0.8908908908908909,213.567937343208,100.0,0.0,72.46661499462428,VER,72.43661499462428
0.8918918918918919,216.1257837837845,100.0,0.0,72.55335423423425,VER,72.52335423423425
0.8928928928928929,219.25342776109488,100.0,0.0,72.6367580736292,VER,72.6067580736292
0.8938938938938938,222.3810717384053,100.0,0.0,72.72016191302414,VER,72.69016191302414
0.8948948948948949,225.2764759324544,100.0,0.0,72.80327084475782,VER,72.77327084475782
0.8958958958958959,226.97628244186234,100.0,0.0,72.88486155720939,VER,72.85486155720939
0.8968968968968969,228.6760889512703,100.0,0.0,72.96645226966098,VER,72.93645226966098
0.8978978978978979,230.43775167572653,100.0,0.0,73.04751006702907,VER,73.01751006702906
0.8988988988988988,232.41727318035353,100.0,0.0,73.12669092721414,VER,73.09669092721414
0.8998998998998999,234.39679468498076,100.0,0.0,73.20587178739923,VER,73.17587178739923
0.9009009009009009,236.37631618960773,100.0,0.0,73.28505264758431,VER,73.25505264758431
0.9019019019019019,237.88888944269323,100.0,0.0,73.36333336656159,VER,73.33333336656159
0.9029029029029029,239.18666702663944,100.0,0.0,73.44120002159836,VER,73.41120002159836
0.9039039039039038,240.48444461058565,100.0,0.0,73.51906667663513,VER,73.48906667663513
0.9049049049049049,242.33025084896732,100.0,0.0,73.59560860053602,VER,73.56560860053602
0.9059059059059059,244.5372576877954,100.0,0.0,73.6712774064387,VER,73.6412774064387
0.9069069069069069,246.74426452662345,100.0,0.0,73.74694621234138,VER,73.71694621234138
0.9079079079079079,248.5349553256961,100.0,0.0,73.82209731954177,VER,73.79209731954177
0.9089089089089089,249.77608388812098,100.0,0.0,73.89656503328726,VER,73.86656503328726
0.9099099099099099,251.01721245054597,100.0,0.0,73.97103274703277,VER,73.94103274703276
0.9109109109109109,252.19147628020193,100.0,0.0,74.04531810241616,VER,74.01531810241616
0.9119119119119119,253.11137156764624,100.0,0.0,74.1189097254117,VER,74.0889097254117
0.9129129129129129,254.03126685509056,100.0,0.0,74.19250134840725,VER,74.16250134840725
0.9139139139139139,254.95116214253488,100.0,0.0,74.26609297140278,VER,74.23609297140278
0.914914914914915,255.57618584862436,100.0,0.0,74.33914230183493,VER,74.30914230183492
0.9159159159159159,256.1846768947937,100.0,0.0,74.41216122737525,VER,74.38216122737525
0.9169169169169169,256.79316794096303,100.0,0.0,74.48518015291556,VER,74.45518015291556
0.9179179179179179,257.2000510846764,100.0,0.0,74.55801226032234,VER,74.52801226032234
0.9189189189189189,257.5031173615476,100.0,0.0,74.63074816677143,VER,74.60074816677142
0.91991991991992,257.80618363841876,100.0,0.0,74.70348407322051,VER,74.67348407322051
0.9209209209209209,258.10837653206164,100.0,0.0,74.77611874422685,VER,74.74611874422685
0.9219219219219219,258.4090199878021,100.0,0.0,74.8485738170603,VER,74.8185738170603
0.9229229229229229,258.7096634435425,100.0,0.0,74.92102888989375,VER,74.89102888989375
0.9239239239239239,259.02062701698793,100.0,0.0,74.99346492853006,VER,74.96346492853006
0.924924924924925,259.62229949855595,100.0,0.0,75.06536479007744,VER,75.03536479007744
0.9259259259259259,260.22397198012385,100.0,0.0,75.1372646516248,VER,75.1072646516248
0.9269269269269269,260.8256444616918,100.0,0.0,75.20916451317217,VER,75.17916451317217
0.9279279279279279,260.5711775482047,100.0,0.0,75.28145869421544,VER,75.25145869421544
0.9289289289289289,259.9673852745926,100.0,0.0,75.3539137670489,VER,75.3239137670489
0.92992992992993,259.3635930009805,100.0,0.0,75.42636883988234,VER,75.39636883988234
0.9309309309309309,259.2383586651785,100.0,0.0,75.49860303982142,VER,75.46860303982142
0.9319319319319319,259.8375241780733,100.0,0.0,75.57050290136878,VER,75.54050290136878
0.9329329329329329,260.436689690968,100.0,0.0,75.64240276291616,VER,75.61240276291616
0.933933933933934,261.0178591759699,100.0,0.0,75.71428620223276,VER,75.68428620223276
0.934934934934935,261.31629848678193,100.0,0.0,75.78591163682766,VER,75.75591163682766
0.9359359359359359,261.61473779759405,100.0,0.0,75.85753707142257,VER,75.82753707142257
0.9369369369369369,261.9131771084061,100.0,0.0,75.92916250601746,VER,75.89916250601746
0.9379379379379379,262.4200265290543,100.0,0.0,76.00040318348651,VER,75.97040318348651
0.938938938938939,263.01238334293896,100.0,0.0,76.07148600115268,VER,76.04148600115268
0.93993993993994,263.60474015682354,100.0,0.0,76.14256881881883,VER,76.11256881881883
0.9409409409409409,264.19561503859757,100.0,0.0,76.2134738046317,VER,76.1834738046317
0.9419419419419419,264.7835180418514,100.0,0.0,76.28402216502217,VER,76.25402216502216
0.9429429429429429,265.37142104510525,100.0,0.0,76.35457052541264,VER,76.32457052541264
0.943943943943944,265.9593240483592,100.0,0.0,76.4251188858031,VER,76.3951188858031
0.944944944944945,266.8116862215375,100.0,0.0,76.49493489772301,VER,76.46493489772301
0.9459459459459459,267.6837059178137,100.0,0.0,76.5646964734251,VER,76.5346964734251
0.9469469469469469,268.55572561408985,100.0,0.0,76.63445804912719,VER,76.60445804912719
0.9479479479479479,269.4230275312076,98.16688069810036,0.14100917706920307,76.70384220249662,VER,76.67384220249662
0.948948948948949,270.2854293631867,94.42980609285743,0.4284764543955817,76.77283434905493,VER,76.74283434905493
0.94994994994995,271.1478311951658,90.69273148761494,0.7159437317219284,76.84182649561326,VER,76.81182649561326
0.950950950950951,271.9303237361206,86.68095605486808,1.0,76.91088012122795,VER,76.88088012122795
0.9519519519519519,266.0582648854391,59.79310763332623,1.0,76.98505349618392,VER,76.95505349618392
0.9529529529529529,260.1862060347575,32.905259211784376,1.0,77.05922687113991,VER,77.02922687113991
0.953953953953954,254.3141471840753,6.017410790239552,1.0,77.1334002460959,VER,77.1034002460959
0.954954954954955,242.9312492215728,0.0,1.0,77.21712500518952,VER,77.18712500518951
0.955955955955956,229.95945392397041,0.0,1.0,77.30360364050686,VER,77.27360364050686
0.9569569569569569,216.99286146415758,0.0,1.0,77.39009017097906,VER,77.36009017097906
0.9579579579579579,209.48967515495283,0.0,1.0,77.48486726120059,VER,77.45486726120059
0.958958958958959,201.98648884574726,0.0,1.0,77.57964435142213,VER,77.54964435142213
0.95995995995996,194.77822511155813,0.0,1.0,77.67832662332663,VER,77.64832662332662
0.960960960960961,187.90428230428287,0.0,1.0,77.78143576543576,VER,77.75143576543576
0.9619619619619619,180.63828540474822,0.0,1.0,77.88634057514302,VER,77.85634057514302
0.9629629629629629,170.98506325255516,0.0,1.0,78.00217924096934,VER,77.97217924096934
0.963963963963964,161.6816419360544,0.0,1.0,78.11848954837188,VER,78.08848954837188
0.964964964964965,157.0821654988333,0.0,1.0,78.24114225336444,VER,78.21114225336444
0.965965965965966,152.5147980164086,0.181950743846773,0.9393497520510756,78.36455605950773,VER,78.33455605950773
0.9669669669669669,148.20080632356618,1.7996976286626838,0.40010079044577207,78.49397581029301,VER,78.46397581029301
0.9679679679679679,144.27941125649528,4.008824240906622,0.0,78.62458825968822,VER,78.59458825968822
0.968968968968969,141.48687199103887,7.918379212545582,0.0,78.75863014443013,VER,78.72863014443013
0.96996996996997,139.19944488283917,17.204996054447392,0.0,78.89404440937287,VER,78.86404440937287
0.970970970970971,137.48723102664735,32.61492076017393,0.0,79.03102151786821,VER,79.00102151786821
0.9719719719719719,137.0,45.98320741665907,0.0,79.16799862636356,VER,79.13799862636355
0.9729729729729729,137.0,58.53944236206509,0.0,79.3049757348589,VER,79.2749757348589
0.973973973973974,139.6522211765751,66.95666352972526,0.0,79.43730661647561,VER,79.40730661647561
0.974974974974975,142.6862756796526,75.67756277248415,0.0,79.56830068479073,VER,79.53830068479073
0.975975975975976,147.3466723345856,87.06964348454258,0.0,79.69257792892229,VER,79.66257792892229
0.9769769769769769,151.95042135885816,96.42240949282586,0.0,79.81534456956956,VER,79.78534456956956
0.9779779779779779,156.34867070195122,98.37718697864499,0.0,79.9326312187187,VER,79.9026312187187
0.978978978978979,160.78109285756315,100.0,0.0,80.04874622858152,VER,80.01874622858152
0.97997997997998,165.38056929478472,100.0,0.0,80.15913366307483,VER,80.12913366307482
0.980980980980981,169.9800457320063,100.0,0.0,80.26952109756814,VER,80.23952109756814
0.9819819819819819,175.13309078309013,100.0,0.0,80.3726618156618,VER,80.3426618156618
0.9829829829829829,180.2885478885468,100.0,0.0,80.47577095777093,VER,80.44577095777093
0.983983983983984,183.9345953978667,100.0,0.0,80.57632898506972,VER,80.54632898506972
0.984984984984985,186.8305620435248,100.0,0.0,80.6756192700637,VER,80.6456192700637
0.985985985985986,190.07889510343648,100.0,0.0,80.77353952952953,VER,80.74353952952953
0.986986986986987,194.3794055722383,100.0,0.0,80.86736884884883,VER,80.83736884884883
0.9879879879879879,198.67991604104017,100.0,0.0,80.96119816816814,VER,80.93119816816814
0.988988988988989,202.08421434254743,100.0,0.0,81.05252643027642,VER,81.02252643027641
0.98998998998999,205.0915643207309,100.0,0.0,81.14274692962192,VER,81.11274692962192
0.990990990990991,208.07180655662452,100.0,0.0,81.23288423002442,VER,81.20288423002442
0.991991991991992,210.25498380064616,100.0,0.0,81.3205751826593,VER,81.2905751826593
0.992992992992993,212.43816104466802,100.0,0.0,81.40826613529417,VER,81.37826613529417
0.993993993993994,214.85458538415483,100.0,0.0,81.49484293221792,VER,81.46484293221792
0.994994994994995,217.85731577711823,100.0,0.0,81.5786191101816,VER,81.5486191101816
0.995995995995996,220.86004617008163,100.0,0.0,81.66239528814528,VER,81.63239528814528
0.996996996996997,223.86277656304503,100.0,0.0,81.74617146610896,VER,81.71617146610896
0.997997997997998,226.26114548892326,100.0,0.0,81.82752498819166,VER,81.79752498819165
0.998998998998999,228.63057274446163,100.0,0.0,81.90876249409582,VER,81.87876249409582
1.0,231.0,100.0,0.0,81.99,VER,81.96
