LapDistanceNorm,Speed,Throttle,Brake,Time_seconds,Source,LongAccel,LatAccel,SuspTravel_FL,SuspTravel_FR,SuspTravel_RL,SuspTravel_RR
0.0,320.0,100.0,0.0,0.0,AC_DEMO_SYNTH,-0.0002,0.0001,93.626,93.488,74.901,74.79
0.00056,320.0,100.0,0.0,0.05,AC_DEMO_SYNTH,-0.0002,0.0001,93.089,93.68,74.471,74.944
0.00111,320.0,100.0,0.0,0.1001,AC_DEMO_SYNTH,-0.0002,0.0001,93.805,93.382,75.044,74.706
0.00167,320.0,100.0,0.0,0.1501,AC_DEMO_SYNTH,-0.0003,0.0001,93.881,93.34,75.105,74.672
0.00222,320.0,100.0,0.0,0.2001,AC_DEMO_SYNTH,-0.0003,0.0001,92.724,93.541,74.179,74.833
0.00278,320.0,100.0,0.0,0.2501,AC_DEMO_SYNTH,-0.0003,0.0001,92.984,92.735,74.387,74.188
0.00334,319.99,100.0,0.0,0.3002,AC_DEMO_SYNTH,-0.0004,0.0001,93.553,93.692,74.842,74.954
0.00389,319.99,100.0,0.0,0.3502,AC_DEMO_SYNTH,-0.0004,0.0001,93.375,93.501,74.7,74.801
0.00445,319.99,100.0,0.0,0.4002,AC_DEMO_SYNTH,-0.0005,0.0001,93.495,93.517,74.796,74.814
0.005,319.99,100.0,0.0,0.4503,AC_DEMO_SYNTH,-0.0005,0.0002,93.161,93.885,74.529,75.108
0.00556,319.99,100.0,0.0,0.5003,AC_DEMO_SYNTH,-0.0006,0.0002,93.855,92.72,75.084,74.176
0.00611,319.99,100.0,0.0,0.5503,AC_DEMO_SYNTH,-0.0007,0.0002,93.814,92.712,75.051,74.17
0.00667,319.99,100.0,0.0,0.6003,AC_DEMO_SYNTH,-0.0007,0.0002,93.53,93.611,74.824,74.889
0.00723,319.99,100.0,0.0,0.6504,AC_DEMO_SYNTH,-0.0008,0.0003,93.955,93.498,75.164,74.798
0.00778,319.99,100.0,0.1,0.7004,AC_DEMO_SYNTH,-0.0009,0.0003,93.691,93.569,74.953,74.855
0.00834,319.98,100.0,0.1,0.7504,AC_DEMO_SYNTH,-0.001,0.0003,93.158,93.313,74.526,74.65
0.00889,319.98,100.0,0.1,0.8004,AC_DEMO_SYNTH,-0.0011,0.0004,93.65,93.764,74.92,75.011
0.00945,319.98,100.0,0.1,0.8505,AC_DEMO_SYNTH,-0.0013,0.0004,93.119,93.872,74.495,75.098
0.01001,319.98,100.0,0.1,0.9005,AC_DEMO_SYNTH,-0.0014,0.0005,93.855,93.692,75.084,74.954
0.01056,319.98,100.0,0.1,0.9505,AC_DEMO_SYNTH,-0.0016,0.0005,93.484,93.395,74.787,74.716
0.01112,319.97,100.0,0.1,1.0006,AC_DEMO_SYNTH,-0.0017,0.0006,93.428,92.652,74.742,74.122
0.01167,319.97,100.0,0.1,1.0506,AC_DEMO_SYNTH,-0.0019,0.0006,93.23,93.804,74.584,75.043
0.01223,319.97,100.0,0.1,1.1006,AC_DEMO_SYNTH,-0.0021,0.0007,93.992,93.985,75.194,75.188
0.01278,319.96,100.0,0.1,1.1506,AC_DEMO_SYNTH,-0.0023,0.0008,93.439,93.751,74.751,75.001
0.01334,319.96,100.0,0.2,1.2007,AC_DEMO_SYNTH,-0.0026,0.0009,93.331,93.141,74.665,74.513
0.0139,319.95,100.0,0.2,1.2507,AC_DEMO_SYNTH,-0.0029,0.001,93.36,93.76,74.688,75.008
0.01445,319.95,100.0,0.2,1.3007,AC_DEMO_SYNTH,-0.0032,0.0011,93.715,93.835,74.972,75.068
0.01501,319.94,100.0,0.2,1.3508,AC_DEMO_SYNTH,-0.0035,0.0012,93.646,94.111,74.917,75.289
0.01556,319.93,100.0,0.2,1.4008,AC_DEMO_SYNTH,-0.0039,0.0013,93.664,93.134,74.931,74.507
0.01612,319.93,100.0,0.3,1.4508,AC_DEMO_SYNTH,-0.0043,0.0015,93.673,93.394,74.938,74.715
0.01668,319.92,100.0,0.3,1.5008,AC_DEMO_SYNTH,-0.0047,0.0016,94.356,93.781,75.485,75.025
0.01723,319.91,100.0,0.3,1.5509,AC_DEMO_SYNTH,-0.0052,0.0018,93.336,93.502,74.669,74.802
0.01779,319.9,100.0,0.3,1.6009,AC_DEMO_SYNTH,-0.0057,0.002,93.293,93.03,74.634,74.424
0.01834,319.89,100.0,0.4,1.6509,AC_DEMO_SYNTH,-0.0062,0.0022,93.172,93.64,74.538,74.912
0.0189,319.88,100.0,0.4,1.7009,AC_DEMO_SYNTH,-0.0068,0.0025,93.744,93.702,74.995,74.962
0.01946,319.87,100.0,0.5,1.751,AC_DEMO_SYNTH,-0.0075,0.0027,93.949,93.503,75.159,74.802
0.02001,319.85,100.0,0.5,1.801,AC_DEMO_SYNTH,-0.0082,0.003,93.448,93.55,74.758,74.84
0.02057,319.84,100.0,0.5,1.851,AC_DEMO_SYNTH,-0.009,0.0033,93.159,93.356,74.527,74.685
0.02112,319.82,100.0,0.6,1.9011,AC_DEMO_SYNTH,-0.0099,0.0037,93.163,94.045,74.53,75.236
0.02168,319.8,100.0,0.6,1.9511,AC_DEMO_SYNTH,-0.0108,0.004,93.751,93.088,75.001,74.47
0.02223,319.78,100.0,0.7,2.0011,AC_DEMO_SYNTH,-0.0118,0.0044,93.786,93.207,75.029,74.566
0.02279,319.76,100.0,0.8,2.0511,AC_DEMO_SYNTH,-0.0129,0.0049,93.706,93.441,74.965,74.753
0.02335,319.74,100.0,0.8,2.1012,AC_DEMO_SYNTH,-0.0141,0.0054,93.222,93.782,74.578,75.026
0.0239,319.71,100.0,0.9,2.1512,AC_DEMO_SYNTH,-0.0154,0.0059,93.577,92.823,74.862,74.258
0.02446,319.68,100.0,1.0,2.2012,AC_DEMO_SYNTH,-0.0168,0.0065,93.529,92.889,74.823,74.311
0.02501,319.65,100.0,1.1,2.2513,AC_DEMO_SYNTH,-0.0183,0.0071,93.567,92.589,74.854,74.071
0.02557,319.62,100.0,1.2,2.3013,AC_DEMO_SYNTH,-0.0199,0.0078,93.827,93.408,75.062,74.726
0.02613,319.58,100.0,1.3,2.3513,AC_DEMO_SYNTH,-0.0216,0.0085,93.563,92.936,74.85,74.349
0.02668,319.54,100.0,1.4,2.4013,AC_DEMO_SYNTH,-0.0235,0.0094,93.743,93.217,74.994,74.574
0.02724,319.5,100.0,1.5,2.4514,AC_DEMO_SYNTH,-0.0255,0.0102,93.495,93.624,74.796,74.899
0.02779,319.45,100.0,1.7,2.5014,AC_DEMO_SYNTH,-0.0277,0.0112,93.579,93.087,74.863,74.47
0.02835,319.4,100.0,1.8,2.5514,AC_DEMO_SYNTH,-0.0301,0.0122,93.712,93.422,74.97,74.738
0.0289,319.35,100.0,2.0,2.6014,AC_DEMO_SYNTH,-0.0326,0.0133,92.873,93.195,74.298,74.556
0.02946,319.29,100.0,2.1,2.6515,AC_DEMO_SYNTH,-0.0353,0.0146,93.323,93.565,74.658,74.852
0.03002,319.22,100.0,2.3,2.7015,AC_DEMO_SYNTH,-0.0382,0.0159,93.255,93.464,74.604,74.771
0.03057,319.15,100.0,2.5,2.7515,AC_DEMO_SYNTH,-0.0413,0.0173,93.181,92.976,74.545,74.381
0.03113,319.07,100.0,2.7,2.8016,AC_DEMO_SYNTH,-0.0446,0.0188,93.318,93.161,74.654,74.529
0.03168,318.99,100.0,2.9,2.8516,AC_DEMO_SYNTH,-0.0482,0.0205,94.02,93.621,75.216,74.897
0.03224,318.9,100.0,3.1,2.9016,AC_DEMO_SYNTH,-0.052,0.0223,93.067,93.333,74.454,74.666
0.0328,318.81,100.0,3.4,2.9516,AC_DEMO_SYNTH,-0.056,0.0242,93.792,92.589,75.034,74.071
0.03335,318.71,100.0,3.6,3.0017,AC_DEMO_SYNTH,-0.0603,0.0263,92.723,93.379,74.178,74.703
0.03391,318.6,100.0,3.9,3.0517,AC_DEMO_SYNTH,-0.0649,0.0285,93.251,92.648,74.601,74.118
0.03446,318.48,100.0,4.2,3.1017,AC_DEMO_SYNTH,-0.0698,0.0309,93.438,93.609,74.75,74.887
0.03502,318.35,100.0,4.5,3.1518,AC_DEMO_SYNTH,-0.0751,0.0334,93.594,93.413,74.875,74.73
0.03558,318.21,100.0,4.8,3.2018,AC_DEMO_SYNTH,-0.0806,0.0362,93.629,93.075,74.903,74.46
0.03613,318.06,100.0,5.2,3.2518,AC_DEMO_SYNTH,-0.0865,0.0391,93.645,92.975,74.916,74.38
0.03669,317.91,100.0,5.6,3.3018,AC_DEMO_SYNTH,-0.0928,0.0423,93.175,92.781,74.54,74.225
0.03724,317.74,100.0,6.0,3.3519,AC_DEMO_SYNTH,-0.0994,0.0457,93.111,93.081,74.489,74.465
0.0378,317.55,100.0,6.4,3.4019,AC_DEMO_SYNTH,-0.1064,0.0493,93.617,92.601,74.894,74.081
0.03835,317.36,100.0,6.8,3.4519,AC_DEMO_SYNTH,-0.1138,0.0531,93.177,92.782,74.542,74.226
0.03891,317.15,100.0,7.3,3.5019,AC_DEMO_SYNTH,-0.1217,0.0572,92.719,92.97,74.175,74.376
0.03947,316.93,100.0,7.8,3.552,AC_DEMO_SYNTH,-0.13,0.0616,92.752,92.325,74.202,73.86
0.04002,316.69,100.0,8.3,3.602,AC_DEMO_SYNTH,-0.1387,0.0663,92.81,92.226,74.248,73.781
0.04058,316.44,100.0,8.9,3.652,AC_DEMO_SYNTH,-0.148,0.0712,93.348,91.914,74.678,73.531
0.04113,316.17,100.0,9.5,3.7021,AC_DEMO_SYNTH,-0.1577,0.0765,93.175,91.878,74.54,73.502
0.04169,315.88,100.0,10.1,3.7521,AC_DEMO_SYNTH,-0.1679,0.0821,93.359,91.478,74.687,73.182
0.04225,315.58,100.0,10.7,3.8021,AC_DEMO_SYNTH,-0.1787,0.088,92.878,92.404,74.302,73.923
0.0428,315.25,100.0,11.4,3.8521,AC_DEMO_SYNTH,-0.19,0.0943,93.071,92.728,74.457,74.182
0.04336,314.91,100.0,12.1,3.9022,AC_DEMO_SYNTH,-0.2018,0.1009,93.218,92.464,74.574,73.971
0.04391,314.54,100.0,12.9,3.9522,AC_DEMO_SYNTH,-0.2143,0.1079,92.797,91.123,74.238,72.898
0.04447,314.15,100.0,13.6,4.0022,AC_DEMO_SYNTH,-0.2273,0.1154,93.056,91.935,74.445,73.548
0.04503,313.74,100.0,14.5,4.0523,AC_DEMO_SYNTH,-0.2409,0.1232,92.557,92.079,74.046,73.663
0.04558,313.3,100.0,15.3,4.1023,AC_DEMO_SYNTH,-0.2551,0.1314,92.619,91.184,74.095,72.947
0.04614,312.83,100.0,16.2,4.1523,AC_DEMO_SYNTH,-0.27,0.1401,92.55,91.253,74.04,73.002
0.04669,312.34,100.0,17.1,4.2023,AC_DEMO_SYNTH,-0.2855,0.1492,92.16,90.248,73.728,72.198
0.04725,311.83,100.0,18.1,4.2524,AC_DEMO_SYNTH,-0.3016,0.1588,92.768,90.99,74.214,72.792
0.0478,311.28,100.0,19.1,4.3024,AC_DEMO_SYNTH,-0.3184,0.1688,92.311,90.277,73.849,72.222
0.04836,310.7,100.0,20.2,4.3524,AC_DEMO_SYNTH,-0.3359,0.1794,92.425,90.591,73.94,72.473
0.04892,310.09,100.0,21.2,4.4024,AC_DEMO_SYNTH,-0.354,0.1904,92.529,89.686,74.023,71.749
0.04947,309.45,50.0,22.4,4.4525,AC_DEMO_SYNTH,-0.3728,0.2018,92.427,90.318,73.942,72.254
0.05003,308.77,50.0,23.5,4.5025,AC_DEMO_SYNTH,-0.3923,0.2138,92.418,90.287,73.934,72.23
0.05058,308.06,50.0,24.8,4.5525,AC_DEMO_SYNTH,-0.4125,0.2263,92.013,89.331,73.61,71.465
0.05114,307.32,50.0,26.0,4.6026,AC_DEMO_SYNTH,-0.4334,0.2393,91.778,88.947,73.422,71.158
0.0517,306.53,50.0,27.3,4.6526,AC_DEMO_SYNTH,-0.455,0.2528,91.801,88.28,73.441,70.624
0.05225,305.71,50.0,28.6,4.7026,AC_DEMO_SYNTH,-0.4772,0.2668,91.038,88.768,72.83,71.014
0.05281,304.85,50.0,30.0,4.7526,AC_DEMO_SYNTH,-0.5002,0.2814,91.009,88.361,72.807,70.689
0.05336,303.94,50.0,31.4,4.8027,AC_DEMO_SYNTH,-0.5237,0.2964,90.921,87.676,72.737,70.141
0.05392,302.99,50.0,32.9,4.8527,AC_DEMO_SYNTH,-0.548,0.3119,90.908,88.169,72.726,70.535
0.05447,302.0,50.0,34.4,4.9027,AC_DEMO_SYNTH,-0.5729,0.3279,91.316,87.487,73.053,69.99
0.05503,300.97,50.0,35.9,4.9528,AC_DEMO_SYNTH,-0.5984,0.3444,90.636,86.903,72.509,69.522
0.05559,299.89,50.0,37.5,5.0028,AC_DEMO_SYNTH,-0.6246,0.3613,90.679,86.764,72.543,69.411
0.05614,298.76,50.0,39.1,5.0528,AC_DEMO_SYNTH,-0.6513,0.3787,91.171,87.051,72.937,69.641
0.0567,297.59,50.0,40.7,5.1028,AC_DEMO_SYNTH,-0.6786,0.3965,90.324,86.489,72.259,69.191
0.05725,296.37,50.0,42.4,5.1529,AC_DEMO_SYNTH,-0.7064,0.4147,90.566,85.806,72.453,68.645
0.05781,295.09,50.0,44.1,5.2029,AC_DEMO_SYNTH,-0.7348,0.4333,89.689,85.7,71.751,68.56
0.05837,293.77,50.0,45.8,5.2529,AC_DEMO_SYNTH,-0.7636,0.4523,89.764,84.57,71.811,67.656
0.05892,292.39,50.0,47.6,5.3029,AC_DEMO_SYNTH,-0.7929,0.4715,89.237,84.613,71.39,67.69
0.05948,290.97,50.0,49.4,5.353,AC_DEMO_SYNTH,-0.8226,0.4911,89.245,84.214,71.396,67.371
0.06003,289.49,50.0,51.2,5.403,AC_DEMO_SYNTH,-0.8527,0.5109,89.467,83.507,71.574,66.806
0.06059,287.95,50.0,53.0,5.453,AC_DEMO_SYNTH,-0.883,0.5309,88.176,83.393,70.541,66.714
0.06115,286.37,50.0,54.8,5.5031,AC_DEMO_SYNTH,-0.9137,0.551,88.77,82.421,71.016,65.937
0.0617,284.73,50.0,56.7,5.5531,AC_DEMO_SYNTH,-0.9446,0.5713,88.406,82.436,70.725,65.949
0.06226,283.03,50.0,58.5,5.6031,AC_DEMO_SYNTH,-0.9756,0.5917,87.774,81.937,70.219,65.55
0.06281,281.28,50.0,60.4,5.6531,AC_DEMO_SYNTH,-1.0068,0.612,87.123,80.023,69.698,64.018
0.06337,279.47,50.0,62.3,5.7032,AC_DEMO_SYNTH,-1.038,0.6324,87.406,81.125,69.925,64.9
0.06392,277.61,50.0,64.1,5.7532,AC_DEMO_SYNTH,-1.0692,0.6527,86.83,78.878,69.464,63.102
0.06448,275.69,50.0,66.0,5.8032,AC_DEMO_SYNTH,-1.1003,0.6728,86.784,79.286,69.427,63.429
0.06504,273.72,50.0,67.9,5.8533,AC_DEMO_SYNTH,-1.1312,0.6927,86.338,79.369,69.07,63.495
0.06559,271.7,50.0,69.7,5.9033,AC_DEMO_SYNTH,-1.162,0.7124,86.596,78.248,69.277,62.598
0.06615,269.62,50.0,71.5,5.9533,AC_DEMO_SYNTH,-1.1924,0.7317,85.47,77.193,68.376,61.754
0.0667,267.48,50.0,73.3,6.0033,AC_DEMO_SYNTH,-1.2225,0.7507,84.751,76.736,67.801,61.389
0.06726,265.3,50.0,75.1,6.0534,AC_DEMO_SYNTH,-1.2521,0.7692,84.818,76.972,67.854,61.578
0.06782,263.06,50.0,76.9,6.1034,AC_DEMO_SYNTH,-1.2812,0.7872,84.404,75.171,67.523,60.137
0.06837,260.77,50.0,78.6,6.1534,AC_DEMO_SYNTH,-1.3097,0.8047,84.416,75.762,67.533,60.61
0.06893,258.43,50.0,80.2,6.2034,AC_DEMO_SYNTH,-1.3374,0.8215,83.75,74.653,67.0,59.722
0.06948,256.04,50.0,81.9,6.2535,AC_DEMO_SYNTH,-1.3644,0.8377,83.088,73.555,66.47,58.844
0.07004,253.61,50.0,83.4,6.3035,AC_DEMO_SYNTH,-1.3905,0.8531,83.049,73.154,66.439,58.523
0.07059,251.13,50.0,84.9,6.3535,AC_DEMO_SYNTH,-1.4157,0.8677,81.493,72.329,65.194,57.863
0.07115,248.61,50.0,86.4,6.4036,AC_DEMO_SYNTH,-1.4398,0.8815,81.206,72.429,64.965,57.943
0.07171,246.04,50.0,87.8,6.4536,AC_DEMO_SYNTH,-1.4628,0.8945,80.571,71.717,64.457,57.374
0.07226,243.44,50.0,89.1,6.5036,AC_DEMO_SYNTH,-1.4845,0.9065,80.255,70.078,64.204,56.062
0.07282,240.8,50.0,90.3,6.5536,AC_DEMO_SYNTH,-1.505,0.9175,79.318,69.945,63.454,55.956
0.07337,238.12,50.0,91.4,6.6037,AC_DEMO_SYNTH,-1.524,0.9275,79.568,69.1,63.654,55.28
0.07393,235.41,50.0,92.5,6.6537,AC_DEMO_SYNTH,-1.5415,0.9365,78.661,69.303,62.929,55.442
0.07449,232.67,50.0,93.4,6.7037,AC_DEMO_SYNTH,-1.5575,0.9445,77.588,67.586,62.07,54.069
0.07504,229.91,50.0,94.3,6.7538,AC_DEMO_SYNTH,-1.5718,0.9514,77.188,68.113,61.75,54.49
0.0756,227.12,50.0,95.1,6.8038,AC_DEMO_SYNTH,-1.5843,0.9572,77.128,66.804,61.702,53.443
0.07615,224.31,50.0,95.7,6.8538,AC_DEMO_SYNTH,-1.5951,0.9619,76.738,65.703,61.39,52.562
0.07671,221.48,50.0,96.2,6.9038,AC_DEMO_SYNTH,-1.6039,0.9655,76.594,65.251,61.275,52.201
0.07727,218.64,50.0,96.6,6.9539,AC_DEMO_SYNTH,-1.6108,0.968,76.348,64.562,61.078,51.65
0.07782,215.79,50.0,96.9,7.0039,AC_DEMO_SYNTH,-1.6156,0.9695,74.729,63.738,59.783,50.99
0.07838,212.93,50.0,97.1,7.0539,AC_DEMO_SYNTH,-1.6183,0.9698,73.543,63.657,58.834,50.926
0.07893,210.07,50.0,97.1,7.1039,AC_DEMO_SYNTH,-1.6188,0.9692,72.458,62.507,57.966,50.006
0.07949,207.21,50.0,97.0,7.154,AC_DEMO_SYNTH,-1.617,0.9675,72.785,61.512,58.228,49.21
0.08004,204.36,50.0,96.8,7.204,AC_DEMO_SYNTH,-1.613,0.9648,71.72,61.627,57.376,49.302
0.0806,201.51,50.0,96.4,7.254,AC_DEMO_SYNTH,-1.6067,0.9612,71.242,60.46,56.994,48.368
0.08116,198.68,50.0,95.9,7.3041,AC_DEMO_SYNTH,-1.5979,0.9568,70.528,60.291,56.422,48.233
0.08171,195.87,50.0,95.2,7.3541,AC_DEMO_SYNTH,-1.5868,0.9514,70.081,59.65,56.065,47.72
0.08227,193.08,50.0,94.4,7.4041,AC_DEMO_SYNTH,-1.5731,0.9453,69.928,59.095,55.942,47.276
0.08282,190.31,50.0,93.4,7.4541,AC_DEMO_SYNTH,-1.557,0.9384,68.931,59.683,55.145,47.746
0.08338,187.57,50.0,92.3,7.5042,AC_DEMO_SYNTH,-1.5384,0.9308,68.173,58.355,54.538,46.684
0.08394,184.87,50.0,91.0,7.5542,AC_DEMO_SYNTH,-1.5173,0.9227,67.195,57.89,53.756,46.312
0.08449,182.21,50.0,89.6,7.6042,AC_DEMO_SYNTH,-1.4936,0.914,66.318,56.552,53.054,45.242
0.08505,179.6,50.0,88.0,7.6543,AC_DEMO_SYNTH,-1.4674,0.9048,66.177,56.483,52.942,45.186
0.0856,177.03,50.0,86.3,7.7043,AC_DEMO_SYNTH,-1.4387,0.8951,65.739,56.323,52.591,45.058
0.08616,174.51,50.0,84.4,7.7543,AC_DEMO_SYNTH,-1.4075,0.8852,65.864,55.328,52.691,44.262
0.08671,172.05,50.0,82.4,7.8043,AC_DEMO_SYNTH,-1.3738,0.875,64.613,55.614,51.69,44.491
0.08727,169.66,50.0,80.3,7.8544,AC_DEMO_SYNTH,-1.3376,0.8645,64.368,54.295,51.494,43.436
0.08783,167.33,50.0,77.9,7.9044,AC_DEMO_SYNTH,-1.299,0.854,63.198,54.196,50.558,43.357
0.08838,165.07,50.0,75.5,7.9544,AC_DEMO_SYNTH,-1.2581,0.8434,62.357,53.622,49.886,42.898
0.08894,162.88,50.0,72.9,8.0044,AC_DEMO_SYNTH,-1.2148,0.8328,61.888,53.478,49.51,42.782
0.08949,160.77,50.0,70.2,8.0545,AC_DEMO_SYNTH,-1.1692,0.8223,61.439,52.723,49.151,42.178
0.09005,158.75,50.0,67.3,8.1045,AC_DEMO_SYNTH,-1.1214,0.8119,62.049,52.45,49.639,41.96
0.09061,156.81,50.0,64.3,8.1545,AC_DEMO_SYNTH,-1.0715,0.8017,60.349,52.053,48.279,41.642
0.09116,154.96,50.0,61.2,8.2046,AC_DEMO_SYNTH,-1.0195,0.7918,60.507,51.453,48.406,41.162
0.09172,153.21,50.0,57.9,8.2546,AC_DEMO_SYNTH,-0.9655,0.7822,59.32,51.553,47.456,41.242
0.09227,151.55,50.0,54.6,8.3046,AC_DEMO_SYNTH,-0.9097,0.7729,59.577,51.076,47.662,40.861
0.09283,150.0,50.0,51.1,8.3546,AC_DEMO_SYNTH,-0.852,0.7641,58.898,50.578,47.118,40.462
0.09339,148.54,50.0,47.6,8.4047,AC_DEMO_SYNTH,-0.7927,0.7558,58.235,50.084,46.588,40.067
0.09394,147.19,50.0,43.9,8.4547,AC_DEMO_SYNTH,-0.7318,0.748,57.852,50.228,46.282,40.182
0.0945,145.96,50.0,40.2,8.5047,AC_DEMO_SYNTH,-0.6694,0.7407,57.196,49.482,45.757,39.586
0.09505,144.83,50.0,36.3,8.5548,AC_DEMO_SYNTH,-0.6057,0.7341,57.241,49.129,45.793,39.303
0.09561,143.82,50.0,32.4,8.6048,AC_DEMO_SYNTH,-0.5407,0.728,56.504,48.982,45.203,39.186
0.09616,142.92,50.0,28.5,8.6548,AC_DEMO_SYNTH,-0.4747,0.7226,55.838,49.318,44.67,39.454
0.09672,142.14,50.0,24.5,8.7048,AC_DEMO_SYNTH,-0.4077,0.7179,55.477,47.814,44.382,38.251
0.09728,141.48,50.0,20.4,8.7549,AC_DEMO_SYNTH,-0.3398,0.7139,55.738,48.38,44.59,38.704
0.09783,140.94,50.0,16.3,8.8049,AC_DEMO_SYNTH,-0.2713,0.7106,56.0,47.05,44.8,37.64
0.09839,140.52,50.0,12.1,8.8549,AC_DEMO_SYNTH,-0.2022,0.708,55.152,47.642,44.122,38.114
0.09894,140.22,50.0,8.0,8.9049,AC_DEMO_SYNTH,-0.1327,0.7062,54.781,47.944,43.825,38.355
0.0995,140.05,50.0,3.8,8.955,AC_DEMO_SYNTH,-0.0629,0.7051,54.704,47.283,43.763,37.826
0.10006,140.0,51.3,0.0,9.005,AC_DEMO_SYNTH,0.007,0.7048,54.896,46.942,43.917,37.554
0.10061,140.07,63.8,0.0,9.055,AC_DEMO_SYNTH,0.0769,0.7053,54.266,46.45,43.413,37.16
0.10117,140.27,76.4,0.0,9.1051,AC_DEMO_SYNTH,0.1466,0.7065,53.842,46.502,43.074,37.202
0.10172,140.59,88.9,0.0,9.1551,AC_DEMO_SYNTH,0.2161,0.7085,54.3,46.218,43.44,36.974
0.10228,141.04,100.0,0.0,9.2051,AC_DEMO_SYNTH,0.2851,0.7112,53.903,45.85,43.122,36.68
0.10283,141.6,100.0,0.0,9.2551,AC_DEMO_SYNTH,0.3535,0.7146,54.243,45.909,43.394,36.727
0.10339,142.28,100.0,0.0,9.3052,AC_DEMO_SYNTH,0.4212,0.7188,53.623,45.981,42.898,36.785
0.10395,143.09,100.0,0.0,9.3552,AC_DEMO_SYNTH,0.488,0.7236,53.006,45.49,42.405,36.392
0.1045,144.01,100.0,0.0,9.4052,AC_DEMO_SYNTH,0.5538,0.7292,52.92,45.386,42.336,36.309
0.10506,145.05,100.0,0.0,9.4553,AC_DEMO_SYNTH,0.6185,0.7353,54.123,45.095,43.298,36.076
0.10561,146.19,100.0,0.0,9.5053,AC_DEMO_SYNTH,0.682,0.7421,54.171,45.742,43.337,36.594
0.10617,147.46,100.0,0.0,9.5553,AC_DEMO_SYNTH,0.7441,0.7495,53.458,45.773,42.766,36.618
0.10673,148.82,100.0,0.0,9.6053,AC_DEMO_SYNTH,0.8047,0.7574,53.447,45.634,42.758,36.507
0.10728,150.3,100.0,0.0,9.6554,AC_DEMO_SYNTH,0.8637,0.7659,54.284,45.936,43.427,36.749
0.10784,151.88,100.0,0.0,9.7054,AC_DEMO_SYNTH,0.921,0.7748,53.381,45.614,42.705,36.491
0.10839,153.55,100.0,0.0,9.7554,AC_DEMO_SYNTH,0.9765,0.7841,53.614,45.786,42.891,36.629
0.10895,155.33,100.0,0.0,9.8054,AC_DEMO_SYNTH,1.03,0.7937,54.406,45.825,43.525,36.66
0.10951,157.19,100.0,0.0,9.8555,AC_DEMO_SYNTH,1.0816,0.8037,54.191,45.761,43.353,36.609
0.11006,159.15,100.0,0.0,9.9055,AC_DEMO_SYNTH,1.1311,0.8139,54.575,45.705,43.66,36.564
0.11062,161.19,100.0,0.0,9.9555,AC_DEMO_SYNTH,1.1785,0.8243,54.764,46.945,43.811,37.556
0.11117,163.31,100.0,0.0,10.0056,AC_DEMO_SYNTH,1.2236,0.8349,55.243,46.044,44.194,36.835
0.11173,165.51,100.0,0.0,10.0556,AC_DEMO_SYNTH,1.2664,0.8455,55.975,46.149,44.78,36.919
0.11228,167.79,100.0,0.0,10.1056,AC_DEMO_SYNTH,1.3069,0.8561,55.777,46.806,44.622,37.445
0.11284,170.13,100.0,0.0,10.1556,AC_DEMO_SYNTH,1.345,0.8666,56.351,46.973,45.081,37.578
0.1134,172.54,100.0,0.0,10.2057,AC_DEMO_SYNTH,1.3807,0.877,55.65,46.576,44.52,37.261
0.11395,175.01,100.0,0.0,10.2557,AC_DEMO_SYNTH,1.4139,0.8872,56.85,47.879,45.48,38.303
0.11451,177.54,100.0,0.0,10.3057,AC_DEMO_SYNTH,1.4446,0.8971,56.955,47.71,45.564,38.168
0.11506,180.11,100.0,0.0,10.3558,AC_DEMO_SYNTH,1.4729,0.9066,57.247,47.644,45.798,38.115
0.11562,182.74,100.0,0.0,10.4058,AC_DEMO_SYNTH,1.4985,0.9157,57.85,48.933,46.28,39.146
0.11618,185.41,100.0,0.0,10.4558,AC_DEMO_SYNTH,1.5217,0.9244,58.554,49.102,46.843,39.282
0.11673,188.12,100.0,0.0,10.5058,AC_DEMO_SYNTH,1.5423,0.9324,59.559,48.766,47.647,39.013
0.11729,190.86,100.0,0.0,10.5559,AC_DEMO_SYNTH,1.5604,0.9398,59.185,50.427,47.348,40.342
0.11784,193.63,100.0,0.0,10.6059,AC_DEMO_SYNTH,1.5761,0.9466,60.269,50.448,48.215,40.358
0.1184,196.43,100.0,0.0,10.6559,AC_DEMO_SYNTH,1.5892,0.9525,60.62,50.675,48.496,40.54
0.11895,199.25,100.0,0.0,10.7059,AC_DEMO_SYNTH,1.5999,0.9577,61.257,51.834,49.006,41.467
0.11951,202.08,100.0,0.0,10.756,AC_DEMO_SYNTH,1.6081,0.962,62.375,51.802,49.9,41.442
0.12007,204.93,100.0,0.0,10.806,AC_DEMO_SYNTH,1.614,0.9655,62.791,52.291,50.233,41.833
0.12062,207.79,100.0,0.0,10.856,AC_DEMO_SYNTH,1.6176,0.9679,63.723,52.626,50.978,42.101
0.12118,210.65,100.0,0.0,10.9061,AC_DEMO_SYNTH,1.6188,0.9694,63.751,53.73,51.001,42.984
0.12173,213.51,100.0,0.0,10.9561,AC_DEMO_SYNTH,1.6179,0.9698,64.167,54.317,51.334,43.454
0.12229,216.36,100.0,0.0,11.0061,AC_DEMO_SYNTH,1.6148,0.9693,64.996,54.778,51.997,43.822
0.12285,219.21,100.0,0.0,11.0561,AC_DEMO_SYNTH,1.6095,0.9676,65.832,55.124,52.666,44.099
0.1234,222.05,100.0,0.0,11.1062,AC_DEMO_SYNTH,1.6023,0.9649,66.461,56.176,53.169,44.941
0.12396,224.87,100.0,0.0,11.1562,AC_DEMO_SYNTH,1.5931,0.961,66.616,56.797,53.293,45.438
0.12451,227.68,100.0,0.0,11.2062,AC_DEMO_SYNTH,1.582,0.9561,67.751,57.008,54.201,45.606
0.12507,230.46,100.0,0.0,11.2563,AC_DEMO_SYNTH,1.5691,0.9501,68.472,57.683,54.778,46.146
0.12563,233.22,100.0,0.0,11.3063,AC_DEMO_SYNTH,1.5544,0.943,70.056,59.241,56.045,47.393
0.12618,235.96,100.0,0.0,11.3563,AC_DEMO_SYNTH,1.5381,0.9348,70.47,58.732,56.376,46.986
0.12674,238.66,100.0,0.0,11.4063,AC_DEMO_SYNTH,1.5203,0.9256,70.045,60.62,56.036,48.496
0.12729,241.33,100.0,0.0,11.4564,AC_DEMO_SYNTH,1.501,0.9154,70.938,61.122,56.75,48.898
0.12785,243.96,100.0,0.0,11.5064,AC_DEMO_SYNTH,1.4803,0.9041,71.13,62.619,56.904,50.095
0.1284,246.56,100.0,0.0,11.5564,AC_DEMO_SYNTH,1.4583,0.8919,72.139,62.688,57.711,50.15
0.12896,249.12,100.0,0.0,11.6064,AC_DEMO_SYNTH,1.4351,0.8788,73.158,63.945,58.526,51.156
0.12952,251.63,100.0,0.0,11.6565,AC_DEMO_SYNTH,1.4108,0.8649,74.163,64.319,59.33,51.455
0.13007,254.1,100.0,0.0,11.7065,AC_DEMO_SYNTH,1.3854,0.8501,74.032,65.324,59.226,52.259
0.13063,256.53,100.0,0.0,11.7565,AC_DEMO_SYNTH,1.3591,0.8345,74.7,66.377,59.76,53.102
0.13118,258.9,100.0,0.0,11.8066,AC_DEMO_SYNTH,1.3319,0.8182,74.729,66.697,59.783,53.358
0.13174,261.23,100.0,0.0,11.8566,AC_DEMO_SYNTH,1.304,0.8012,76.143,68.081,60.914,54.465
0.1323,263.51,100.0,0.0,11.9066,AC_DEMO_SYNTH,1.2754,0.7836,76.394,68.083,61.115,54.466
0.13285,265.74,100.0,0.0,11.9566,AC_DEMO_SYNTH,1.2462,0.7655,77.208,69.393,61.766,55.514
0.13341,267.91,100.0,0.0,12.0067,AC_DEMO_SYNTH,1.2165,0.7469,77.658,70.431,62.126,56.345
0.13396,270.04,100.0,0.0,12.0567,AC_DEMO_SYNTH,1.1863,0.7279,78.553,71.109,62.842,56.887
0.13452,272.11,100.0,0.0,12.1067,AC_DEMO_SYNTH,1.1558,0.7085,78.456,72.387,62.765,57.91
0.13508,274.12,100.0,0.0,12.1568,AC_DEMO_SYNTH,1.125,0.6887,79.127,72.08,63.302,57.664
0.13563,276.08,100.0,0.0,12.2068,AC_DEMO_SYNTH,1.0941,0.6688,81.109,72.59,64.887,58.072
0.13619,277.99,100.0,0.0,12.2568,AC_DEMO_SYNTH,1.0629,0.6486,80.276,73.492,64.221,58.794
0.13674,279.84,100.0,0.0,12.3068,AC_DEMO_SYNTH,1.0317,0.6283,80.871,74.888,64.697,59.91
0.1373,281.63,100.0,0.0,12.3569,AC_DEMO_SYNTH,1.0005,0.608,82.549,75.544,66.039,60.435
0.13785,283.37,100.0,0.0,12.4069,AC_DEMO_SYNTH,0.9694,0.5876,83.469,76.096,66.775,60.877
0.13841,285.06,100.0,0.0,12.4569,AC_DEMO_SYNTH,0.9384,0.5672,82.32,76.304,65.856,61.043
0.13897,286.69,100.0,0.0,12.5069,AC_DEMO_SYNTH,0.9075,0.547,83.108,77.742,66.486,62.194
0.13952,288.27,100.0,0.0,12.557,AC_DEMO_SYNTH,0.8769,0.5268,83.845,77.614,67.076,62.091
0.14008,289.79,100.0,0.0,12.607,AC_DEMO_SYNTH,0.8466,0.5069,84.839,79.218,67.871,63.374
0.14063,291.26,100.0,0.0,12.657,AC_DEMO_SYNTH,0.8166,0.4871,84.179,80.534,67.343,64.427
0.14119,292.67,100.0,0.0,12.7071,AC_DEMO_SYNTH,0.787,0.4676,84.886,80.155,67.909,64.124
0.14175,294.04,100.0,0.0,12.7571,AC_DEMO_SYNTH,0.7578,0.4484,85.696,80.847,68.557,64.678
0.1423,295.35,100.0,0.0,12.8071,AC_DEMO_SYNTH,0.7291,0.4296,85.944,81.002,68.755,64.802
0.14286,296.61,100.0,0.0,12.8571,AC_DEMO_SYNTH,0.7008,0.4111,85.991,81.043,68.793,64.834
0.14341,297.83,100.0,0.0,12.9072,AC_DEMO_SYNTH,0.6731,0.3929,86.449,82.081,69.159,65.665
0.14397,298.99,100.0,0.0,12.9572,AC_DEMO_SYNTH,0.6459,0.3752,86.298,82.418,69.038,65.934
0.14452,300.11,100.0,0.0,13.0072,AC_DEMO_SYNTH,0.6193,0.3579,87.087,82.795,69.67,66.236
0.14508,301.18,100.0,0.0,13.0573,AC_DEMO_SYNTH,0.5933,0.341,87.396,84.563,69.917,67.65
0.14564,302.21,100.0,0.0,13.1073,AC_DEMO_SYNTH,0.5679,0.3247,87.906,84.467,70.325,67.574
0.14619,303.19,100.0,0.0,13.1573,AC_DEMO_SYNTH,0.5431,0.3088,87.887,84.975,70.31,67.98
0.14675,304.13,100.0,0.0,13.2073,AC_DEMO_SYNTH,0.519,0.2933,88.582,85.149,70.866,68.119
0.1473,305.02,100.0,0.0,13.2574,AC_DEMO_SYNTH,0.4955,0.2784,89.07,85.634,71.256,68.507
0.14786,305.88,100.0,0.0,13.3074,AC_DEMO_SYNTH,0.4727,0.264,88.99,86.505,71.192,69.204
0.14842,306.69,100.0,0.0,13.3574,AC_DEMO_SYNTH,0.4506,0.2501,89.317,86.503,71.454,69.202
0.14897,307.47,100.0,0.0,13.4074,AC_DEMO_SYNTH,0.4292,0.2367,89.438,87.111,71.55,69.689
0.14953,308.21,100.0,0.0,13.4575,AC_DEMO_SYNTH,0.4084,0.2238,89.646,87.186,71.717,69.749
0.15008,308.91,100.0,0.0,13.5075,AC_DEMO_SYNTH,0.3884,0.2114,89.575,87.477,71.66,69.982
0.15064,309.58,100.0,0.0,13.5575,AC_DEMO_SYNTH,0.369,0.1995,90.199,87.387,72.159,69.91
0.1512,310.22,100.0,0.0,13.6076,AC_DEMO_SYNTH,0.3503,0.1881,90.233,87.48,72.186,69.984
0.15175,310.82,100.0,0.0,13.6576,AC_DEMO_SYNTH,0.3323,0.1772,91.298,88.471,73.038,70.777
0.15231,311.39,100.0,0.0,13.7076,AC_DEMO_SYNTH,0.315,0.1668,91.27,88.888,73.016,71.11
0.15286,311.93,100.0,0.0,13.7576,AC_DEMO_SYNTH,0.2983,0.1568,90.965,88.628,72.772,70.902
0.15342,312.44,100.0,0.0,13.8077,AC_DEMO_SYNTH,0.2823,0.1474,90.668,89.391,72.534,71.513
0.15397,312.93,100.0,0.0,13.8577,AC_DEMO_SYNTH,0.2669,0.1383,90.684,89.679,72.547,71.743
0.15453,313.39,100.0,0.0,13.9077,AC_DEMO_SYNTH,0.2522,0.1297,91.753,89.034,73.402,71.227
0.15509,313.82,100.0,0.0,13.9578,AC_DEMO_SYNTH,0.2381,0.1216,91.52,89.755,73.216,71.804
0.15564,314.23,100.0,0.0,14.0078,AC_DEMO_SYNTH,0.2246,0.1138,91.739,90.499,73.391,72.399
0.1562,314.61,100.0,0.0,14.0578,AC_DEMO_SYNTH,0.2117,0.1065,90.972,90.692,72.778,72.554
0.15675,314.98,100.0,0.0,14.1078,AC_DEMO_SYNTH,0.1994,0.0996,92.161,90.269,73.729,72.215
0.15731,315.32,100.0,0.0,14.1579,AC_DEMO_SYNTH,0.1877,0.093,92.083,90.975,73.666,72.78
0.15787,315.64,100.0,0.0,14.2079,AC_DEMO_SYNTH,0.1765,0.0868,91.562,91.491,73.25,73.193
0.15842,315.94,100.0,0.0,14.2579,AC_DEMO_SYNTH,0.1658,0.0809,91.916,91.554,73.533,73.243
0.15898,316.23,100.0,0.0,14.3079,AC_DEMO_SYNTH,0.1557,0.0754,92.306,91.36,73.845,73.088
0.15953,316.49,100.0,0.0,14.358,AC_DEMO_SYNTH,0.1461,0.0702,92.307,91.352,73.846,73.082
0.16009,316.74,100.0,0.0,14.408,AC_DEMO_SYNTH,0.1369,0.0653,92.252,91.423,73.802,73.138
0.16064,316.98,100.0,0.0,14.458,AC_DEMO_SYNTH,0.1283,0.0607,92.408,91.99,73.926,73.592
0.1612,317.19,100.0,0.0,14.5081,AC_DEMO_SYNTH,0.12,0.0564,92.419,91.998,73.935,73.598
0.16176,317.4,100.0,0.0,14.5581,AC_DEMO_SYNTH,0.1123,0.0523,92.651,92.285,74.121,73.828
0.16231,317.59,100.0,0.0,14.6081,AC_DEMO_SYNTH,0.1049,0.0485,93.243,92.191,74.594,73.753
0.16287,317.77,100.0,0.0,14.6581,AC_DEMO_SYNTH,0.098,0.0449,91.688,92.564,73.35,74.051
0.16342,317.94,100.0,0.0,14.7082,AC_DEMO_SYNTH,0.0914,0.0416,92.678,92.368,74.142,73.894
0.16398,318.09,100.0,0.0,14.7582,AC_DEMO_SYNTH,0.0852,0.0385,92.895,92.728,74.316,74.182
0.16454,318.24,100.0,0.0,14.8082,AC_DEMO_SYNTH,0.0794,0.0356,92.994,92.845,74.395,74.276
0.16509,318.37,100.0,0.0,14.8583,AC_DEMO_SYNTH,0.0739,0.0329,92.771,92.248,74.217,73.798
0.16565,318.5,100.0,0.0,14.9083,AC_DEMO_SYNTH,0.0687,0.0303,92.262,91.919,73.81,73.535
0.1662,318.62,100.0,0.0,14.9583,AC_DEMO_SYNTH,0.0639,0.028,93.137,93.326,74.51,74.661
0.16676,318.73,100.0,0.0,15.0083,AC_DEMO_SYNTH,0.0593,0.0258,93.735,92.873,74.988,74.298
0.16732,318.83,100.0,0.0,15.0584,AC_DEMO_SYNTH,0.055,0.0237,92.466,92.141,73.973,73.713
0.16787,318.92,100.0,0.0,15.1084,AC_DEMO_SYNTH,0.051,0.0218,93.456,92.593,74.765,74.074
0.16843,319.01,100.0,0.0,15.1584,AC_DEMO_SYNTH,0.0472,0.0201,93.011,93.237,74.409,74.59
0.16898,319.09,100.0,0.0,15.2084,AC_DEMO_SYNTH,0.0437,0.0184,93.146,92.863,74.517,74.29
0.16954,319.16,100.0,0.0,15.2585,AC_DEMO_SYNTH,0.0403,0.0169,92.774,92.811,74.219,74.249
0.17009,319.23,100.0,0.0,15.3085,AC_DEMO_SYNTH,0.0372,0.0155,93.087,93.616,74.47,74.893
0.17065,319.29,100.0,0.0,15.3585,AC_DEMO_SYNTH,0.0343,0.0142,93.762,92.672,75.01,74.138
0.17121,319.35,100.0,0.0,15.4086,AC_DEMO_SYNTH,0.0316,0.013,93.497,92.806,74.798,74.245
0.17176,319.4,100.0,0.0,15.4586,AC_DEMO_SYNTH,0.0291,0.0119,93.975,93.24,75.18,74.592
0.17232,319.45,100.0,0.0,15.5086,AC_DEMO_SYNTH,0.0267,0.0108,93.77,93.341,75.016,74.673
0.17287,319.5,100.0,0.0,15.5586,AC_DEMO_SYNTH,0.0244,0.0099,93.494,93.411,74.795,74.729
0.17343,319.54,100.0,0.0,15.6087,AC_DEMO_SYNTH,0.0224,0.009,94.03,93.601,75.224,74.881
0.17399,319.58,100.0,0.0,15.6587,AC_DEMO_SYNTH,0.0204,0.0081,93.522,93.34,74.818,74.672
0.17454,319.61,100.0,0.0,15.7087,AC_DEMO_SYNTH,0.0186,0.0074,93.69,93.475,74.952,74.78
0.1751,319.64,100.0,0.0,15.7588,AC_DEMO_SYNTH,0.0168,0.0067,93.251,93.195,74.601,74.556
0.17565,319.67,100.0,0.0,15.8088,AC_DEMO_SYNTH,0.0152,0.006,93.407,93.342,74.726,74.674
0.17621,319.7,100.0,0.0,15.8588,AC_DEMO_SYNTH,0.0137,0.0054,93.113,93.378,74.49,74.702
0.17676,319.72,100.0,0.0,15.9088,AC_DEMO_SYNTH,0.0122,0.0048,93.796,93.435,75.037,74.748
0.17732,319.74,100.0,0.0,15.9589,AC_DEMO_SYNTH,0.0108,0.0043,92.937,93.671,74.35,74.937
0.17788,319.76,100.0,0.0,16.0089,AC_DEMO_SYNTH,0.0095,0.0038,93.729,93.598,74.983,74.878
0.17843,319.77,100.0,0.0,16.0589,AC_DEMO_SYNTH,0.0082,0.0033,93.344,93.403,74.675,74.722
0.17899,319.79,100.0,0.0,16.1089,AC_DEMO_SYNTH,0.007,0.0028,93.896,93.074,75.117,74.459
0.17954,319.8,100.0,0.0,16.159,AC_DEMO_SYNTH,0.0058,0.0024,93.733,93.434,74.986,74.747
0.1801,319.81,100.0,0.0,16.209,AC_DEMO_SYNTH,0.0047,0.002,94.165,93.405,75.332,74.724
0.18066,319.81,100.0,0.0,16.259,AC_DEMO_SYNTH,0.0036,0.0016,93.731,93.499,74.985,74.799
0.18121,319.82,100.0,0.0,16.3091,AC_DEMO_SYNTH,0.0024,0.0012,92.814,94.313,74.251,75.45
0.18177,319.82,100.0,0.0,16.3591,AC_DEMO_SYNTH,0.0013,0.0008,93.417,93.226,74.734,74.581
0.18232,319.82,100.0,0.0,16.4091,AC_DEMO_SYNTH,0.0002,0.0004,92.977,93.61,74.382,74.888
0.18288,319.82,100.0,0.1,16.4591,AC_DEMO_SYNTH,-0.001,-0.0,93.239,93.874,74.591,75.099
0.18344,319.82,100.0,0.1,16.5092,AC_DEMO_SYNTH,-0.0021,-0.0004,94.052,93.491,75.242,74.793
0.18399,319.82,100.0,0.2,16.5592,AC_DEMO_SYNTH,-0.0033,-0.0009,93.704,94.394,74.963,75.515
0.18455,319.81,100.0,0.3,16.6092,AC_DEMO_SYNTH,-0.0046,-0.0013,93.168,93.31,74.534,74.648
0.1851,319.8,100.0,0.4,16.6593,AC_DEMO_SYNTH,-0.0059,-0.0017,93.04,93.593,74.432,74.874
0.18566,319.79,100.0,0.4,16.7093,AC_DEMO_SYNTH,-0.0072,-0.0022,93.457,93.147,74.766,74.518
0.18621,319.77,100.0,0.5,16.7593,AC_DEMO_SYNTH,-0.0087,-0.0027,92.952,93.327,74.362,74.662
0.18677,319.76,100.0,0.6,16.8093,AC_DEMO_SYNTH,-0.0102,-0.0032,93.169,93.571,74.535,74.857
0.18733,319.74,100.0,0.7,16.8594,AC_DEMO_SYNTH,-0.0118,-0.0038,93.557,93.811,74.846,75.049
0.18788,319.72,100.0,0.8,16.9094,AC_DEMO_SYNTH,-0.0136,-0.0044,93.89,93.602,75.112,74.882
0.18844,319.69,100.0,0.9,16.9594,AC_DEMO_SYNTH,-0.0154,-0.0051,93.663,93.977,74.93,75.182
0.18899,319.66,100.0,1.0,17.0094,AC_DEMO_SYNTH,-0.0175,-0.0058,92.495,93.436,73.996,74.749
0.18955,319.63,100.0,1.2,17.0595,AC_DEMO_SYNTH,-0.0196,-0.0066,93.526,93.341,74.821,74.673
0.19011,319.59,100.0,1.3,17.1095,AC_DEMO_SYNTH,-0.0219,-0.0074,93.422,94.554,74.738,75.643
0.19066,319.55,100.0,1.5,17.1595,AC_DEMO_SYNTH,-0.0244,-0.0084,93.548,93.629,74.838,74.903
0.19122,319.51,100.0,1.6,17.2096,AC_DEMO_SYNTH,-0.0271,-0.0094,94.018,93.184,75.214,74.547
0.19177,319.46,100.0,1.8,17.2596,AC_DEMO_SYNTH,-0.03,-0.0105,92.533,93.192,74.026,74.554
0.19233,319.4,100.0,2.0,17.3096,AC_DEMO_SYNTH,-0.0332,-0.0117,93.105,93.089,74.484,74.471
0.19288,319.34,100.0,2.2,17.3596,AC_DEMO_SYNTH,-0.0366,-0.013,93.561,93.838,74.849,75.07
0.19344,319.27,100.0,2.4,17.4097,AC_DEMO_SYNTH,-0.0402,-0.0144,92.672,93.312,74.138,74.65
0.194,319.2,100.0,2.7,17.4597,AC_DEMO_SYNTH,-0.0442,-0.016,93.875,93.506,75.1,74.805
0.19455,319.11,100.0,2.9,17.5097,AC_DEMO_SYNTH,-0.0484,-0.0177,93.406,93.422,74.725,74.738
0.19511,319.03,100.0,3.2,17.5598,AC_DEMO_SYNTH,-0.053,-0.0195,93.575,93.736,74.86,74.989
0.19566,318.93,100.0,3.5,17.6098,AC_DEMO_SYNTH,-0.0579,-0.0215,92.979,93.097,74.383,74.478
0.19622,318.82,100.0,3.8,17.6598,AC_DEMO_SYNTH,-0.0632,-0.0237,93.501,92.997,74.801,74.398
0.19678,318.7,100.0,4.1,17.7098,AC_DEMO_SYNTH,-0.0689,-0.0261,93.567,93.507,74.854,74.806
0.19733,318.58,100.0,4.5,17.7599,AC_DEMO_SYNTH,-0.0749,-0.0287,93.197,93.65,74.558,74.92
0.19789,318.44,100.0,4.9,17.8099,AC_DEMO_SYNTH,-0.0814,-0.0314,93.157,93.53,74.526,74.824
0.19844,318.29,100.0,5.3,17.8599,AC_DEMO_SYNTH,-0.0884,-0.0345,93.126,93.061,74.501,74.449
0.199,318.13,100.0,5.8,17.9099,AC_DEMO_SYNTH,-0.0959,-0.0377,92.625,93.642,74.1,74.914
0.19956,317.95,100.0,6.2,17.96,AC_DEMO_SYNTH,-0.1038,-0.0413,92.856,93.057,74.285,74.446
0.20011,317.76,100.0,6.7,18.01,AC_DEMO_SYNTH,-0.1123,-0.0451,92.797,93.129,74.238,74.503
0.20067,317.55,100.0,7.3,18.06,AC_DEMO_SYNTH,-0.1213,-0.0492,92.947,92.94,74.358,74.352
0.20122,317.33,100.0,7.9,18.1101,AC_DEMO_SYNTH,-0.1309,-0.0536,93.127,93.817,74.502,75.054
0.20178,317.09,100.0,8.5,18.1601,AC_DEMO_SYNTH,-0.1411,-0.0584,92.229,93.527,73.783,74.822
0.20233,316.83,100.0,9.1,18.2101,AC_DEMO_SYNTH,-0.1519,-0.0635,92.522,93.49,74.018,74.792
0.20289,316.55,100.0,9.8,18.2601,AC_DEMO_SYNTH,-0.1633,-0.0689,93.078,93.718,74.462,74.974
0.20345,316.26,100.0,10.5,18.3102,AC_DEMO_SYNTH,-0.1755,-0.0748,92.098,94.316,73.678,75.453
0.204,315.93,100.0,11.3,18.3602,AC_DEMO_SYNTH,-0.1883,-0.081,91.964,92.471,73.571,73.977
0.20456,315.59,100.0,12.1,18.4102,AC_DEMO_SYNTH,-0.2017,-0.0877,92.267,92.823,73.814,74.258
0.20511,315.22,100.0,13.0,18.4603,AC_DEMO_SYNTH,-0.216,-0.0948,92.407,92.832,73.926,74.266
0.20567,314.83,100.0,13.9,18.5103,AC_DEMO_SYNTH,-0.2309,-0.1024,91.951,92.695,73.561,74.156
0.20623,314.41,100.0,14.8,18.5603,AC_DEMO_SYNTH,-0.2466,-0.1104,92.345,92.557,73.876,74.046
0.20678,313.96,100.0,15.8,18.6103,AC_DEMO_SYNTH,-0.263,-0.119,92.013,92.817,73.61,74.254
0.20734,313.48,100.0,16.8,18.6604,AC_DEMO_SYNTH,-0.2803,-0.1281,91.854,92.394,73.483,73.915
0.20789,312.97,100.0,17.9,18.7104,AC_DEMO_SYNTH,-0.2983,-0.1376,91.577,92.953,73.262,74.362
0.20845,312.42,100.0,19.0,18.7604,AC_DEMO_SYNTH,-0.3171,-0.1477,92.11,92.771,73.688,74.217
0.20901,311.85,100.0,20.2,18.8105,AC_DEMO_SYNTH,-0.3367,-0.1584,90.914,92.874,72.731,74.299
0.20956,311.23,100.0,21.4,18.8605,AC_DEMO_SYNTH,-0.357,-0.1697,89.995,92.805,71.996,74.244
0.21012,310.58,100.0,22.7,18.9105,AC_DEMO_SYNTH,-0.3782,-0.1815,91.229,92.76,72.983,74.208
0.21067,309.9,50.0,24.0,18.9605,AC_DEMO_SYNTH,-0.4001,-0.1938,90.186,92.281,72.149,73.825
0.21123,309.17,50.0,25.4,19.0106,AC_DEMO_SYNTH,-0.4229,-0.2068,90.177,93.182,72.142,74.546
0.21178,308.4,50.0,26.8,19.0606,AC_DEMO_SYNTH,-0.4463,-0.2204,90.408,92.323,72.326,73.858
0.21234,307.59,50.0,28.2,19.1106,AC_DEMO_SYNTH,-0.4705,-0.2345,88.982,91.373,71.186,73.098
0.2129,306.74,50.0,29.7,19.1606,AC_DEMO_SYNTH,-0.4954,-0.2493,88.848,91.6,71.078,73.28
0.21345,305.84,50.0,31.3,19.2107,AC_DEMO_SYNTH,-0.5211,-0.2646,88.417,91.177,70.734,72.942
0.21401,304.9,50.0,32.8,19.2607,AC_DEMO_SYNTH,-0.5473,-0.2805,88.436,91.746,70.749,73.397
0.21456,303.91,50.0,34.5,19.3107,AC_DEMO_SYNTH,-0.5742,-0.2969,88.611,91.545,70.889,73.236
0.21512,302.87,50.0,36.1,19.3608,AC_DEMO_SYNTH,-0.6017,-0.3139,88.309,91.252,70.647,73.002
0.21568,301.78,50.0,37.8,19.4108,AC_DEMO_SYNTH,-0.6296,-0.3315,87.858,92.079,70.286,73.663
0.21623,300.64,50.0,39.5,19.4608,AC_DEMO_SYNTH,-0.6581,-0.3495,86.816,91.319,69.453,73.055
0.21679,299.46,50.0,41.2,19.5108,AC_DEMO_SYNTH,-0.687,-0.368,86.078,91.208,68.862,72.966
0.21734,298.22,50.0,43.0,19.5609,AC_DEMO_SYNTH,-0.7162,-0.387,86.626,90.349,69.301,72.279
0.2179,296.93,50.0,44.7,19.6109,AC_DEMO_SYNTH,-0.7458,-0.4064,86.003,90.116,68.802,72.093
0.21845,295.58,50.0,46.5,19.6609,AC_DEMO_SYNTH,-0.7755,-0.4262,85.944,90.31,68.755,72.248
0.21901,294.19,50.0,48.3,19.711,AC_DEMO_SYNTH,-0.8054,-0.4463,85.599,90.136,68.479,72.109
0.21957,292.74,50.0,50.1,19.761,AC_DEMO_SYNTH,-0.8354,-0.4668,84.913,89.082,67.93,71.266
0.22012,291.23,50.0,51.9,19.811,AC_DEMO_SYNTH,-0.8653,-0.4874,84.685,89.494,67.748,71.595
0.22068,289.68,50.0,53.7,19.861,AC_DEMO_SYNTH,-0.8951,-0.5083,83.984,89.306,67.187,71.445
0.22123,288.07,50.0,55.5,19.9111,AC_DEMO_SYNTH,-0.9247,-0.5294,83.598,88.933,66.878,71.146
0.22179,286.41,50.0,57.2,19.9611,AC_DEMO_SYNTH,-0.9539,-0.5505,82.585,88.399,66.068,70.719
0.22235,284.7,50.0,59.0,20.0111,AC_DEMO_SYNTH,-0.9827,-0.5716,82.263,88.201,65.81,70.561
0.2229,282.94,50.0,60.7,20.0611,AC_DEMO_SYNTH,-1.011,-0.5927,81.868,88.025,65.494,70.42
0.22346,281.13,50.0,62.3,20.1112,AC_DEMO_SYNTH,-1.0386,-0.6138,81.559,87.798,65.247,70.238
0.22401,279.27,50.0,63.9,20.1612,AC_DEMO_SYNTH,-1.0655,-0.6346,80.503,87.655,64.402,70.124
0.22457,277.36,50.0,65.5,20.2112,AC_DEMO_SYNTH,-1.0915,-0.6553,80.286,87.483,64.229,69.986
0.22513,275.41,50.0,67.0,20.2613,AC_DEMO_SYNTH,-1.1165,-0.6757,79.379,86.557,63.503,69.246
0.22568,273.42,50.0,68.4,20.3113,AC_DEMO_SYNTH,-1.1403,-0.6957,78.838,86.105,63.07,68.884
0.22624,271.38,50.0,69.8,20.3613,AC_DEMO_SYNTH,-1.1629,-0.7153,78.604,86.058,62.883,68.846
0.22679,269.31,50.0,71.0,20.4113,AC_DEMO_SYNTH,-1.1842,-0.7345,76.857,85.714,61.486,68.571
0.22735,267.2,50.0,72.2,20.4614,AC_DEMO_SYNTH,-1.2039,-0.7531,76.509,84.867,61.207,67.894
0.2279,265.05,50.0,73.3,20.5114,AC_DEMO_SYNTH,-1.222,-0.7712,75.8,84.915,60.64,67.932
0.22846,262.88,50.0,74.3,20.5614,AC_DEMO_SYNTH,-1.2384,-0.7886,74.823,84.539,59.858,67.631
0.22902,260.68,50.0,75.2,20.6115,AC_DEMO_SYNTH,-1.2529,-0.8053,74.843,84.199,59.874,67.359
0.22957,258.45,50.0,75.9,20.6615,AC_DEMO_SYNTH,-1.2655,-0.8214,74.766,83.918,59.813,67.134
0.23013,256.21,50.0,76.6,20.7115,AC_DEMO_SYNTH,-1.2759,-0.8366,73.706,82.375,58.965,65.9
0.23068,253.94,50.0,77.1,20.7615,AC_DEMO_SYNTH,-1.2842,-0.851,73.248,82.229,58.598,65.783
0.23124,251.67,50.0,77.4,20.8116,AC_DEMO_SYNTH,-1.2902,-0.8646,72.956,81.724,58.365,65.379
0.2318,249.39,50.0,77.6,20.8616,AC_DEMO_SYNTH,-1.2938,-0.8774,72.402,81.168,57.922,64.934
0.23235,247.1,50.0,77.7,20.9116,AC_DEMO_SYNTH,-1.2949,-0.8893,71.195,80.425,56.956,64.34
0.23291,244.81,50.0,77.6,20.9616,AC_DEMO_SYNTH,-1.2935,-0.9003,71.118,79.562,56.894,63.65
0.23346,242.53,50.0,77.4,21.0117,AC_DEMO_SYNTH,-1.2894,-0.9104,69.973,79.66,55.978,63.728
0.23402,240.25,50.0,77.0,21.0617,AC_DEMO_SYNTH,-1.2826,-0.9196,68.962,78.774,55.17,63.019
0.23457,237.99,50.0,76.4,21.1117,AC_DEMO_SYNTH,-1.2731,-0.928,68.427,78.573,54.742,62.858
0.23513,235.75,50.0,75.6,21.1618,AC_DEMO_SYNTH,-1.2607,-0.9355,67.446,77.675,53.957,62.14
0.23569,233.54,50.0,74.7,21.2118,AC_DEMO_SYNTH,-1.2455,-0.9421,67.066,77.006,53.653,61.605
0.23624,231.35,50.0,73.6,21.2618,AC_DEMO_SYNTH,-1.2274,-0.9479,66.667,76.989,53.334,61.591
0.2368,229.2,50.0,72.4,21.3118,AC_DEMO_SYNTH,-1.2063,-0.953,66.529,76.408,53.223,61.126
0.23735,227.09,50.0,70.9,21.3619,AC_DEMO_SYNTH,-1.1824,-0.9572,66.304,76.032,53.043,60.826
0.23791,225.02,50.0,69.3,21.4119,AC_DEMO_SYNTH,-1.1556,-0.9608,64.48,76.13,51.584,60.904
0.23847,223.01,50.0,67.6,21.4619,AC_DEMO_SYNTH,-1.1258,-0.9637,64.619,74.827,51.695,59.862
0.23902,221.05,50.0,65.6,21.512,AC_DEMO_SYNTH,-1.0932,-0.966,63.486,74.375,50.789,59.5
0.23958,219.14,50.0,63.5,21.562,AC_DEMO_SYNTH,-1.0578,-0.9677,63.543,73.219,50.834,58.575
0.24013,217.31,50.0,61.2,21.612,AC_DEMO_SYNTH,-1.0196,-0.9688,62.768,72.614,50.214,58.091
0.24069,215.54,50.0,58.7,21.662,AC_DEMO_SYNTH,-0.9787,-0.9695,61.566,73.247,49.253,58.598
0.24125,213.85,50.0,56.1,21.7121,AC_DEMO_SYNTH,-0.9352,-0.9698,62.163,71.741,49.73,57.393
0.2418,212.24,50.0,53.3,21.7621,AC_DEMO_SYNTH,-0.8891,-0.9698,61.058,71.201,48.846,56.961
0.24236,210.71,50.0,50.4,21.8121,AC_DEMO_SYNTH,-0.8406,-0.9694,60.609,71.122,48.487,56.898
0.24291,209.27,50.0,47.4,21.8621,AC_DEMO_SYNTH,-0.7898,-0.9688,59.934,70.634,47.947,56.507
0.24347,207.92,50.0,44.2,21.9122,AC_DEMO_SYNTH,-0.7367,-0.968,59.655,69.855,47.724,55.884
0.24402,206.66,50.0,40.9,21.9622,AC_DEMO_SYNTH,-0.6815,-0.9671,59.658,69.655,47.726,55.724
0.24458,205.51,50.0,37.5,22.0122,AC_DEMO_SYNTH,-0.6244,-0.966,59.002,69.848,47.202,55.878
0.24514,204.46,50.0,33.9,22.0623,AC_DEMO_SYNTH,-0.5655,-0.965,58.817,68.63,47.054,54.904
0.24569,203.51,50.0,30.3,22.1123,AC_DEMO_SYNTH,-0.505,-0.9639,58.455,68.009,46.764,54.407
0.24625,202.67,50.0,26.6,22.1623,AC_DEMO_SYNTH,-0.443,-0.9628,58.484,68.577,46.787,54.862
0.2468,201.95,50.0,22.8,22.2123,AC_DEMO_SYNTH,-0.3797,-0.9619,57.484,68.053,45.987,54.442
0.24736,201.33,50.0,18.9,22.2624,AC_DEMO_SYNTH,-0.3153,-0.961,56.714,67.282,45.371,53.826
0.24792,200.83,50.0,15.0,22.3124,AC_DEMO_SYNTH,-0.25,-0.9602,57.438,66.595,45.95,53.276
0.24847,200.45,50.0,11.0,22.3624,AC_DEMO_SYNTH,-0.1839,-0.9597,56.606,66.652,45.285,53.322
0.24903,200.18,50.0,7.0,22.4125,AC_DEMO_SYNTH,-0.1173,-0.9592,56.933,66.671,45.546,53.337
0.24958,200.03,50.0,3.0,22.4625,AC_DEMO_SYNTH,-0.0503,-0.959,56.411,66.928,45.129,53.542
0.25014,200.0,53.0,0.0,22.5125,AC_DEMO_SYNTH,0.0168,-0.959,56.0,65.841,44.8,52.673
0.25069,200.09,65.1,0.0,22.5625,AC_DEMO_SYNTH,0.0838,-0.9591,56.01,66.042,44.808,52.834
0.25125,200.3,77.1,0.0,22.6126,AC_DEMO_SYNTH,0.1506,-0.9594,56.495,66.193,45.196,52.954
0.25181,200.62,89.1,0.0,22.6626,AC_DEMO_SYNTH,0.217,-0.9599,56.411,64.842,45.129,51.874
0.25236,201.07,100.0,0.0,22.7126,AC_DEMO_SYNTH,0.2827,-0.9606,55.503,66.11,44.402,52.888
0.25292,201.62,100.0,0.0,22.7626,AC_DEMO_SYNTH,0.3476,-0.9614,55.457,65.149,44.366,52.119
0.25347,202.3,100.0,0.0,22.8127,AC_DEMO_SYNTH,0.4115,-0.9623,55.771,65.712,44.617,52.57
0.25403,203.08,100.0,0.0,22.8627,AC_DEMO_SYNTH,0.4742,-0.9633,54.974,65.66,43.979,52.528
0.25459,203.97,100.0,0.0,22.9127,AC_DEMO_SYNTH,0.5354,-0.9644,55.445,66.007,44.356,52.806
0.25514,204.97,100.0,0.0,22.9628,AC_DEMO_SYNTH,0.5952,-0.9655,55.329,65.833,44.263,52.666
0.2557,206.07,100.0,0.0,23.0128,AC_DEMO_SYNTH,0.6532,-0.9666,55.521,64.729,44.417,51.783
0.25625,207.28,100.0,0.0,23.0628,AC_DEMO_SYNTH,0.7093,-0.9675,55.149,65.463,44.119,52.37
0.25681,208.58,100.0,0.0,23.1128,AC_DEMO_SYNTH,0.7635,-0.9684,54.961,65.956,43.969,52.765
0.25737,209.98,100.0,0.0,23.1629,AC_DEMO_SYNTH,0.8155,-0.9691,54.912,65.975,43.93,52.78
0.25792,211.46,100.0,0.0,23.2129,AC_DEMO_SYNTH,0.8652,-0.9696,55.467,66.422,44.374,53.138
0.25848,213.03,100.0,0.0,23.2629,AC_DEMO_SYNTH,0.9125,-0.9698,55.934,66.752,44.747,53.402
0.25903,214.69,100.0,0.0,23.313,AC_DEMO_SYNTH,0.9573,-0.9697,56.235,66.913,44.988,53.53
0.25959,216.42,100.0,0.0,23.363,AC_DEMO_SYNTH,0.9995,-0.9692,57.39,66.842,45.912,53.474
0.26014,218.22,100.0,0.0,23.413,AC_DEMO_SYNTH,1.0391,-0.9683,57.35,66.472,45.88,53.178
0.2607,220.09,100.0,0.0,23.463,AC_DEMO_SYNTH,1.0759,-0.9669,56.845,67.336,45.476,53.869
0.26126,222.02,100.0,0.0,23.5131,AC_DEMO_SYNTH,1.1099,-0.9649,57.72,68.014,46.176,54.411
0.26181,224.01,100.0,0.0,23.5631,AC_DEMO_SYNTH,1.1411,-0.9623,57.799,67.764,46.239,54.211
0.26237,226.05,100.0,0.0,23.6131,AC_DEMO_SYNTH,1.1693,-0.9591,58.256,68.828,46.605,55.062
0.26292,228.14,100.0,0.0,23.6631,AC_DEMO_SYNTH,1.1947,-0.9552,58.881,69.333,47.105,55.466
0.26348,230.27,100.0,0.0,23.7132,AC_DEMO_SYNTH,1.2172,-0.9505,59.518,69.434,47.614,55.547
0.26404,232.44,100.0,0.0,23.7632,AC_DEMO_SYNTH,1.2368,-0.9451,59.625,68.591,47.7,54.873
0.26459,234.64,100.0,0.0,23.8132,AC_DEMO_SYNTH,1.2534,-0.9389,60.701,69.755,48.561,55.804
0.26515,236.87,100.0,0.0,23.8633,AC_DEMO_SYNTH,1.2672,-0.9318,60.36,71.486,48.288,57.189
0.2657,239.12,100.0,0.0,23.9133,AC_DEMO_SYNTH,1.2782,-0.9239,61.383,70.992,49.106,56.794
0.26626,241.39,100.0,0.0,23.9633,AC_DEMO_SYNTH,1.2864,-0.9151,63.007,70.911,50.406,56.729
0.26681,243.67,100.0,0.0,24.0133,AC_DEMO_SYNTH,1.2918,-0.9054,62.665,72.703,50.132,58.162
0.26737,245.95,100.0,0.0,24.0634,AC_DEMO_SYNTH,1.2945,-0.8949,63.774,72.728,51.019,58.182
0.26793,248.24,100.0,0.0,24.1134,AC_DEMO_SYNTH,1.2947,-0.8834,63.884,73.689,51.107,58.951
0.26848,250.53,100.0,0.0,24.1634,AC_DEMO_SYNTH,1.2923,-0.8711,64.744,73.891,51.795,59.113
0.26904,252.81,100.0,0.0,24.2135,AC_DEMO_SYNTH,1.2875,-0.8579,65.167,74.502,52.134,59.602
0.26959,255.08,100.0,0.0,24.2635,AC_DEMO_SYNTH,1.2804,-0.8439,65.814,75.007,52.651,60.006
0.27015,257.33,100.0,0.0,24.3135,AC_DEMO_SYNTH,1.271,-0.8291,66.274,75.687,53.019,60.55
0.27071,259.57,100.0,0.0,24.3635,AC_DEMO_SYNTH,1.2594,-0.8134,67.475,76.869,53.98,61.495
0.27126,261.78,100.0,0.0,24.4136,AC_DEMO_SYNTH,1.2459,-0.7971,67.686,76.896,54.149,61.517
0.27182,263.97,100.0,0.0,24.4636,AC_DEMO_SYNTH,1.2304,-0.78,69.026,76.427,55.221,61.142
0.27237,266.13,100.0,0.0,24.5136,AC_DEMO_SYNTH,1.2132,-0.7622,69.932,77.786,55.946,62.229
0.27293,268.26,100.0,0.0,24.5636,AC_DEMO_SYNTH,1.1942,-0.7439,70.387,78.613,56.31,62.89
0.27349,270.35,100.0,0.0,24.6137,AC_DEMO_SYNTH,1.1737,-0.725,70.871,79.18,56.697,63.344
0.27404,272.4,100.0,0.0,24.6637,AC_DEMO_SYNTH,1.1518,-0.7056,71.911,79.066,57.529,63.253
0.2746,274.42,100.0,0.0,24.7137,AC_DEMO_SYNTH,1.1285,-0.6857,72.353,80.238,57.882,64.19
0.27515,276.39,100.0,0.0,24.7638,AC_DEMO_SYNTH,1.1041,-0.6655,73.592,80.67,58.874,64.536
0.27571,278.32,100.0,0.0,24.8138,AC_DEMO_SYNTH,1.0786,-0.645,73.224,81.849,58.579,65.479
0.27626,280.2,100.0,0.0,24.8638,AC_DEMO_SYNTH,1.0522,-0.6242,74.555,81.031,59.644,64.825
0.27682,282.04,100.0,0.0,24.9138,AC_DEMO_SYNTH,1.0249,-0.6033,74.621,81.634,59.697,65.307
0.27738,283.83,100.0,0.0,24.9639,AC_DEMO_SYNTH,0.9969,-0.5822,75.539,82.209,60.431,65.767
0.27793,285.56,100.0,0.0,25.0139,AC_DEMO_SYNTH,0.9684,-0.561,77.39,82.618,61.912,66.094
0.27849,287.25,100.0,0.0,25.0639,AC_DEMO_SYNTH,0.9393,-0.5399,77.902,82.933,62.322,66.346
0.27904,288.88,100.0,0.0,25.114,AC_DEMO_SYNTH,0.9099,-0.5188,77.942,82.645,62.354,66.116
0.2796,290.46,100.0,0.0,25.164,AC_DEMO_SYNTH,0.8802,-0.4979,78.302,84.027,62.642,67.222
0.28016,291.99,100.0,0.0,25.214,AC_DEMO_SYNTH,0.8503,-0.4771,78.378,84.788,62.702,67.83
0.28071,293.47,100.0,0.0,25.264,AC_DEMO_SYNTH,0.8204,-0.4565,79.994,84.871,63.995,67.897
0.28127,294.89,100.0,0.0,25.3141,AC_DEMO_SYNTH,0.7905,-0.4362,81.809,86.256,65.447,69.005
0.28182,296.26,100.0,0.0,25.3641,AC_DEMO_SYNTH,0.7606,-0.4163,81.629,85.889,65.303,68.711
0.28238,297.58,100.0,0.0,25.4141,AC_DEMO_SYNTH,0.731,-0.3967,81.829,86.79,65.463,69.432
0.28293,298.84,100.0,0.0,25.4641,AC_DEMO_SYNTH,0.7016,-0.3775,82.817,86.752,66.254,69.402
0.28349,300.06,100.0,0.0,25.5142,AC_DEMO_SYNTH,0.6725,-0.3587,82.572,87.343,66.058,69.874
0.28405,301.22,100.0,0.0,25.5642,AC_DEMO_SYNTH,0.6438,-0.3404,83.621,87.473,66.897,69.978
0.2846,302.33,100.0,0.0,25.6142,AC_DEMO_SYNTH,0.6156,-0.3226,84.305,88.245,67.444,70.596
0.28516,303.39,100.0,0.0,25.6643,AC_DEMO_SYNTH,0.5879,-0.3054,84.737,88.043,67.79,70.434
0.28571,304.41,100.0,0.0,25.7143,AC_DEMO_SYNTH,0.5607,-0.2886,85.579,88.531,68.463,70.825
0.28627,305.38,100.0,0.0,25.7643,AC_DEMO_SYNTH,0.5341,-0.2725,85.871,88.779,68.697,71.023
0.28683,306.3,100.0,0.0,25.8143,AC_DEMO_SYNTH,0.5082,-0.2568,86.452,88.802,69.162,71.042
0.28738,307.17,100.0,0.0,25.8644,AC_DEMO_SYNTH,0.4829,-0.2418,86.341,89.351,69.073,71.481
0.28794,308.0,100.0,0.0,25.9144,AC_DEMO_SYNTH,0.4583,-0.2274,87.389,90.344,69.911,72.275
0.28849,308.79,100.0,0.0,25.9644,AC_DEMO_SYNTH,0.4345,-0.2135,88.079,89.591,70.463,71.673
0.28905,309.54,100.0,0.0,26.0145,AC_DEMO_SYNTH,0.4114,-0.2003,87.418,90.105,69.934,72.084
0.28961,310.25,100.0,0.0,26.0645,AC_DEMO_SYNTH,0.3891,-0.1876,87.813,90.667,70.25,72.534
0.29016,310.91,100.0,0.0,26.1145,AC_DEMO_SYNTH,0.3675,-0.1755,89.043,90.832,71.234,72.666
0.29072,311.54,100.0,0.0,26.1645,AC_DEMO_SYNTH,0.3468,-0.164,88.758,90.584,71.006,72.467
0.29127,312.14,100.0,0.0,26.2146,AC_DEMO_SYNTH,0.3268,-0.153,89.708,89.821,71.766,71.857
0.29183,312.7,100.0,0.0,26.2646,AC_DEMO_SYNTH,0.3076,-0.1426,89.263,91.163,71.41,72.93
0.29238,313.23,100.0,0.0,26.3146,AC_DEMO_SYNTH,0.2892,-0.1328,90.3,90.243,72.24,72.194
0.29294,313.72,100.0,0.0,26.3646,AC_DEMO_SYNTH,0.2716,-0.1235,90.031,91.881,72.025,73.505
0.2935,314.19,100.0,0.0,26.4147,AC_DEMO_SYNTH,0.2548,-0.1147,90.332,91.517,72.266,73.214
0.29405,314.62,100.0,0.0,26.4647,AC_DEMO_SYNTH,0.2387,-0.1064,91.086,91.992,72.869,73.594
0.29461,315.03,100.0,0.0,26.5147,AC_DEMO_SYNTH,0.2234,-0.0986,90.536,91.369,72.429,73.095
0.29516,315.41,100.0,0.0,26.5648,AC_DEMO_SYNTH,0.2088,-0.0912,90.511,91.237,72.409,72.99
0.29572,315.77,100.0,0.0,26.6148,AC_DEMO_SYNTH,0.195,-0.0843,90.904,92.084,72.723,73.667
0.29628,316.1,100.0,0.0,26.6648,AC_DEMO_SYNTH,0.1819,-0.0779,91.445,92.079,73.156,73.663
0.29683,316.41,100.0,0.0,26.7148,AC_DEMO_SYNTH,0.1694,-0.0718,90.809,92.003,72.647,73.602
0.29739,316.7,100.0,0.0,26.7649,AC_DEMO_SYNTH,0.1577,-0.0662,91.85,92.333,73.48,73.866
0.29794,316.97,100.0,0.0,26.8149,AC_DEMO_SYNTH,0.1465,-0.0609,91.529,93.5,73.223,74.8
0.2985,317.22,100.0,0.0,26.8649,AC_DEMO_SYNTH,0.1361,-0.056,92.343,92.814,73.874,74.251
0.29906,317.45,100.0,0.0,26.915,AC_DEMO_SYNTH,0.1262,-0.0514,91.056,92.98,72.845,74.384
0.29961,317.66,100.0,0.0,26.965,AC_DEMO_SYNTH,0.1169,-0.0471,91.818,92.972,73.454,74.378
0.30017,317.86,100.0,0.0,27.015,AC_DEMO_SYNTH,0.1082,-0.0432,91.571,93.297,73.257,74.638
0.30072,318.04,100.0,0.0,27.065,AC_DEMO_SYNTH,0.1,-0.0395,92.018,92.693,73.614,74.154
0.30128,318.21,100.0,0.0,27.1151,AC_DEMO_SYNTH,0.0923,-0.0361,92.545,92.008,74.036,73.606
0.30183,318.37,100.0,0.0,27.1651,AC_DEMO_SYNTH,0.0851,-0.033,92.465,92.812,73.972,74.25
0.30239,318.51,100.0,0.0,27.2151,AC_DEMO_SYNTH,0.0784,-0.0301,92.516,93.263,74.013,74.61
0.30295,318.65,100.0,0.0,27.2651,AC_DEMO_SYNTH,0.0722,-0.0274,92.633,92.6,74.106,74.08
0.3035,318.77,100.0,0.0,27.3152,AC_DEMO_SYNTH,0.0664,-0.025,92.848,92.962,74.278,74.37
0.30406,318.88,100.0,0.0,27.3652,AC_DEMO_SYNTH,0.0609,-0.0227,92.428,92.796,73.942,74.237
0.30461,318.98,100.0,0.0,27.4152,AC_DEMO_SYNTH,0.0559,-0.0206,93.173,93.71,74.538,74.968
0.30517,319.08,100.0,0.0,27.4653,AC_DEMO_SYNTH,0.0512,-0.0187,93.212,93.446,74.57,74.757
0.30573,319.17,100.0,0.0,27.5153,AC_DEMO_SYNTH,0.0469,-0.017,93.153,93.44,74.522,74.752
0.30628,319.24,100.0,0.0,27.5653,AC_DEMO_SYNTH,0.0428,-0.0154,93.265,93.455,74.612,74.764
0.30684,319.32,100.0,0.0,27.6153,AC_DEMO_SYNTH,0.0391,-0.0139,93.207,93.221,74.566,74.577
0.30739,319.38,100.0,0.0,27.6654,AC_DEMO_SYNTH,0.0357,-0.0126,93.939,93.338,75.151,74.67
0.30795,319.44,100.0,0.0,27.7154,AC_DEMO_SYNTH,0.0325,-0.0114,93.126,92.808,74.501,74.246
0.3085,319.5,100.0,0.0,27.7654,AC_DEMO_SYNTH,0.0296,-0.0102,93.073,92.43,74.458,73.944
0.30906,319.55,100.0,0.0,27.8155,AC_DEMO_SYNTH,0.0269,-0.0092,92.924,93.383,74.339,74.706
0.30962,319.59,100.0,0.0,27.8655,AC_DEMO_SYNTH,0.0245,-0.0083,92.838,93.469,74.27,74.775
0.31017,319.63,100.0,0.0,27.9155,AC_DEMO_SYNTH,0.0222,-0.0075,92.777,93.838,74.222,75.07
0.31073,319.67,100.0,0.0,27.9655,AC_DEMO_SYNTH,0.0201,-0.0067,92.943,93.999,74.354,75.199
0.31128,319.71,100.0,0.0,28.0156,AC_DEMO_SYNTH,0.0182,-0.006,93.293,94.013,74.634,75.21
0.31184,319.74,100.0,0.0,28.0656,AC_DEMO_SYNTH,0.0165,-0.0054,93.473,92.998,74.778,74.398
0.3124,319.76,100.0,0.0,28.1156,AC_DEMO_SYNTH,0.0149,-0.0048,93.375,93.264,74.7,74.611
0.31295,319.79,100.0,0.0,28.1656,AC_DEMO_SYNTH,0.0134,-0.0043,93.065,93.609,74.452,74.887
0.31351,319.81,100.0,0.0,28.2157,AC_DEMO_SYNTH,0.0121,-0.0039,93.744,94.438,74.995,75.55
0.31406,319.83,100.0,0.0,28.2657,AC_DEMO_SYNTH,0.0109,-0.0034,93.692,94.025,74.954,75.22
0.31462,319.85,100.0,0.0,28.3157,AC_DEMO_SYNTH,0.0098,-0.0031,93.344,93.889,74.675,75.111
0.31518,319.87,100.0,0.0,28.3658,AC_DEMO_SYNTH,0.0088,-0.0027,93.159,93.293,74.527,74.634
0.31573,319.88,100.0,0.0,28.4158,AC_DEMO_SYNTH,0.0079,-0.0024,93.647,93.1,74.918,74.48
0.31629,319.89,100.0,0.0,28.4658,AC_DEMO_SYNTH,0.0071,-0.0022,93.509,93.773,74.807,75.018
0.31684,319.91,100.0,0.0,28.5158,AC_DEMO_SYNTH,0.0064,-0.0019,92.865,93.024,74.292,74.419
0.3174,319.92,100.0,0.0,28.5659,AC_DEMO_SYNTH,0.0057,-0.0017,93.424,93.374,74.739,74.699
0.31795,319.93,100.0,0.0,28.6159,AC_DEMO_SYNTH,0.0051,-0.0015,93.562,93.427,74.85,74.742
0.31851,319.93,100.0,0.0,28.6659,AC_DEMO_SYNTH,0.0045,-0.0013,93.1,94.111,74.48,75.289
0.31907,319.94,100.0,0.0,28.716,AC_DEMO_SYNTH,0.0041,-0.0012,93.541,93.336,74.833,74.669
0.31962,319.95,100.0,0.0,28.766,AC_DEMO_SYNTH,0.0036,-0.0011,92.888,92.506,74.31,74.005
0.32018,319.95,100.0,0.0,28.816,AC_DEMO_SYNTH,0.0032,-0.0009,94.007,93.684,75.206,74.947
0.32073,319.96,100.0,0.0,28.866,AC_DEMO_SYNTH,0.0029,-0.0008,93.976,93.206,75.181,74.565
0.32129,319.96,100.0,0.0,28.9161,AC_DEMO_SYNTH,0.0025,-0.0007,93.378,93.503,74.702,74.802
0.32185,319.97,100.0,0.0,28.9661,AC_DEMO_SYNTH,0.0023,-0.0006,93.629,93.455,74.903,74.764
0.3224,319.97,100.0,0.0,29.0161,AC_DEMO_SYNTH,0.002,-0.0006,92.52,93.381,74.016,74.705
0.32296,319.98,100.0,0.0,29.0661,AC_DEMO_SYNTH,0.0018,-0.0005,93.026,93.81,74.421,75.048
0.32351,319.98,100.0,0.0,29.1162,AC_DEMO_SYNTH,0.0016,-0.0004,93.372,92.881,74.698,74.305
0.32407,319.98,100.0,0.0,29.1662,AC_DEMO_SYNTH,0.0014,-0.0004,93.062,93.288,74.45,74.63
0.32462,319.98,100.0,0.0,29.2162,AC_DEMO_SYNTH,0.0012,-0.0003,93.777,93.768,75.022,75.014
0.32518,319.99,100.0,0.0,29.2663,AC_DEMO_SYNTH,0.0011,-0.0003,94.294,93.253,75.435,74.602
0.32574,319.99,100.0,0.0,29.3163,AC_DEMO_SYNTH,0.0009,-0.0003,93.025,92.855,74.42,74.284
0.32629,319.99,100.0,0.0,29.3663,AC_DEMO_SYNTH,0.0008,-0.0002,93.162,93.766,74.53,75.013
0.32685,319.99,100.0,0.0,29.4163,AC_DEMO_SYNTH,0.0007,-0.0002,93.591,93.948,74.873,75.158
0.3274,319.99,100.0,0.0,29.4664,AC_DEMO_SYNTH,0.0006,-0.0002,94.142,93.481,75.314,74.785
0.32796,319.99,100.0,0.0,29.5164,AC_DEMO_SYNTH,0.0006,-0.0001,93.009,92.714,74.407,74.171
0.32852,319.99,100.0,0.0,29.5664,AC_DEMO_SYNTH,0.0005,-0.0001,93.598,93.782,74.878,75.026
0.32907,319.99,100.0,0.0,29.6165,AC_DEMO_SYNTH,0.0004,-0.0001,94.227,92.835,75.382,74.268
0.32963,320.0,100.0,0.0,29.6665,AC_DEMO_SYNTH,0.0004,-0.0001,92.841,93.626,74.273,74.901
0.33018,320.0,100.0,0.0,29.7165,AC_DEMO_SYNTH,0.0003,-0.0001,92.99,93.148,74.392,74.518
0.33074,320.0,100.0,0.0,29.7665,AC_DEMO_SYNTH,0.0003,-0.0001,93.333,93.039,74.666,74.431
0.3313,320.0,100.0,0.0,29.8166,AC_DEMO_SYNTH,0.0003,-0.0001,93.294,93.326,74.635,74.661
0.33185,320.0,100.0,0.0,29.8666,AC_DEMO_SYNTH,0.0002,-0.0001,93.827,93.43,75.062,74.744
0.33241,320.0,100.0,0.0,29.9166,AC_DEMO_SYNTH,0.0002,-0.0,93.599,93.245,74.879,74.596
0.33296,320.0,100.0,0.0,29.9666,AC_DEMO_SYNTH,0.0002,-0.0,92.793,93.738,74.234,74.99
0.33352,320.0,100.0,0.0,30.0167,AC_DEMO_SYNTH,0.0001,-0.0,93.709,93.325,74.967,74.66
0.33407,320.0,100.0,0.0,30.0667,AC_DEMO_SYNTH,0.0001,-0.0,93.272,93.895,74.618,75.116
0.33463,320.0,100.0,0.0,30.1167,AC_DEMO_SYNTH,0.0001,-0.0,94.013,93.616,75.21,74.893
0.33519,320.0,100.0,0.0,30.1668,AC_DEMO_SYNTH,0.0001,-0.0,93.252,93.224,74.602,74.579
0.33574,320.0,100.0,0.0,30.2168,AC_DEMO_SYNTH,0.0001,-0.0,93.248,93.157,74.598,74.526
0.3363,320.0,100.0,0.0,30.2668,AC_DEMO_SYNTH,0.0001,-0.0,93.72,92.844,74.976,74.275
0.33685,320.0,100.0,0.0,30.3168,AC_DEMO_SYNTH,0.0001,-0.0,93.808,93.619,75.046,74.895
0.33741,320.0,100.0,0.0,30.3669,AC_DEMO_SYNTH,0.0001,-0.0,93.682,93.361,74.946,74.689
0.33797,320.0,100.0,0.0,30.4169,AC_DEMO_SYNTH,0.0,-0.0,92.829,92.555,74.263,74.044
0.33852,320.0,100.0,0.0,30.4669,AC_DEMO_SYNTH,0.0,-0.0,93.719,93.289,74.975,74.631
0.33908,320.0,100.0,0.0,30.517,AC_DEMO_SYNTH,0.0,-0.0,93.09,93.143,74.472,74.514
0.33963,320.0,100.0,0.0,30.567,AC_DEMO_SYNTH,0.0,-0.0,93.598,94.134,74.878,75.307
0.34019,320.0,100.0,0.0,30.617,AC_DEMO_SYNTH,0.0,-0.0,92.934,92.822,74.347,74.258
0.34074,320.0,100.0,0.0,30.667,AC_DEMO_SYNTH,0.0,-0.0,93.682,92.927,74.946,74.342
0.3413,320.0,100.0,0.0,30.7171,AC_DEMO_SYNTH,0.0,-0.0,93.181,93.947,74.545,75.158
0.34186,320.0,100.0,0.0,30.7671,AC_DEMO_SYNTH,0.0,-0.0,92.99,94.046,74.392,75.237
0.34241,320.0,100.0,0.0,30.8171,AC_DEMO_SYNTH,0.0,-0.0,93.789,93.205,75.031,74.564
0.34297,320.0,100.0,0.0,30.8671,AC_DEMO_SYNTH,0.0,-0.0,93.6,93.251,74.88,74.601
0.34352,320.0,100.0,0.0,30.9172,AC_DEMO_SYNTH,0.0,-0.0,93.258,93.75,74.606,75.0
0.34408,320.0,100.0,0.0,30.9672,AC_DEMO_SYNTH,0.0,-0.0,94.084,92.573,75.267,74.058
0.34464,320.0,100.0,0.0,31.0172,AC_DEMO_SYNTH,0.0,-0.0,93.327,92.759,74.662,74.207
0.34519,320.0,100.0,0.0,31.0673,AC_DEMO_SYNTH,0.0,-0.0,93.516,93.391,74.813,74.713
0.34575,320.0,100.0,0.0,31.1173,AC_DEMO_SYNTH,0.0,-0.0,93.611,94.123,74.889,75.298
0.3463,320.0,100.0,0.0,31.1673,AC_DEMO_SYNTH,0.0,-0.0,93.256,93.329,74.605,74.663
0.34686,320.0,100.0,0.0,31.2173,AC_DEMO_SYNTH,0.0,-0.0,93.692,93.544,74.954,74.835
0.34742,320.0,100.0,0.0,31.2674,AC_DEMO_SYNTH,0.0,-0.0,93.29,93.957,74.632,75.166
0.34797,320.0,100.0,0.0,31.3174,AC_DEMO_SYNTH,0.0,-0.0,93.339,94.346,74.671,75.477
0.34853,320.0,100.0,0.0,31.3674,AC_DEMO_SYNTH,0.0,-0.0,94.048,93.273,75.238,74.618
0.34908,320.0,100.0,0.0,31.4175,AC_DEMO_SYNTH,0.0,-0.0,93.087,93.497,74.47,74.798
0.34964,320.0,100.0,0.0,31.4675,AC_DEMO_SYNTH,0.0,-0.0,92.538,94.232,74.03,75.386
0.35019,320.0,100.0,0.0,31.5175,AC_DEMO_SYNTH,0.0,-0.0,94.148,92.895,75.318,74.316
0.35075,320.0,100.0,0.0,31.5675,AC_DEMO_SYNTH,0.0,-0.0,94.523,93.914,75.618,75.131
0.35131,320.0,100.0,0.0,31.6176,AC_DEMO_SYNTH,0.0,-0.0,93.341,93.096,74.673,74.477
0.35186,320.0,100.0,0.0,31.6676,AC_DEMO_SYNTH,0.0,-0.0,92.729,93.544,74.183,74.835
0.35242,320.0,100.0,0.0,31.7176,AC_DEMO_SYNTH,0.0,-0.0,93.379,93.406,74.703,74.725
0.35297,320.0,100.0,0.0,31.7676,AC_DEMO_SYNTH,0.0,-0.0,93.389,93.12,74.711,74.496
0.35353,320.0,100.0,0.0,31.8177,AC_DEMO_SYNTH,0.0,-0.0,93.427,93.11,74.742,74.488
0.35409,320.0,100.0,0.0,31.8677,AC_DEMO_SYNTH,0.0,-0.0,93.058,93.614,74.446,74.891
0.35464,320.0,100.0,0.0,31.9177,AC_DEMO_SYNTH,0.0,-0.0,93.735,93.902,74.988,75.122
0.3552,320.0,100.0,0.0,31.9678,AC_DEMO_SYNTH,0.0,-0.0,93.713,93.451,74.97,74.761
0.35575,320.0,100.0,0.0,32.0178,AC_DEMO_SYNTH,0.0,-0.0,92.906,93.531,74.325,74.825
0.35631,320.0,100.0,0.0,32.0678,AC_DEMO_SYNTH,0.0,-0.0,93.783,93.732,75.026,74.986
0.35686,320.0,100.0,0.0,32.1178,AC_DEMO_SYNTH,0.0,-0.0,94.324,93.115,75.459,74.492
0.35742,320.0,100.0,0.0,32.1679,AC_DEMO_SYNTH,0.0,-0.0,93.572,93.799,74.858,75.039
0.35798,320.0,100.0,0.0,32.2179,AC_DEMO_SYNTH,0.0,-0.0,93.368,93.831,74.694,75.065
0.35853,320.0,100.0,0.0,32.2679,AC_DEMO_SYNTH,0.0,-0.0,93.447,94.545,74.758,75.636
0.35909,320.0,100.0,0.0,32.318,AC_DEMO_SYNTH,0.0,-0.0,93.749,93.353,74.999,74.682
0.35964,320.0,100.0,0.0,32.368,AC_DEMO_SYNTH,0.0,-0.0,92.811,93.32,74.249,74.656
0.3602,320.0,100.0,0.0,32.418,AC_DEMO_SYNTH,-0.0,-0.0,93.569,93.811,74.855,75.049
0.36076,320.0,100.0,0.0,32.468,AC_DEMO_SYNTH,-0.0,0.0,93.347,93.831,74.678,75.065
0.36131,320.0,100.0,0.0,32.5181,AC_DEMO_SYNTH,-0.0,0.0,94.243,93.289,75.394,74.631
0.36187,320.0,100.0,0.0,32.5681,AC_DEMO_SYNTH,-0.0,0.0,93.434,93.342,74.747,74.674
0.36242,320.0,100.0,0.0,32.6181,AC_DEMO_SYNTH,-0.0,0.0,94.171,93.72,75.337,74.976
0.36298,320.0,100.0,0.0,32.6681,AC_DEMO_SYNTH,-0.0,0.0,93.062,93.172,74.45,74.538
0.36354,320.0,100.0,0.0,32.7182,AC_DEMO_SYNTH,-0.0,0.0,93.738,93.339,74.99,74.671
0.36409,320.0,100.0,0.0,32.7682,AC_DEMO_SYNTH,-0.0,0.0,93.631,93.539,74.905,74.831
0.36465,320.0,100.0,0.0,32.8182,AC_DEMO_SYNTH,-0.0,0.0,93.156,93.902,74.525,75.122
0.3652,320.0,100.0,0.0,32.8683,AC_DEMO_SYNTH,-0.0,0.0,93.574,93.262,74.859,74.61
0.36576,320.0,100.0,0.0,32.9183,AC_DEMO_SYNTH,-0.0,0.0,93.988,92.766,75.19,74.213
0.36631,320.0,100.0,0.0,32.9683,AC_DEMO_SYNTH,-0.0,0.0,93.374,92.737,74.699,74.19
0.36687,320.0,100.0,0.0,33.0183,AC_DEMO_SYNTH,-0.0,0.0,92.827,93.0,74.262,74.4
0.36743,320.0,100.0,0.0,33.0684,AC_DEMO_SYNTH,-0.0,0.0,93.496,92.978,74.797,74.382
0.36798,320.0,100.0,0.0,33.1184,AC_DEMO_SYNTH,-0.0,0.0,93.142,93.442,74.514,74.754
0.36854,320.0,100.0,0.0,33.1684,AC_DEMO_SYNTH,-0.0,0.0,93.366,93.028,74.693,74.422
0.36909,320.0,100.0,0.0,33.2185,AC_DEMO_SYNTH,-0.0,0.0,93.471,93.222,74.777,74.578
0.36965,320.0,100.0,0.0,33.2685,AC_DEMO_SYNTH,-0.0,0.0,92.821,93.194,74.257,74.555
0.37021,320.0,100.0,0.0,33.3185,AC_DEMO_SYNTH,-0.0,0.0,92.857,93.327,74.286,74.662
0.37076,320.0,100.0,0.0,33.3685,AC_DEMO_SYNTH,-0.0,0.0,93.696,94.032,74.957,75.226
0.37132,320.0,100.0,0.0,33.4186,AC_DEMO_SYNTH,-0.0,0.0,93.294,93.768,74.635,75.014
0.37187,320.0,100.0,0.0,33.4686,AC_DEMO_SYNTH,-0.0,0.0,92.477,93.51,73.982,74.808
0.37243,320.0,100.0,0.0,33.5186,AC_DEMO_SYNTH,-0.0,0.0,93.817,93.319,75.054,74.655
0.37298,320.0,100.0,0.0,33.5686,AC_DEMO_SYNTH,-0.0,0.0,93.612,93.33,74.89,74.664
0.37354,320.0,100.0,0.0,33.6187,AC_DEMO_SYNTH,-0.0,0.0,93.218,93.634,74.574,74.907
0.3741,320.0,100.0,0.0,33.6687,AC_DEMO_SYNTH,-0.0,0.0,92.977,93.737,74.382,74.99
0.37465,320.0,100.0,0.0,33.7187,AC_DEMO_SYNTH,-0.0,0.0,93.838,93.14,75.07,74.512
0.37521,320.0,100.0,0.0,33.7688,AC_DEMO_SYNTH,-0.0,0.0,93.643,93.518,74.914,74.814
0.37576,320.0,100.0,0.0,33.8188,AC_DEMO_SYNTH,-0.0,0.0,94.456,92.691,75.565,74.153
0.37632,320.0,100.0,0.0,33.8688,AC_DEMO_SYNTH,-0.0,0.0,93.671,93.588,74.937,74.87
0.37688,320.0,100.0,0.0,33.9188,AC_DEMO_SYNTH,-0.0,0.0,93.658,93.808,74.926,75.046
0.37743,320.0,100.0,0.0,33.9689,AC_DEMO_SYNTH,-0.0,0.0,93.437,93.391,74.75,74.713
0.37799,320.0,100.0,0.0,34.0189,AC_DEMO_SYNTH,-0.0001,0.0,93.83,94.23,75.064,75.384
0.37854,320.0,100.0,0.0,34.0689,AC_DEMO_SYNTH,-0.0001,0.0,93.754,93.151,75.003,74.521
0.3791,320.0,100.0,0.0,34.119,AC_DEMO_SYNTH,-0.0001,0.0,94.004,93.591,75.203,74.873
0.37966,320.0,100.0,0.0,34.169,AC_DEMO_SYNTH,-0.0001,0.0,93.295,93.489,74.636,74.791
0.38021,320.0,100.0,0.0,34.219,AC_DEMO_SYNTH,-0.0001,0.0,93.33,93.464,74.664,74.771
0.38077,320.0,100.0,0.0,34.269,AC_DEMO_SYNTH,-0.0002,0.0,93.312,93.458,74.65,74.766
0.38132,320.0,100.0,0.0,34.3191,AC_DEMO_SYNTH,-0.0002,0.0,93.82,93.547,75.056,74.838
0.38188,320.0,100.0,0.0,34.3691,AC_DEMO_SYNTH,-0.0002,0.0,94.103,93.843,75.282,75.074
0.38243,320.0,100.0,0.0,34.4191,AC_DEMO_SYNTH,-0.0003,0.0,93.321,94.055,74.657,75.244
0.38299,320.0,100.0,0.0,34.4691,AC_DEMO_SYNTH,-0.0003,0.0001,93.335,93.503,74.668,74.802
0.38355,320.0,100.0,0.0,34.5192,AC_DEMO_SYNTH,-0.0004,0.0001,93.631,93.83,74.905,75.064
0.3841,320.0,100.0,0.0,34.5692,AC_DEMO_SYNTH,-0.0004,0.0001,93.407,93.223,74.726,74.578
0.38466,319.99,100.0,0.0,34.6192,AC_DEMO_SYNTH,-0.0005,0.0001,93.883,93.807,75.106,75.046
0.38521,319.99,100.0,0.0,34.6693,AC_DEMO_SYNTH,-0.0006,0.0001,92.602,93.197,74.082,74.558
0.38577,319.99,100.0,0.0,34.7193,AC_DEMO_SYNTH,-0.0007,0.0001,93.172,93.938,74.538,75.15
0.38633,319.99,100.0,0.1,34.7693,AC_DEMO_SYNTH,-0.0009,0.0002,93.191,94.386,74.553,75.509
0.38688,319.99,100.0,0.1,34.8193,AC_DEMO_SYNTH,-0.001,0.0002,92.576,93.453,74.061,74.762
0.38744,319.99,100.0,0.1,34.8694,AC_DEMO_SYNTH,-0.0012,0.0003,93.12,92.625,74.496,74.1
0.38799,319.99,100.0,0.1,34.9194,AC_DEMO_SYNTH,-0.0014,0.0003,93.14,93.283,74.512,74.626
0.38855,319.98,100.0,0.1,34.9694,AC_DEMO_SYNTH,-0.0017,0.0004,93.424,93.992,74.739,75.194
0.38911,319.98,100.0,0.1,35.0195,AC_DEMO_SYNTH,-0.002,0.0004,93.95,93.722,75.16,74.978
0.38966,319.98,100.0,0.1,35.0695,AC_DEMO_SYNTH,-0.0023,0.0005,93.408,93.601,74.726,74.881
0.39022,319.97,100.0,0.2,35.1195,AC_DEMO_SYNTH,-0.0027,0.0006,93.092,93.902,74.474,75.122
0.39077,319.97,100.0,0.2,35.1695,AC_DEMO_SYNTH,-0.0032,0.0007,93.484,93.693,74.787,74.954
0.39133,319.96,100.0,0.2,35.2196,AC_DEMO_SYNTH,-0.0037,0.0008,93.925,93.984,75.14,75.187
0.39188,319.95,100.0,0.3,35.2696,AC_DEMO_SYNTH,-0.0043,0.001,93.115,93.862,74.492,75.09
0.39244,319.94,100.0,0.3,35.3196,AC_DEMO_SYNTH,-0.0051,0.0011,93.14,94.102,74.512,75.282
0.393,319.93,100.0,0.4,35.3696,AC_DEMO_SYNTH,-0.0059,0.0013,93.728,93.634,74.982,74.907
0.39355,319.92,100.0,0.4,35.4197,AC_DEMO_SYNTH,-0.0068,0.0016,93.417,93.851,74.734,75.081
0.39411,319.91,100.0,0.5,35.4697,AC_DEMO_SYNTH,-0.0079,0.0018,93.766,93.365,75.013,74.692
0.39466,319.9,100.0,0.5,35.5197,AC_DEMO_SYNTH,-0.0091,0.0021,93.503,93.246,74.802,74.597
0.39522,319.88,100.0,0.6,35.5698,AC_DEMO_SYNTH,-0.0105,0.0025,93.789,94.164,75.031,75.331
0.39578,319.86,100.0,0.7,35.6198,AC_DEMO_SYNTH,-0.0121,0.0029,93.094,93.564,74.475,74.851
0.39633,319.84,100.0,0.8,35.6698,AC_DEMO_SYNTH,-0.0139,0.0034,93.505,93.796,74.804,75.037
0.39689,319.81,100.0,1.0,35.7198,AC_DEMO_SYNTH,-0.016,0.0039,93.425,93.517,74.74,74.814
0.39744,319.78,100.0,1.1,35.7699,AC_DEMO_SYNTH,-0.0183,0.0045,93.023,93.226,74.418,74.581
0.398,319.75,100.0,1.3,35.8199,AC_DEMO_SYNTH,-0.0209,0.0052,92.885,93.459,74.308,74.767
0.39855,319.71,100.0,1.4,35.8699,AC_DEMO_SYNTH,-0.0239,0.006,93.785,94.021,75.028,75.217
0.39911,319.66,100.0,1.6,35.92,AC_DEMO_SYNTH,-0.0272,0.0069,93.368,93.657,74.694,74.926
0.39967,319.61,100.0,1.9,35.97,AC_DEMO_SYNTH,-0.031,0.008,93.1,92.739,74.48,74.191
0.40022,319.55,100.0,2.1,36.02,AC_DEMO_SYNTH,-0.0352,0.0092,93.47,93.324,74.776,74.659
0.40078,319.48,100.0,2.4,36.07,AC_DEMO_SYNTH,-0.04,0.0105,93.957,94.107,75.166,75.286
0.40133,319.41,100.0,2.7,36.1201,AC_DEMO_SYNTH,-0.0453,0.012,92.594,93.293,74.075,74.634
0.40189,319.32,100.0,3.1,36.1701,AC_DEMO_SYNTH,-0.0512,0.0138,92.905,92.637,74.324,74.11
0.40245,319.23,100.0,3.5,36.2201,AC_DEMO_SYNTH,-0.0578,0.0157,93.135,94.094,74.508,75.275
0.403,319.12,100.0,3.9,36.2702,AC_DEMO_SYNTH,-0.0652,0.0179,94.086,93.584,75.269,74.867
0.40356,319.0,100.0,4.4,36.3202,AC_DEMO_SYNTH,-0.0733,0.0204,93.612,93.254,74.89,74.603
0.40411,318.86,100.0,4.9,36.3702,AC_DEMO_SYNTH,-0.0823,0.0231,93.801,93.1,75.041,74.48
0.40467,318.71,100.0,5.5,36.4202,AC_DEMO_SYNTH,-0.0923,0.0262,93.035,93.645,74.428,74.916
0.40523,318.54,100.0,6.2,36.4703,AC_DEMO_SYNTH,-0.1034,0.0297,93.038,92.953,74.43,74.362
0.40578,318.34,100.0,6.9,36.5203,AC_DEMO_SYNTH,-0.1155,0.0336,93.656,93.579,74.925,74.863
0.40634,318.13,100.0,7.7,36.5703,AC_DEMO_SYNTH,-0.1289,0.0379,93.494,93.284,74.795,74.627
0.40689,317.89,100.0,8.6,36.6203,AC_DEMO_SYNTH,-0.1435,0.0427,93.68,93.104,74.944,74.483
0.40745,317.62,100.0,9.6,36.6704,AC_DEMO_SYNTH,-0.1596,0.048,93.373,92.995,74.698,74.396
0.408,317.32,100.0,10.6,36.7204,AC_DEMO_SYNTH,-0.1771,0.0538,93.543,92.79,74.834,74.232
0.40856,316.99,100.0,11.8,36.7704,AC_DEMO_SYNTH,-0.1962,0.0603,93.478,93.192,74.782,74.554
0.40912,316.63,100.0,13.0,36.8205,AC_DEMO_SYNTH,-0.217,0.0675,93.708,92.333,74.966,73.866
0.40967,316.23,100.0,14.4,36.8705,AC_DEMO_SYNTH,-0.2397,0.0754,93.698,91.925,74.958,73.54
0.41023,315.78,100.0,15.8,36.9205,AC_DEMO_SYNTH,-0.2642,0.084,92.699,92.699,74.159,74.159
0.41078,315.29,100.0,17.4,36.9705,AC_DEMO_SYNTH,-0.2907,0.0935,92.417,92.574,73.934,74.059
0.41134,314.76,100.0,19.2,37.0206,AC_DEMO_SYNTH,-0.3193,0.1038,93.684,92.371,74.947,73.897
0.4119,314.17,100.0,21.0,37.0706,AC_DEMO_SYNTH,-0.3501,0.115,93.717,92.182,74.974,73.746
0.41245,313.52,100.0,23.0,37.1206,AC_DEMO_SYNTH,-0.3832,0.1273,92.787,91.712,74.23,73.37
0.41301,312.81,100.0,25.1,37.1707,AC_DEMO_SYNTH,-0.4187,0.1405,92.397,91.961,73.918,73.569
0.41356,312.04,100.0,27.4,37.2207,AC_DEMO_SYNTH,-0.4567,0.1549,93.121,91.415,74.497,73.132
0.41412,311.2,100.0,29.8,37.2707,AC_DEMO_SYNTH,-0.4973,0.1703,93.385,91.006,74.708,72.805
0.41467,310.28,100.0,32.4,37.3207,AC_DEMO_SYNTH,-0.5405,0.1869,93.653,90.82,74.922,72.656
0.41523,309.29,50.0,35.2,37.3708,AC_DEMO_SYNTH,-0.5864,0.2047,93.054,91.477,74.443,73.182
0.41579,308.21,50.0,38.1,37.4208,AC_DEMO_SYNTH,-0.635,0.2237,92.599,89.673,74.079,71.738
0.41634,307.04,50.0,41.2,37.4708,AC_DEMO_SYNTH,-0.6864,0.244,92.279,90.239,73.823,72.191
0.4169,305.78,50.0,44.4,37.5208,AC_DEMO_SYNTH,-0.7407,0.2655,92.516,89.015,74.013,71.212
0.41745,304.43,50.0,47.9,37.5709,AC_DEMO_SYNTH,-0.7978,0.2883,92.257,89.266,73.806,71.413
0.41801,302.97,50.0,51.5,37.6209,AC_DEMO_SYNTH,-0.8577,0.3124,91.818,88.726,73.454,70.981
0.41857,301.4,50.0,55.2,37.6709,AC_DEMO_SYNTH,-0.9204,0.3376,92.873,87.627,74.298,70.102
0.41912,299.71,50.0,59.2,37.721,AC_DEMO_SYNTH,-0.9859,0.3641,92.577,88.145,74.062,70.516
0.41968,297.91,50.0,63.2,37.771,AC_DEMO_SYNTH,-1.054,0.3916,92.109,87.336,73.687,69.869
0.42023,295.99,50.0,67.5,37.821,AC_DEMO_SYNTH,-1.1247,0.4203,91.059,86.116,72.847,68.893
0.42079,293.94,50.0,71.9,37.871,AC_DEMO_SYNTH,-1.198,0.4499,91.519,86.726,73.215,69.381
0.42135,291.76,50.0,76.4,37.9211,AC_DEMO_SYNTH,-1.2735,0.4803,91.158,86.366,72.926,69.093
0.4219,289.44,50.0,81.1,37.9711,AC_DEMO_SYNTH,-1.3512,0.5115,90.778,85.755,72.622,68.604
0.42246,286.98,50.0,85.9,38.0211,AC_DEMO_SYNTH,-1.4309,0.5433,90.773,84.636,72.618,67.709
0.42301,284.38,50.0,90.7,38.0712,AC_DEMO_SYNTH,-1.5124,0.5755,90.172,83.813,72.138,67.05
0.42357,281.64,50.0,95.7,38.1212,AC_DEMO_SYNTH,-1.5953,0.6079,89.83,83.597,71.864,66.878
0.42412,278.74,50.0,100.0,38.1712,AC_DEMO_SYNTH,-1.6794,0.6404,89.371,82.975,71.497,66.38
0.42468,275.7,50.0,100.0,38.2212,AC_DEMO_SYNTH,-1.7645,0.6727,88.805,81.964,71.044,65.571
0.42524,272.51,50.0,100.0,38.2713,AC_DEMO_SYNTH,-1.85,0.7046,87.474,80.313,69.979,64.25
0.42579,269.17,50.0,100.0,38.3213,AC_DEMO_SYNTH,-1.9358,0.7358,87.705,79.923,70.164,63.938
0.42635,265.67,50.0,100.0,38.3713,AC_DEMO_SYNTH,-2.0214,0.7661,86.896,79.143,69.517,63.314
0.4269,262.02,50.0,100.0,38.4213,AC_DEMO_SYNTH,-2.1063,0.7952,86.017,77.344,68.814,61.875
0.42746,258.23,50.0,100.0,38.4714,AC_DEMO_SYNTH,-2.1901,0.8229,86.577,77.336,69.262,61.869
0.42802,254.28,50.0,100.0,38.5214,AC_DEMO_SYNTH,-2.2724,0.8489,85.931,77.116,68.745,61.693
0.42857,250.2,50.0,100.0,38.5714,AC_DEMO_SYNTH,-2.3526,0.873,85.085,75.508,68.068,60.406
0.42913,245.97,50.0,100.0,38.6215,AC_DEMO_SYNTH,-2.4302,0.8948,83.903,74.87,67.122,59.896
0.42968,241.61,50.0,100.0,38.6715,AC_DEMO_SYNTH,-2.5048,0.9142,83.566,73.372,66.853,58.698
0.43024,237.12,50.0,100.0,38.7215,AC_DEMO_SYNTH,-2.5757,0.931,82.218,72.278,65.774,57.822
0.43079,232.51,50.0,100.0,38.7715,AC_DEMO_SYNTH,-2.6425,0.9449,81.446,71.464,65.157,57.171
0.43135,227.78,50.0,100.0,38.8216,AC_DEMO_SYNTH,-2.7045,0.9559,80.044,69.984,64.035,55.987
0.43191,222.95,50.0,100.0,38.8716,AC_DEMO_SYNTH,-2.7613,0.9638,79.724,68.925,63.779,55.14
0.43246,218.03,50.0,100.0,38.9216,AC_DEMO_SYNTH,-2.8122,0.9684,78.642,68.821,62.914,55.057
0.43302,213.02,50.0,100.0,38.9717,AC_DEMO_SYNTH,-2.8568,0.9698,77.119,67.87,61.695,54.296
0.43357,207.93,50.0,100.0,39.0217,AC_DEMO_SYNTH,-2.8946,0.968,76.614,65.938,61.291,52.75
0.43413,202.79,50.0,100.0,39.0717,AC_DEMO_SYNTH,-2.9249,0.963,75.573,65.745,60.458,52.596
0.43469,197.6,50.0,100.0,39.1217,AC_DEMO_SYNTH,-2.9474,0.9548,75.271,64.358,60.217,51.486
0.43524,192.37,50.0,100.0,39.1718,AC_DEMO_SYNTH,-2.9616,0.9436,73.837,63.575,59.07,50.86
0.4358,187.13,50.0,100.0,39.2218,AC_DEMO_SYNTH,-2.967,0.9296,72.396,62.684,57.917,50.147
0.43635,181.89,50.0,100.0,39.2718,AC_DEMO_SYNTH,-2.9633,0.9128,71.39,61.976,57.112,49.581
0.43691,176.66,50.0,100.0,39.3218,AC_DEMO_SYNTH,-2.9501,0.8937,70.196,60.703,56.157,48.562
0.43747,171.46,50.0,100.0,39.3719,AC_DEMO_SYNTH,-2.9272,0.8724,68.979,60.342,55.183,48.274
0.43802,166.32,50.0,100.0,39.4219,AC_DEMO_SYNTH,-2.8943,0.8493,67.508,59.028,54.006,47.222
0.43858,161.24,50.0,100.0,39.4719,AC_DEMO_SYNTH,-2.8512,0.8246,66.76,58.296,53.408,46.637
0.43913,156.24,50.0,100.0,39.522,AC_DEMO_SYNTH,-2.7977,0.7986,65.403,56.87,52.322,45.496
0.43969,151.35,50.0,100.0,39.572,AC_DEMO_SYNTH,-2.7339,0.7718,64.09,57.242,51.272,45.794
0.44024,146.58,50.0,100.0,39.622,AC_DEMO_SYNTH,-2.6596,0.7444,63.692,55.755,50.954,44.604
0.4408,141.95,50.0,100.0,39.672,AC_DEMO_SYNTH,-2.575,0.7168,62.555,55.056,50.044,44.045
0.44136,137.48,50.0,100.0,39.7221,AC_DEMO_SYNTH,-2.4801,0.6892,60.608,53.346,48.486,42.677
0.44191,133.19,50.0,100.0,39.7721,AC_DEMO_SYNTH,-2.3751,0.6621,60.216,52.891,48.173,42.313
0.44247,129.09,50.0,100.0,39.8221,AC_DEMO_SYNTH,-2.2604,0.6356,59.625,52.959,47.7,42.367
0.44302,125.2,50.0,100.0,39.8722,AC_DEMO_SYNTH,-2.1362,0.61,58.633,51.833,46.906,41.466
0.44358,121.54,50.0,100.0,39.9222,AC_DEMO_SYNTH,-2.0029,0.5857,57.626,50.219,46.101,40.175
0.44414,118.12,50.0,100.0,39.9722,AC_DEMO_SYNTH,-1.861,0.5628,56.264,50.675,45.011,40.54
0.44469,114.97,50.0,100.0,40.0222,AC_DEMO_SYNTH,-1.7109,0.5414,54.97,49.33,43.976,39.464
0.44525,112.08,50.0,93.2,40.0723,AC_DEMO_SYNTH,-1.5533,0.5218,53.962,49.408,43.17,39.526
0.4458,109.48,50.0,83.3,40.1223,AC_DEMO_SYNTH,-1.3888,0.5041,53.652,48.115,42.922,38.492
0.44636,107.17,50.0,73.1,40.1723,AC_DEMO_SYNTH,-1.2181,0.4884,52.816,47.549,42.253,38.039
0.44691,105.17,50.0,62.5,40.2223,AC_DEMO_SYNTH,-1.0418,0.4747,52.362,47.268,41.89,37.814
0.44747,103.49,50.0,51.6,40.2724,AC_DEMO_SYNTH,-0.8608,0.4633,51.507,45.778,41.206,36.622
0.44803,102.13,50.0,40.5,40.3224,AC_DEMO_SYNTH,-0.6758,0.454,50.27,45.095,40.216,36.076
0.44858,101.1,50.0,29.3,40.3724,AC_DEMO_SYNTH,-0.4877,0.447,49.12,44.783,39.296,35.826
0.44914,100.41,50.0,17.8,40.4225,AC_DEMO_SYNTH,-0.2974,0.4423,48.828,44.58,39.062,35.664
0.44969,100.05,50.0,6.3,40.4725,AC_DEMO_SYNTH,-0.1057,0.4399,48.422,43.122,38.738,34.498
0.45025,100.03,65.6,0.0,40.5225,AC_DEMO_SYNTH,0.0865,0.4398,47.68,42.414,38.144,33.931
0.45081,100.36,100.0,0.0,40.5725,AC_DEMO_SYNTH,0.2783,0.4419,47.005,42.864,37.604,34.291
0.45136,101.02,100.0,0.0,40.6226,AC_DEMO_SYNTH,0.4688,0.4464,46.864,41.772,37.491,33.418
0.45192,102.01,100.0,0.0,40.6726,AC_DEMO_SYNTH,0.6571,0.4532,46.142,41.364,36.914,33.091
0.45247,103.34,100.0,0.0,40.7226,AC_DEMO_SYNTH,0.8424,0.4622,45.73,40.321,36.584,32.257
0.45303,104.99,100.0,0.0,40.7727,AC_DEMO_SYNTH,1.0239,0.4735,45.805,40.37,36.644,32.296
0.45359,106.96,100.0,0.0,40.8227,AC_DEMO_SYNTH,1.2007,0.4869,45.281,40.258,36.225,32.206
0.45414,109.23,100.0,0.0,40.8727,AC_DEMO_SYNTH,1.372,0.5024,45.367,40.295,36.294,32.236
0.4547,111.81,100.0,0.0,40.9227,AC_DEMO_SYNTH,1.5372,0.5199,45.275,39.326,36.22,31.461
0.45525,114.66,100.0,0.0,40.9728,AC_DEMO_SYNTH,1.6955,0.5394,44.678,40.057,35.742,32.046
0.45581,117.8,100.0,0.0,41.0228,AC_DEMO_SYNTH,1.8463,0.5605,44.983,38.937,35.986,31.15
0.45636,121.19,100.0,0.0,41.0728,AC_DEMO_SYNTH,1.9891,0.5833,45.866,38.811,36.693,31.049
0.45692,124.83,100.0,0.0,41.1228,AC_DEMO_SYNTH,2.1233,0.6076,45.02,39.635,36.016,31.708
0.45748,128.69,100.0,0.0,41.1729,AC_DEMO_SYNTH,2.2484,0.633,44.908,39.104,35.926,31.283
0.45803,132.77,100.0,0.0,41.2229,AC_DEMO_SYNTH,2.3641,0.6594,45.359,38.866,36.287,31.093
0.45859,137.05,100.0,0.0,41.2729,AC_DEMO_SYNTH,2.47,0.6865,46.542,39.164,37.234,31.331
0.45914,141.5,100.0,0.0,41.323,AC_DEMO_SYNTH,2.5659,0.714,47.046,39.977,37.637,31.982
0.4597,146.11,100.0,0.0,41.373,AC_DEMO_SYNTH,2.6516,0.7417,47.565,40.307,38.052,32.246
0.46026,150.87,100.0,0.0,41.423,AC_DEMO_SYNTH,2.7269,0.7691,48.751,39.756,39.001,31.805
0.46081,155.75,100.0,0.0,41.473,AC_DEMO_SYNTH,2.7918,0.796,47.921,40.504,38.337,32.403
0.46137,160.73,100.0,0.0,41.5231,AC_DEMO_SYNTH,2.8463,0.822,49.941,41.072,39.953,32.858
0.46192,165.81,100.0,0.0,41.5731,AC_DEMO_SYNTH,2.8904,0.8469,51.267,41.237,41.014,32.99
0.46248,170.95,100.0,0.0,41.6231,AC_DEMO_SYNTH,2.9244,0.8702,51.11,42.28,40.888,33.824
0.46304,176.14,100.0,0.0,41.6732,AC_DEMO_SYNTH,2.9483,0.8917,52.385,43.051,41.908,34.441
0.46359,181.36,100.0,0.0,41.7232,AC_DEMO_SYNTH,2.9624,0.911,53.263,44.327,42.61,35.462
0.46415,186.61,100.0,0.0,41.7732,AC_DEMO_SYNTH,2.967,0.928,54.283,45.249,43.426,36.199
0.4647,191.85,100.0,0.0,41.8232,AC_DEMO_SYNTH,2.9625,0.9423,55.626,45.599,44.501,36.479
0.46526,197.07,100.0,0.0,41.8733,AC_DEMO_SYNTH,2.9492,0.9538,57.479,46.674,45.983,37.339
0.46581,202.27,100.0,0.0,41.9233,AC_DEMO_SYNTH,2.9275,0.9623,58.828,48.119,47.062,38.495
0.46637,207.42,100.0,0.0,41.9733,AC_DEMO_SYNTH,2.8979,0.9677,59.167,48.771,47.334,39.017
0.46693,212.51,100.0,0.0,42.0233,AC_DEMO_SYNTH,2.8609,0.9698,61.291,50.446,49.033,40.357
0.46748,217.53,100.0,0.0,42.0734,AC_DEMO_SYNTH,2.817,0.9687,61.785,51.429,49.428,41.143
0.46804,222.46,100.0,0.0,42.1234,AC_DEMO_SYNTH,2.7666,0.9644,63.722,52.372,50.978,41.898
0.46859,227.3,100.0,0.0,42.1734,AC_DEMO_SYNTH,2.7104,0.9568,64.237,53.711,51.39,42.969
0.46915,232.04,100.0,0.0,42.2235,AC_DEMO_SYNTH,2.6489,0.9462,65.58,56.039,52.464,44.831
0.46971,236.66,100.0,0.0,42.2735,AC_DEMO_SYNTH,2.5826,0.9325,66.919,56.788,53.535,45.43
0.47026,241.17,100.0,0.0,42.3235,AC_DEMO_SYNTH,2.512,0.916,69.282,58.92,55.426,47.136
0.47082,245.54,100.0,0.0,42.3735,AC_DEMO_SYNTH,2.4378,0.8969,69.571,59.482,55.657,47.586
0.47137,249.78,100.0,0.0,42.4236,AC_DEMO_SYNTH,2.3604,0.8752,70.149,61.236,56.119,48.989
0.47193,253.88,100.0,0.0,42.4736,AC_DEMO_SYNTH,2.2805,0.8514,72.0,63.51,57.6,50.808
0.47248,257.84,100.0,0.0,42.5236,AC_DEMO_SYNTH,2.1984,0.8256,72.623,63.56,58.098,50.848
0.47304,261.65,100.0,0.0,42.5737,AC_DEMO_SYNTH,2.1147,0.7981,73.699,64.644,58.959,51.715
0.4736,265.31,100.0,0.0,42.6237,AC_DEMO_SYNTH,2.0299,0.7691,75.354,67.322,60.283,53.858
0.47415,268.82,100.0,0.0,42.6737,AC_DEMO_SYNTH,1.9444,0.7389,76.067,67.862,60.854,54.29
0.47471,272.18,100.0,0.0,42.7237,AC_DEMO_SYNTH,1.8586,0.7077,77.196,69.546,61.757,55.637
0.47526,275.39,100.0,0.0,42.7738,AC_DEMO_SYNTH,1.773,0.6759,78.086,70.654,62.469,56.523
0.47582,278.45,100.0,0.0,42.8238,AC_DEMO_SYNTH,1.6879,0.6436,79.173,72.298,63.338,57.838
0.47638,281.35,100.0,0.0,42.8738,AC_DEMO_SYNTH,1.6036,0.6112,80.127,73.073,64.102,58.458
0.47693,284.11,100.0,0.0,42.9238,AC_DEMO_SYNTH,1.5206,0.5787,80.064,74.609,64.051,59.687
0.47749,286.73,100.0,0.0,42.9739,AC_DEMO_SYNTH,1.439,0.5465,81.951,76.049,65.561,60.839
0.47804,289.2,100.0,0.0,43.0239,AC_DEMO_SYNTH,1.3591,0.5147,82.096,76.609,65.677,61.287
0.4786,291.53,100.0,0.0,43.0739,AC_DEMO_SYNTH,1.2812,0.4834,82.677,77.831,66.142,62.265
0.47916,293.73,100.0,0.0,43.124,AC_DEMO_SYNTH,1.2054,0.4529,83.96,79.026,67.168,63.221
0.47971,295.79,100.0,0.0,43.174,AC_DEMO_SYNTH,1.1319,0.4232,84.707,79.598,67.766,63.678
0.48027,297.73,100.0,0.0,43.224,AC_DEMO_SYNTH,1.0609,0.3945,85.05,80.961,68.04,64.769
0.48082,299.54,100.0,0.0,43.274,AC_DEMO_SYNTH,0.9925,0.3668,86.275,82.088,69.02,65.67
0.48138,301.23,100.0,0.0,43.3241,AC_DEMO_SYNTH,0.9268,0.3402,85.985,82.743,68.788,66.194
0.48193,302.81,100.0,0.0,43.3741,AC_DEMO_SYNTH,0.8638,0.3149,86.906,83.61,69.525,66.888
0.48249,304.28,100.0,0.0,43.4241,AC_DEMO_SYNTH,0.8036,0.2907,87.347,84.48,69.878,67.584
0.48305,305.65,100.0,0.0,43.4742,AC_DEMO_SYNTH,0.7462,0.2678,88.044,84.951,70.435,67.961
0.4836,306.92,100.0,0.0,43.5242,AC_DEMO_SYNTH,0.6916,0.2461,88.624,86.17,70.899,68.936
0.48416,308.1,100.0,0.0,43.5742,AC_DEMO_SYNTH,0.6399,0.2257,88.53,87.106,70.824,69.685
0.48471,309.18,100.0,0.0,43.6242,AC_DEMO_SYNTH,0.591,0.2066,89.611,86.938,71.689,69.55
0.48527,310.18,100.0,0.0,43.6743,AC_DEMO_SYNTH,0.5448,0.1887,89.71,87.871,71.768,70.297
0.48583,311.11,100.0,0.0,43.7243,AC_DEMO_SYNTH,0.5013,0.172,89.267,88.098,71.414,70.478
0.48638,311.96,100.0,0.0,43.7743,AC_DEMO_SYNTH,0.4605,0.1564,89.553,88.818,71.642,71.054
0.48694,312.73,100.0,0.0,43.8243,AC_DEMO_SYNTH,0.4222,0.142,90.618,89.738,72.494,71.79
0.48749,313.45,100.0,0.0,43.8744,AC_DEMO_SYNTH,0.3865,0.1286,90.802,89.726,72.642,71.781
0.48805,314.1,100.0,0.0,43.9244,AC_DEMO_SYNTH,0.3531,0.1163,91.094,89.189,72.875,71.351
0.4886,314.7,100.0,0.0,43.9744,AC_DEMO_SYNTH,0.322,0.105,91.352,90.428,73.082,72.342
0.48916,315.24,100.0,0.0,44.0245,AC_DEMO_SYNTH,0.2932,0.0945,91.66,91.057,73.328,72.846
0.48972,315.73,100.0,0.0,44.0745,AC_DEMO_SYNTH,0.2664,0.085,92.138,90.765,73.71,72.612
0.49027,316.18,100.0,0.0,44.1245,AC_DEMO_SYNTH,0.2417,0.0763,91.488,91.519,73.19,73.215
0.49083,316.59,100.0,0.0,44.1745,AC_DEMO_SYNTH,0.2189,0.0684,91.624,91.089,73.299,72.871
0.49138,316.95,100.0,0.0,44.2246,AC_DEMO_SYNTH,0.1979,0.0612,91.798,90.99,73.438,72.792
0.49194,317.28,100.0,0.0,44.2746,AC_DEMO_SYNTH,0.1785,0.0546,92.482,91.841,73.986,73.473
0.4925,317.58,100.0,0.0,44.3246,AC_DEMO_SYNTH,0.1608,0.0487,92.984,91.265,74.387,73.012
0.49305,317.85,100.0,0.0,44.3747,AC_DEMO_SYNTH,0.1446,0.0433,92.421,92.037,73.937,73.63
0.49361,318.09,100.0,0.0,44.4247,AC_DEMO_SYNTH,0.1297,0.0385,91.691,92.797,73.353,74.238
0.49416,318.31,100.0,0.0,44.4747,AC_DEMO_SYNTH,0.1162,0.0342,92.1,91.654,73.68,73.323
0.49472,318.51,100.0,0.0,44.5247,AC_DEMO_SYNTH,0.1039,0.0303,92.53,92.029,74.024,73.623
0.49528,318.68,100.0,0.0,44.5748,AC_DEMO_SYNTH,0.0927,0.0268,92.711,92.236,74.169,73.789
0.49583,318.83,100.0,0.0,44.6248,AC_DEMO_SYNTH,0.0825,0.0237,92.834,92.72,74.267,74.176
0.49639,318.97,100.0,0.0,44.6748,AC_DEMO_SYNTH,0.0733,0.0209,93.071,92.687,74.457,74.15
0.49694,319.09,100.0,0.0,44.7248,AC_DEMO_SYNTH,0.065,0.0185,92.983,93.47,74.386,74.776
0.4975,319.2,100.0,0.0,44.7749,AC_DEMO_SYNTH,0.0575,0.0163,93.574,93.363,74.859,74.69
0.49805,319.3,100.0,0.0,44.8249,AC_DEMO_SYNTH,0.0508,0.0144,92.927,93.242,74.342,74.594
0.49861,319.38,100.0,0.0,44.8749,AC_DEMO_SYNTH,0.0447,0.0127,92.888,93.156,74.31,74.525
0.49917,319.45,100.0,0.0,44.925,AC_DEMO_SYNTH,0.0392,0.0112,93.456,93.303,74.765,74.642
0.49972,319.52,100.0,0.0,44.975,AC_DEMO_SYNTH,0.0343,0.0098,92.68,92.846,74.144,74.277
0.50028,319.57,100.0,0.0,45.025,AC_DEMO_SYNTH,0.0299,0.0087,93.474,93.569,74.779,74.855
0.50083,319.62,100.0,0.0,45.075,AC_DEMO_SYNTH,0.0259,0.0077,93.383,92.815,74.706,74.252
0.50139,319.67,100.0,0.0,45.1251,AC_DEMO_SYNTH,0.0224,0.0068,93.305,93.626,74.644,74.901
0.50195,319.7,100.0,0.0,45.1751,AC_DEMO_SYNTH,0.0192,0.0061,94.015,93.789,75.212,75.031
0.5025,319.73,100.0,0.0,45.2251,AC_DEMO_SYNTH,0.0164,0.0054,93.145,93.421,74.516,74.737
0.50306,319.76,100.0,0.0,45.2752,AC_DEMO_SYNTH,0.0138,0.0049,94.233,93.286,75.386,74.629
0.50361,319.78,100.0,0.0,45.3252,AC_DEMO_SYNTH,0.0116,0.0044,93.329,93.533,74.663,74.826
0.50417,319.8,100.0,0.0,45.3752,AC_DEMO_SYNTH,0.0095,0.0041,92.92,92.242,74.336,73.794
0.50472,319.82,100.0,0.0,45.4252,AC_DEMO_SYNTH,0.0077,0.0038,93.469,93.522,74.775,74.818
0.50528,319.83,100.0,0.0,45.4753,AC_DEMO_SYNTH,0.006,0.0035,93.017,93.365,74.414,74.692
0.50584,319.84,100.0,0.0,45.5253,AC_DEMO_SYNTH,0.0045,0.0033,93.154,93.399,74.523,74.719
0.50639,319.84,100.0,0.0,45.5753,AC_DEMO_SYNTH,0.0031,0.0032,93.617,93.707,74.894,74.966
0.50695,319.85,100.0,0.0,45.6253,AC_DEMO_SYNTH,0.0019,0.0031,93.687,93.402,74.95,74.722
0.5075,319.85,100.0,0.0,45.6754,AC_DEMO_SYNTH,0.0007,0.003,93.219,92.98,74.575,74.384
0.50806,319.85,100.0,0.0,45.7254,AC_DEMO_SYNTH,-0.0004,0.003,93.866,93.382,75.093,74.706
0.50862,319.85,100.0,0.1,45.7754,AC_DEMO_SYNTH,-0.0014,0.0031,93.937,93.468,75.15,74.774
0.50917,319.85,100.0,0.1,45.8255,AC_DEMO_SYNTH,-0.0023,0.0031,94.052,93.49,75.242,74.792
0.50973,319.84,100.0,0.2,45.8755,AC_DEMO_SYNTH,-0.0032,0.0032,93.689,93.508,74.951,74.806
0.51028,319.83,100.0,0.2,45.9255,AC_DEMO_SYNTH,-0.0041,0.0034,94.023,93.857,75.218,75.086
0.51084,319.83,100.0,0.3,45.9755,AC_DEMO_SYNTH,-0.0049,0.0035,92.728,93.009,74.182,74.407
0.5114,319.82,100.0,0.3,46.0256,AC_DEMO_SYNTH,-0.0058,0.0037,93.354,93.512,74.683,74.81
0.51195,319.81,100.0,0.4,46.0756,AC_DEMO_SYNTH,-0.0066,0.004,93.135,93.955,74.508,75.164
0.51251,319.79,100.0,0.4,46.1256,AC_DEMO_SYNTH,-0.0074,0.0042,93.526,92.74,74.821,74.192
0.51306,319.78,100.0,0.5,46.1757,AC_DEMO_SYNTH,-0.0083,0.0045,93.251,93.503,74.601,74.802
0.51362,319.76,100.0,0.5,46.2257,AC_DEMO_SYNTH,-0.0092,0.0048,93.41,93.192,74.728,74.554
0.51417,319.75,100.0,0.6,46.2757,AC_DEMO_SYNTH,-0.01,0.0051,94.23,93.275,75.384,74.62
0.51473,319.73,100.0,0.7,46.3257,AC_DEMO_SYNTH,-0.011,0.0055,93.408,93.056,74.726,74.445
0.51529,319.71,100.0,0.7,46.3758,AC_DEMO_SYNTH,-0.0119,0.0059,93.64,93.344,74.912,74.675
0.51584,319.69,100.0,0.8,46.4258,AC_DEMO_SYNTH,-0.0129,0.0064,93.38,94.142,74.704,75.314
0.5164,319.66,100.0,0.8,46.4758,AC_DEMO_SYNTH,-0.0139,0.0069,93.499,92.89,74.799,74.312
0.51695,319.64,100.0,0.9,46.5258,AC_DEMO_SYNTH,-0.015,0.0074,93.471,92.922,74.777,74.338
0.51751,319.61,100.0,1.0,46.5759,AC_DEMO_SYNTH,-0.0161,0.0079,93.643,92.859,74.914,74.287
0.51807,319.58,100.0,1.0,46.6259,AC_DEMO_SYNTH,-0.0173,0.0085,93.927,94.062,75.142,75.25
0.51862,319.55,100.0,1.1,46.6759,AC_DEMO_SYNTH,-0.0186,0.0092,94.118,93.176,75.294,74.541
0.51918,319.52,100.0,1.2,46.726,AC_DEMO_SYNTH,-0.0199,0.0099,93.58,93.341,74.864,74.673
0.51973,319.48,100.0,1.3,46.776,AC_DEMO_SYNTH,-0.0213,0.0106,93.687,93.177,74.95,74.542
0.52029,319.44,100.0,1.4,46.826,AC_DEMO_SYNTH,-0.0228,0.0114,92.986,92.947,74.389,74.358
0.52084,319.4,100.0,1.5,46.876,AC_DEMO_SYNTH,-0.0244,0.0123,93.408,93.218,74.726,74.574
0.5214,319.35,100.0,1.6,46.9261,AC_DEMO_SYNTH,-0.026,0.0132,93.812,94.279,75.05,75.423
0.52196,319.31,100.0,1.7,46.9761,AC_DEMO_SYNTH,-0.0277,0.0141,93.779,93.839,75.023,75.071
0.52251,319.26,100.0,1.8,47.0261,AC_DEMO_SYNTH,-0.0296,0.0151,93.512,92.925,74.81,74.34
0.52307,319.2,100.0,1.9,47.0762,AC_DEMO_SYNTH,-0.0315,0.0162,93.773,93.505,75.018,74.804
0.52362,319.14,100.0,2.0,47.1262,AC_DEMO_SYNTH,-0.0335,0.0174,93.607,92.893,74.886,74.314
0.52418,319.08,100.0,2.1,47.1762,AC_DEMO_SYNTH,-0.0357,0.0186,93.884,92.496,75.107,73.997
0.52474,319.02,100.0,2.3,47.2262,AC_DEMO_SYNTH,-0.0379,0.02,93.514,93.593,74.811,74.874
0.52529,318.95,100.0,2.4,47.2763,AC_DEMO_SYNTH,-0.0403,0.0213,93.247,93.627,74.598,74.902
0.52585,318.88,100.0,2.6,47.3263,AC_DEMO_SYNTH,-0.0428,0.0228,93.516,93.557,74.813,74.846
0.5264,318.8,100.0,2.7,47.3763,AC_DEMO_SYNTH,-0.0454,0.0244,92.199,92.924,73.759,74.339
0.52696,318.72,100.0,2.9,47.4263,AC_DEMO_SYNTH,-0.0482,0.0261,93.516,93.018,74.813,74.414
0.52752,318.63,100.0,3.1,47.4764,AC_DEMO_SYNTH,-0.0511,0.0278,91.891,93.354,73.513,74.683
0.52807,318.54,100.0,3.2,47.5264,AC_DEMO_SYNTH,-0.0541,0.0297,92.65,93.18,74.12,74.544
0.52863,318.44,100.0,3.4,47.5764,AC_DEMO_SYNTH,-0.0573,0.0317,93.508,92.832,74.806,74.266
0.52918,318.33,100.0,3.6,47.6265,AC_DEMO_SYNTH,-0.0607,0.0338,93.503,92.305,74.802,73.844
0.52974,318.22,100.0,3.9,47.6765,AC_DEMO_SYNTH,-0.0642,0.036,92.833,92.96,74.266,74.368
0.53029,318.11,100.0,4.1,47.7265,AC_DEMO_SYNTH,-0.0678,0.0383,93.0,93.309,74.4,74.647
0.53085,317.98,100.0,4.3,47.7765,AC_DEMO_SYNTH,-0.0717,0.0408,93.815,92.353,75.052,73.882
0.53141,317.85,100.0,4.5,47.8266,AC_DEMO_SYNTH,-0.0757,0.0433,93.055,93.044,74.444,74.435
0.53196,317.72,100.0,4.8,47.8766,AC_DEMO_SYNTH,-0.0799,0.0461,94.131,92.876,75.305,74.301
0.53252,317.57,100.0,5.1,47.9266,AC_DEMO_SYNTH,-0.0843,0.049,93.212,92.991,74.57,74.393
0.53307,317.42,100.0,5.3,47.9767,AC_DEMO_SYNTH,-0.0888,0.052,93.356,92.988,74.685,74.39
0.53363,317.26,100.0,5.6,48.0267,AC_DEMO_SYNTH,-0.0936,0.0552,93.818,92.306,75.054,73.845
0.53419,317.09,100.0,5.9,48.0767,AC_DEMO_SYNTH,-0.0985,0.0585,93.2,91.879,74.56,73.503
0.53474,316.91,100.0,6.2,48.1267,AC_DEMO_SYNTH,-0.1037,0.062,92.722,92.25,74.178,73.8
0.5353,316.72,100.0,6.5,48.1768,AC_DEMO_SYNTH,-0.109,0.0657,93.052,92.753,74.442,74.202
0.53585,316.52,100.0,6.9,48.2268,AC_DEMO_SYNTH,-0.1146,0.0696,93.054,92.11,74.443,73.688
0.53641,316.32,100.0,7.2,48.2768,AC_DEMO_SYNTH,-0.1204,0.0736,92.495,91.98,73.996,73.584
0.53696,316.1,100.0,7.6,48.3268,AC_DEMO_SYNTH,-0.1264,0.0779,92.907,91.452,74.326,73.162
0.53752,315.87,100.0,8.0,48.3769,AC_DEMO_SYNTH,-0.1326,0.0823,92.679,92.801,74.143,74.241
0.53808,315.63,100.0,8.3,48.4269,AC_DEMO_SYNTH,-0.1391,0.087,93.312,92.347,74.65,73.878
0.53863,315.38,100.0,8.7,48.4769,AC_DEMO_SYNTH,-0.1457,0.0919,92.92,92.236,74.336,73.789
0.53919,315.11,100.0,9.2,48.527,AC_DEMO_SYNTH,-0.1527,0.0969,92.752,92.221,74.202,73.777
0.53974,314.84,100.0,9.6,48.577,AC_DEMO_SYNTH,-0.1598,0.1022,92.784,91.97,74.227,73.576
0.5403,314.55,100.0,10.0,48.627,AC_DEMO_SYNTH,-0.1672,0.1077,92.873,91.54,74.298,73.232
0.54086,314.25,100.0,10.5,48.677,AC_DEMO_SYNTH,-0.1748,0.1135,92.986,91.466,74.389,73.173
0.54141,313.93,100.0,11.0,48.7271,AC_DEMO_SYNTH,-0.1827,0.1195,92.291,91.248,73.833,72.998
0.54197,313.6,100.0,11.4,48.7771,AC_DEMO_SYNTH,-0.1908,0.1257,92.224,92.357,73.779,73.886
0.54252,313.26,100.0,11.9,48.8271,AC_DEMO_SYNTH,-0.1991,0.1322,93.031,91.405,74.425,73.124
0.54308,312.9,100.0,12.5,48.8772,AC_DEMO_SYNTH,-0.2077,0.1389,92.369,90.87,73.895,72.696
0.54364,312.52,100.0,13.0,48.9272,AC_DEMO_SYNTH,-0.2165,0.1459,91.908,91.108,73.526,72.886
0.54419,312.13,100.0,13.5,48.9772,AC_DEMO_SYNTH,-0.2256,0.1531,92.591,90.38,74.073,72.304
0.54475,311.73,100.0,14.1,49.0272,AC_DEMO_SYNTH,-0.2348,0.1606,92.537,91.245,74.03,72.996
0.5453,311.3,100.0,14.7,49.0773,AC_DEMO_SYNTH,-0.2444,0.1684,91.671,90.227,73.337,72.182
0.54586,310.86,100.0,15.2,49.1273,AC_DEMO_SYNTH,-0.2541,0.1764,92.304,90.536,73.843,72.429
0.54641,310.41,100.0,15.8,49.1773,AC_DEMO_SYNTH,-0.2641,0.1847,92.436,90.603,73.949,72.482
0.54697,309.93,50.0,16.5,49.2273,AC_DEMO_SYNTH,-0.2743,0.1932,92.213,90.161,73.77,72.129
0.54753,309.44,50.0,17.1,49.2774,AC_DEMO_SYNTH,-0.2848,0.2021,92.238,89.872,73.79,71.898
0.54808,308.92,50.0,17.7,49.3274,AC_DEMO_SYNTH,-0.2954,0.2112,91.337,89.655,73.07,71.724
0.54864,308.39,50.0,18.4,49.3774,AC_DEMO_SYNTH,-0.3063,0.2206,91.944,89.441,73.555,71.553
0.54919,307.84,50.0,19.0,49.4275,AC_DEMO_SYNTH,-0.3173,0.2302,91.599,89.04,73.279,71.232
0.54975,307.27,50.0,19.7,49.4775,AC_DEMO_SYNTH,-0.3286,0.2401,91.431,88.89,73.145,71.112
0.55031,306.68,50.0,20.4,49.5275,AC_DEMO_SYNTH,-0.34,0.2503,91.873,89.454,73.498,71.563
0.55086,306.07,50.0,21.1,49.5775,AC_DEMO_SYNTH,-0.3516,0.2607,92.013,88.604,73.61,70.883
0.55142,305.44,50.0,21.8,49.6276,AC_DEMO_SYNTH,-0.3634,0.2714,92.032,88.112,73.626,70.49
0.55197,304.79,50.0,22.5,49.6776,AC_DEMO_SYNTH,-0.3754,0.2824,91.729,87.992,73.383,70.394
0.55253,304.11,50.0,23.2,49.7276,AC_DEMO_SYNTH,-0.3874,0.2936,91.04,88.4,72.832,70.72
0.55309,303.42,50.0,24.0,49.7777,AC_DEMO_SYNTH,-0.3997,0.305,91.105,87.989,72.884,70.391
0.55364,302.7,50.0,24.7,49.8277,AC_DEMO_SYNTH,-0.412,0.3167,91.144,87.691,72.915,70.153
0.5542,301.96,50.0,25.5,49.8777,AC_DEMO_SYNTH,-0.4244,0.3286,90.754,87.106,72.603,69.685
0.55475,301.2,50.0,26.2,49.9277,AC_DEMO_SYNTH,-0.437,0.3408,90.623,87.174,72.498,69.739
0.55531,300.42,50.0,27.0,49.9778,AC_DEMO_SYNTH,-0.4496,0.3531,90.76,86.416,72.608,69.133
0.55586,299.61,50.0,27.7,50.0278,AC_DEMO_SYNTH,-0.4622,0.3657,90.26,86.289,72.208,69.031
0.55642,298.78,50.0,28.5,50.0778,AC_DEMO_SYNTH,-0.475,0.3784,89.84,86.494,71.872,69.195
0.55698,297.93,50.0,29.3,50.1278,AC_DEMO_SYNTH,-0.4877,0.3913,89.81,86.162,71.848,68.93
0.55753,297.06,50.0,30.0,50.1779,AC_DEMO_SYNTH,-0.5004,0.4044,90.069,85.12,72.055,68.096
0.55809,296.16,50.0,30.8,50.2279,AC_DEMO_SYNTH,-0.5131,0.4177,89.649,84.861,71.719,67.889
0.55864,295.25,50.0,31.6,50.2779,AC_DEMO_SYNTH,-0.5258,0.4311,89.614,84.935,71.691,67.948
0.5592,294.31,50.0,32.3,50.328,AC_DEMO_SYNTH,-0.5385,0.4446,89.569,85.261,71.655,68.209
0.55976,293.34,50.0,33.1,50.378,AC_DEMO_SYNTH,-0.551,0.4583,88.966,83.473,71.173,66.778
0.56031,292.36,50.0,33.8,50.428,AC_DEMO_SYNTH,-0.5635,0.472,89.231,84.018,71.385,67.214
0.56087,291.35,50.0,34.5,50.478,AC_DEMO_SYNTH,-0.5758,0.4858,88.885,83.014,71.108,66.411
0.56142,290.32,50.0,35.3,50.5281,AC_DEMO_SYNTH,-0.588,0.4997,88.04,82.963,70.432,66.37
0.56198,289.27,50.0,36.0,50.5781,AC_DEMO_SYNTH,-0.6,0.5137,88.906,82.717,71.125,66.174
0.56253,288.2,50.0,36.7,50.6281,AC_DEMO_SYNTH,-0.6119,0.5276,87.918,82.336,70.334,65.869
0.56309,287.11,50.0,37.4,50.6782,AC_DEMO_SYNTH,-0.6235,0.5416,87.241,81.926,69.793,65.541
0.56365,286.0,50.0,38.1,50.7282,AC_DEMO_SYNTH,-0.6348,0.5556,87.263,81.773,69.81,65.418
0.5642,284.87,50.0,38.8,50.7782,AC_DEMO_SYNTH,-0.6459,0.5696,87.047,81.18,69.638,64.944
0.56476,283.72,50.0,39.4,50.8282,AC_DEMO_SYNTH,-0.6567,0.5835,87.244,80.429,69.795,64.343
0.56531,282.55,50.0,40.0,50.8783,AC_DEMO_SYNTH,-0.6672,0.5973,86.875,80.941,69.5,64.753
0.56587,281.36,50.0,40.6,50.9283,AC_DEMO_SYNTH,-0.6773,0.6111,86.606,80.539,69.285,64.431
0.56643,280.16,50.0,41.2,50.9783,AC_DEMO_SYNTH,-0.6871,0.6248,86.742,80.183,69.394,64.146
0.56698,278.93,50.0,41.8,51.0283,AC_DEMO_SYNTH,-0.6964,0.6383,86.373,78.829,69.098,63.063
0.56754,277.69,50.0,42.3,51.0784,AC_DEMO_SYNTH,-0.7054,0.6518,86.105,79.163,68.884,63.33
0.56809,276.44,50.0,42.8,51.1284,AC_DEMO_SYNTH,-0.7138,0.665,85.879,78.91,68.703,63.128
0.56865,275.17,50.0,43.3,51.1784,AC_DEMO_SYNTH,-0.7218,0.6781,85.693,77.818,68.554,62.254
0.56921,273.89,50.0,43.8,51.2285,AC_DEMO_SYNTH,-0.7293,0.691,84.33,77.824,67.464,62.259
0.56976,272.6,50.0,44.2,51.2785,AC_DEMO_SYNTH,-0.7362,0.7037,84.751,77.362,67.801,61.89
0.57032,271.29,50.0,44.6,51.3285,AC_DEMO_SYNTH,-0.7426,0.7162,83.741,77.729,66.993,62.183
0.57087,269.97,50.0,44.9,51.3785,AC_DEMO_SYNTH,-0.7484,0.7285,84.34,77.344,67.472,61.875
0.57143,268.64,50.0,45.2,51.4286,AC_DEMO_SYNTH,-0.7536,0.7405,84.033,75.49,67.226,60.392
0.57198,267.31,50.0,45.5,51.4786,AC_DEMO_SYNTH,-0.7582,0.7522,84.16,76.735,67.328,61.388
0.57254,265.97,50.0,45.7,51.5286,AC_DEMO_SYNTH,-0.7621,0.7636,83.919,74.953,67.135,59.962
0.5731,264.62,50.0,45.9,51.5787,AC_DEMO_SYNTH,-0.7653,0.7748,83.223,75.29,66.578,60.232
0.57365,263.26,50.0,46.1,51.6287,AC_DEMO_SYNTH,-0.7678,0.7856,82.635,74.865,66.108,59.892
0.57421,261.9,50.0,46.2,51.6787,AC_DEMO_SYNTH,-0.7696,0.7961,82.721,73.658,66.177,58.926
0.57476,260.54,50.0,46.2,51.7287,AC_DEMO_SYNTH,-0.7706,0.8064,82.006,73.834,65.605,59.067
0.57532,259.18,50.0,46.3,51.7788,AC_DEMO_SYNTH,-0.7709,0.8162,81.904,73.177,65.523,58.542
0.57588,257.82,50.0,46.2,51.8288,AC_DEMO_SYNTH,-0.7704,0.8258,81.984,73.025,65.587,58.42
0.57643,256.46,50.0,46.1,51.8788,AC_DEMO_SYNTH,-0.7691,0.8349,81.049,72.481,64.839,57.985
0.57699,255.1,50.0,46.0,51.9288,AC_DEMO_SYNTH,-0.767,0.8438,81.275,72.454,65.02,57.963
0.57754,253.75,50.0,45.8,51.9789,AC_DEMO_SYNTH,-0.7641,0.8522,80.905,71.596,64.724,57.277
0.5781,252.4,50.0,45.6,52.0289,AC_DEMO_SYNTH,-0.7603,0.8604,79.93,71.09,63.944,56.872
0.57865,251.06,50.0,45.3,52.0789,AC_DEMO_SYNTH,-0.7557,0.8681,80.38,71.192,64.304,56.954
0.57921,249.73,50.0,45.0,52.129,AC_DEMO_SYNTH,-0.7503,0.8755,79.948,70.586,63.958,56.469
0.57977,248.41,50.0,44.6,52.179,AC_DEMO_SYNTH,-0.7439,0.8826,79.388,70.249,63.51,56.199
0.58032,247.1,50.0,44.2,52.229,AC_DEMO_SYNTH,-0.7367,0.8893,78.721,69.297,62.977,55.438
0.58088,245.81,50.0,43.7,52.279,AC_DEMO_SYNTH,-0.7286,0.8956,78.362,68.758,62.69,55.006
0.58143,244.53,50.0,43.2,52.3291,AC_DEMO_SYNTH,-0.7196,0.9016,78.171,68.566,62.537,54.853
0.58199,243.26,50.0,42.6,52.3791,AC_DEMO_SYNTH,-0.7098,0.9072,78.283,68.165,62.626,54.532
0.58255,242.02,50.0,41.9,52.4291,AC_DEMO_SYNTH,-0.699,0.9125,77.369,68.356,61.895,54.685
0.5831,240.79,50.0,41.2,52.4792,AC_DEMO_SYNTH,-0.6874,0.9175,77.611,68.064,62.089,54.451
0.58366,239.59,50.0,40.5,52.5292,AC_DEMO_SYNTH,-0.6749,0.9222,76.628,67.251,61.302,53.801
0.58421,238.41,50.0,39.7,52.5792,AC_DEMO_SYNTH,-0.6615,0.9265,76.734,67.53,61.387,54.024
0.58477,237.25,50.0,38.8,52.6292,AC_DEMO_SYNTH,-0.6472,0.9305,76.553,67.156,61.242,53.725
0.58533,236.12,50.0,37.9,52.6793,AC_DEMO_SYNTH,-0.6321,0.9343,77.186,66.364,61.749,53.091
0.58588,235.02,50.0,37.0,52.7293,AC_DEMO_SYNTH,-0.6162,0.9377,75.359,65.604,60.287,52.483
0.58644,233.94,50.0,36.0,52.7793,AC_DEMO_SYNTH,-0.5994,0.9409,76.204,66.234,60.963,52.987
0.58699,232.9,50.0,34.9,52.8293,AC_DEMO_SYNTH,-0.5818,0.9439,75.387,65.26,60.31,52.208
0.58755,231.89,50.0,33.8,52.8794,AC_DEMO_SYNTH,-0.5634,0.9466,75.209,65.023,60.167,52.018
0.5881,230.91,50.0,32.7,52.9294,AC_DEMO_SYNTH,-0.5442,0.949,74.812,64.532,59.85,51.626
0.58866,229.96,50.0,31.5,52.9794,AC_DEMO_SYNTH,-0.5243,0.9512,74.669,64.014,59.735,51.211
0.58922,229.06,50.0,30.2,53.0295,AC_DEMO_SYNTH,-0.5036,0.9533,74.165,63.496,59.332,50.797
0.58977,228.19,50.0,28.9,53.0795,AC_DEMO_SYNTH,-0.4823,0.9551,74.549,64.058,59.639,51.246
0.59033,227.35,50.0,27.6,53.1295,AC_DEMO_SYNTH,-0.4602,0.9567,73.529,63.219,58.823,50.575
0.59088,226.56,50.0,26.2,53.1795,AC_DEMO_SYNTH,-0.4374,0.9582,73.919,64.495,59.135,51.596
0.59144,225.81,50.0,24.8,53.2296,AC_DEMO_SYNTH,-0.4141,0.9595,72.971,62.585,58.377,50.068
0.592,225.1,50.0,23.4,53.2796,AC_DEMO_SYNTH,-0.3901,0.9607,72.974,62.273,58.379,49.818
0.59255,224.43,50.0,21.9,53.3296,AC_DEMO_SYNTH,-0.3656,0.9617,72.346,62.746,57.877,50.197
0.59311,223.8,50.0,20.4,53.3797,AC_DEMO_SYNTH,-0.3405,0.9626,72.74,62.928,58.192,50.342
0.59366,223.22,50.0,18.9,53.4297,AC_DEMO_SYNTH,-0.3149,0.9634,72.93,62.127,58.344,49.702
0.59422,222.69,50.0,17.3,53.4797,AC_DEMO_SYNTH,-0.2889,0.9641,72.125,62.127,57.7,49.702
0.59477,222.2,50.0,15.7,53.5297,AC_DEMO_SYNTH,-0.2624,0.9647,71.889,60.966,57.511,48.773
0.59533,221.76,50.0,14.1,53.5798,AC_DEMO_SYNTH,-0.2356,0.9652,71.344,61.249,57.075,48.999
0.59589,221.37,50.0,12.5,53.6298,AC_DEMO_SYNTH,-0.2083,0.9656,71.53,60.918,57.224,48.734
0.59644,221.03,50.0,10.8,53.6798,AC_DEMO_SYNTH,-0.1808,0.966,70.827,60.427,56.662,48.342
0.597,220.73,50.0,9.2,53.7298,AC_DEMO_SYNTH,-0.153,0.9663,70.949,61.079,56.759,48.863
0.59755,220.49,50.0,7.5,53.7799,AC_DEMO_SYNTH,-0.125,0.9665,71.268,59.996,57.014,47.997
0.59811,220.29,50.0,5.8,53.8299,AC_DEMO_SYNTH,-0.0968,0.9667,71.576,60.234,57.261,48.187
0.59867,220.15,50.0,4.1,53.8799,AC_DEMO_SYNTH,-0.0684,0.9668,72.057,60.431,57.646,48.345
0.59922,220.05,50.0,2.4,53.93,AC_DEMO_SYNTH,-0.0399,0.9669,70.591,60.205,56.473,48.164
0.59978,220.0,50.0,0.7,53.98,AC_DEMO_SYNTH,-0.0114,0.9669,71.304,60.6,57.043,48.48
0.60033,220.01,53.1,0.0,54.03,AC_DEMO_SYNTH,0.0171,0.9669,70.745,60.482,56.596,48.386
0.60089,220.06,58.2,0.0,54.08,AC_DEMO_SYNTH,0.0456,0.9669,70.514,60.644,56.411,48.515
0.60145,220.17,63.3,0.0,54.1301,AC_DEMO_SYNTH,0.0741,0.9668,70.687,60.528,56.55,48.422
0.602,220.33,68.4,0.0,54.1801,AC_DEMO_SYNTH,0.1024,0.9667,70.491,60.636,56.393,48.509
0.60256,220.53,73.5,0.0,54.2301,AC_DEMO_SYNTH,0.1306,0.9665,70.471,60.142,56.377,48.114
0.60311,220.79,78.5,0.0,54.2802,AC_DEMO_SYNTH,0.1586,0.9662,70.238,60.242,56.19,48.194
0.60367,221.09,83.5,0.0,54.3302,AC_DEMO_SYNTH,0.1863,0.9659,69.826,60.313,55.861,48.25
0.60422,221.45,88.5,0.0,54.3802,AC_DEMO_SYNTH,0.2138,0.9655,69.767,60.168,55.814,48.134
0.60478,221.85,93.4,0.0,54.4302,AC_DEMO_SYNTH,0.241,0.9651,70.654,59.965,56.523,47.972
0.60534,222.3,98.2,0.0,54.4803,AC_DEMO_SYNTH,0.2677,0.9646,70.304,60.018,56.243,48.014
0.60589,222.79,100.0,0.0,54.5303,AC_DEMO_SYNTH,0.2941,0.964,70.207,59.861,56.166,47.889
0.60645,223.34,100.0,0.0,54.5803,AC_DEMO_SYNTH,0.3201,0.9633,70.495,60.411,56.396,48.329
0.607,223.93,100.0,0.0,54.6304,AC_DEMO_SYNTH,0.3456,0.9624,70.866,60.27,56.693,48.216
0.60756,224.56,100.0,0.0,54.6804,AC_DEMO_SYNTH,0.3705,0.9615,70.687,60.119,56.55,48.095
0.60812,225.23,100.0,0.0,54.7304,AC_DEMO_SYNTH,0.395,0.9605,70.431,60.208,56.345,48.166
0.60867,225.95,100.0,0.0,54.7804,AC_DEMO_SYNTH,0.4188,0.9593,71.274,60.093,57.019,48.074
0.60923,226.71,100.0,0.0,54.8305,AC_DEMO_SYNTH,0.442,0.9579,71.517,61.085,57.214,48.868
0.60978,227.52,100.0,0.0,54.8805,AC_DEMO_SYNTH,0.4646,0.9564,71.199,60.856,56.959,48.685
0.61034,228.36,100.0,0.0,54.9305,AC_DEMO_SYNTH,0.4866,0.9547,71.514,60.621,57.211,48.497
0.61089,229.24,100.0,0.0,54.9805,AC_DEMO_SYNTH,0.5078,0.9529,71.757,61.445,57.406,49.156
0.61145,230.15,100.0,0.0,55.0306,AC_DEMO_SYNTH,0.5284,0.9508,71.856,61.064,57.485,48.851
0.61201,231.1,100.0,0.0,55.0806,AC_DEMO_SYNTH,0.5481,0.9485,71.806,60.906,57.445,48.725
0.61256,232.09,100.0,0.0,55.1306,AC_DEMO_SYNTH,0.5672,0.946,71.967,62.071,57.574,49.657
0.61312,233.11,100.0,0.0,55.1807,AC_DEMO_SYNTH,0.5854,0.9433,72.113,61.653,57.69,49.322
0.61367,234.16,100.0,0.0,55.2307,AC_DEMO_SYNTH,0.6028,0.9403,71.652,61.923,57.322,49.538
0.61423,235.24,100.0,0.0,55.2807,AC_DEMO_SYNTH,0.6194,0.9371,72.567,62.333,58.054,49.866
0.61479,236.35,100.0,0.0,55.3307,AC_DEMO_SYNTH,0.6352,0.9336,71.95,63.016,57.56,50.413
0.61534,237.48,100.0,0.0,55.3808,AC_DEMO_SYNTH,0.6502,0.9298,72.387,62.82,57.91,50.256
0.6159,238.64,100.0,0.0,55.4308,AC_DEMO_SYNTH,0.6642,0.9257,73.449,62.598,58.759,50.078
0.61645,239.83,100.0,0.0,55.4808,AC_DEMO_SYNTH,0.6774,0.9213,73.495,63.574,58.796,50.859
0.61701,241.04,100.0,0.0,55.5309,AC_DEMO_SYNTH,0.6898,0.9165,73.993,63.452,59.194,50.762
0.61757,242.27,100.0,0.0,55.5809,AC_DEMO_SYNTH,0.7012,0.9115,73.537,64.702,58.83,51.762
0.61812,243.51,100.0,0.0,55.6309,AC_DEMO_SYNTH,0.7118,0.9061,73.436,64.255,58.749,51.404
0.61868,244.78,100.0,0.0,55.6809,AC_DEMO_SYNTH,0.7215,0.9004,74.063,63.684,59.25,50.947
0.61923,246.06,100.0,0.0,55.731,AC_DEMO_SYNTH,0.7303,0.8944,74.467,65.052,59.574,52.042
0.61979,247.36,100.0,0.0,55.781,AC_DEMO_SYNTH,0.7382,0.888,74.732,66.03,59.786,52.824
0.62034,248.67,100.0,0.0,55.831,AC_DEMO_SYNTH,0.7453,0.8812,75.433,66.234,60.346,52.987
0.6209,249.99,100.0,0.0,55.881,AC_DEMO_SYNTH,0.7514,0.8741,75.12,66.696,60.096,53.357
0.62146,251.33,100.0,0.0,55.9311,AC_DEMO_SYNTH,0.7567,0.8666,75.697,65.928,60.558,52.742
0.62201,252.67,100.0,0.0,55.9811,AC_DEMO_SYNTH,0.7612,0.8588,75.456,67.078,60.365,53.662
0.62257,254.02,100.0,0.0,56.0311,AC_DEMO_SYNTH,0.7648,0.8506,76.331,66.811,61.065,53.449
0.62312,255.37,100.0,0.0,56.0812,AC_DEMO_SYNTH,0.7675,0.842,76.454,67.584,61.163,54.067
0.62368,256.73,100.0,0.0,56.1312,AC_DEMO_SYNTH,0.7695,0.8331,76.46,67.387,61.168,53.91
0.62424,258.09,100.0,0.0,56.1812,AC_DEMO_SYNTH,0.7706,0.8239,76.976,68.046,61.581,54.437
0.62479,259.45,100.0,0.0,56.2312,AC_DEMO_SYNTH,0.7709,0.8143,77.309,68.448,61.847,54.758
0.62535,260.81,100.0,0.0,56.2813,AC_DEMO_SYNTH,0.7705,0.8043,77.589,69.498,62.071,55.598
0.6259,262.17,100.0,0.0,56.3313,AC_DEMO_SYNTH,0.7693,0.7941,78.723,69.885,62.978,55.908
0.62646,263.53,100.0,0.0,56.3813,AC_DEMO_SYNTH,0.7673,0.7835,78.295,70.108,62.636,56.086
0.62702,264.89,100.0,0.0,56.4314,AC_DEMO_SYNTH,0.7647,0.7726,78.558,69.895,62.846,55.916
0.62757,266.23,100.0,0.0,56.4814,AC_DEMO_SYNTH,0.7613,0.7614,78.136,70.748,62.509,56.598
0.62813,267.58,100.0,0.0,56.5314,AC_DEMO_SYNTH,0.7573,0.7499,78.941,71.021,63.153,56.817
0.62868,268.91,100.0,0.0,56.5814,AC_DEMO_SYNTH,0.7526,0.7381,79.514,72.113,63.611,57.69
0.62924,270.24,100.0,0.0,56.6315,AC_DEMO_SYNTH,0.7473,0.726,79.667,72.688,63.734,58.15
0.62979,271.55,100.0,0.0,56.6815,AC_DEMO_SYNTH,0.7414,0.7138,80.814,73.089,64.651,58.471
0.63035,272.86,100.0,0.0,56.7315,AC_DEMO_SYNTH,0.7349,0.7012,80.517,72.82,64.414,58.256
0.63091,274.15,100.0,0.0,56.7815,AC_DEMO_SYNTH,0.7278,0.6885,81.417,72.48,65.134,57.984
0.63146,275.43,100.0,0.0,56.8316,AC_DEMO_SYNTH,0.7203,0.6755,81.244,73.325,64.995,58.66
0.63202,276.69,100.0,0.0,56.8816,AC_DEMO_SYNTH,0.7122,0.6624,81.548,75.054,65.238,60.043
0.63257,277.94,100.0,0.0,56.9316,AC_DEMO_SYNTH,0.7036,0.6491,81.812,74.78,65.45,59.824
0.63313,279.18,100.0,0.0,56.9817,AC_DEMO_SYNTH,0.6946,0.6356,82.161,75.096,65.729,60.077
0.63369,280.4,100.0,0.0,57.0317,AC_DEMO_SYNTH,0.6852,0.622,83.156,76.507,66.525,61.206
0.63424,281.6,100.0,0.0,57.0817,AC_DEMO_SYNTH,0.6753,0.6084,81.847,76.807,65.478,61.446
0.6348,282.78,100.0,0.0,57.1317,AC_DEMO_SYNTH,0.6651,0.5946,82.276,76.759,65.821,61.407
0.63535,283.95,100.0,0.0,57.1818,AC_DEMO_SYNTH,0.6546,0.5807,83.16,77.081,66.528,61.665
0.63591,285.1,100.0,0.0,57.2318,AC_DEMO_SYNTH,0.6437,0.5668,83.68,77.59,66.944,62.072
0.63646,286.22,100.0,0.0,57.2818,AC_DEMO_SYNTH,0.6326,0.5528,84.24,78.173,67.392,62.538
0.63702,287.33,100.0,0.0,57.3319,AC_DEMO_SYNTH,0.6212,0.5388,84.442,79.16,67.554,63.328
0.63758,288.42,100.0,0.0,57.3819,AC_DEMO_SYNTH,0.6095,0.5248,84.384,79.123,67.507,63.298
0.63813,289.49,100.0,0.0,57.4319,AC_DEMO_SYNTH,0.5976,0.5109,85.227,79.674,68.182,63.739
0.63869,290.53,100.0,0.0,57.4819,AC_DEMO_SYNTH,0.5856,0.4969,85.505,80.273,68.404,64.218
0.63924,291.56,100.0,0.0,57.532,AC_DEMO_SYNTH,0.5734,0.4831,85.44,79.758,68.352,63.806
0.6398,292.56,100.0,0.0,57.582,AC_DEMO_SYNTH,0.561,0.4692,86.016,80.941,68.813,64.753
0.64036,293.54,100.0,0.0,57.632,AC_DEMO_SYNTH,0.5485,0.4555,86.002,80.928,68.802,64.742
0.64091,294.5,100.0,0.0,57.682,AC_DEMO_SYNTH,0.536,0.4419,85.925,80.442,68.74,64.354
0.64147,295.43,100.0,0.0,57.7321,AC_DEMO_SYNTH,0.5233,0.4284,86.679,80.99,69.343,64.792
0.64202,296.35,100.0,0.0,57.7821,AC_DEMO_SYNTH,0.5106,0.415,86.692,81.825,69.354,65.46
0.64258,297.24,100.0,0.0,57.8321,AC_DEMO_SYNTH,0.4979,0.4018,86.89,82.826,69.512,66.261
0.64314,298.1,100.0,0.0,57.8822,AC_DEMO_SYNTH,0.4851,0.3887,87.712,83.032,70.17,66.426
0.64369,298.95,100.0,0.0,57.9322,AC_DEMO_SYNTH,0.4724,0.3758,86.374,83.429,69.099,66.743
0.64425,299.77,100.0,0.0,57.9822,AC_DEMO_SYNTH,0.4597,0.3631,87.011,84.495,69.609,67.596
0.6448,300.57,100.0,0.0,58.0322,AC_DEMO_SYNTH,0.4471,0.3506,87.323,83.56,69.858,66.848
0.64536,301.35,100.0,0.0,58.0823,AC_DEMO_SYNTH,0.4345,0.3383,87.868,84.403,70.294,67.522
0.64591,302.11,100.0,0.0,58.1323,AC_DEMO_SYNTH,0.4219,0.3262,88.122,84.875,70.498,67.9
0.64647,302.84,100.0,0.0,58.1823,AC_DEMO_SYNTH,0.4095,0.3143,87.823,84.787,70.258,67.83
0.64703,303.56,100.0,0.0,58.2324,AC_DEMO_SYNTH,0.3972,0.3027,88.233,85.417,70.586,68.334
0.64758,304.25,100.0,0.0,58.2824,AC_DEMO_SYNTH,0.385,0.2913,88.475,85.08,70.78,68.064
0.64814,304.92,100.0,0.0,58.3324,AC_DEMO_SYNTH,0.373,0.2802,89.99,86.59,71.992,69.272
0.64869,305.57,100.0,0.0,58.3824,AC_DEMO_SYNTH,0.3611,0.2693,89.911,86.052,71.929,68.842
0.64925,306.19,100.0,0.0,58.4325,AC_DEMO_SYNTH,0.3493,0.2586,89.2,87.425,71.36,69.94
0.64981,306.8,100.0,0.0,58.4825,AC_DEMO_SYNTH,0.3377,0.2482,89.392,86.883,71.514,69.506
0.65036,307.39,100.0,0.0,58.5325,AC_DEMO_SYNTH,0.3263,0.2381,89.245,87.583,71.396,70.066
0.65092,307.95,100.0,0.0,58.5825,AC_DEMO_SYNTH,0.3151,0.2282,89.101,87.415,71.281,69.932
0.65147,308.5,100.0,0.0,58.6326,AC_DEMO_SYNTH,0.3041,0.2187,89.975,87.682,71.98,70.146
0.65203,309.03,100.0,0.0,58.6826,AC_DEMO_SYNTH,0.2933,0.2093,89.774,87.712,71.819,70.17
0.65258,309.54,100.0,0.0,58.7326,AC_DEMO_SYNTH,0.2827,0.2003,90.286,88.236,72.229,70.589
0.65314,310.03,100.0,0.0,58.7827,AC_DEMO_SYNTH,0.2723,0.1915,89.821,88.551,71.857,70.841
0.6537,310.5,100.0,0.0,58.8327,AC_DEMO_SYNTH,0.2621,0.183,90.293,88.336,72.234,70.669
0.65425,310.95,100.0,0.0,58.8827,AC_DEMO_SYNTH,0.2522,0.1748,90.787,88.818,72.63,71.054
0.65481,311.39,100.0,0.0,58.9327,AC_DEMO_SYNTH,0.2424,0.1668,91.003,88.837,72.802,71.07
0.65536,311.81,100.0,0.0,58.9828,AC_DEMO_SYNTH,0.233,0.1591,91.146,90.206,72.917,72.165
0.65592,312.21,100.0,0.0,59.0328,AC_DEMO_SYNTH,0.2237,0.1516,90.567,89.447,72.454,71.558
0.65648,312.6,100.0,0.0,59.0828,AC_DEMO_SYNTH,0.2147,0.1445,91.553,90.291,73.242,72.233
0.65703,312.97,100.0,0.0,59.1329,AC_DEMO_SYNTH,0.2059,0.1375,90.999,89.778,72.799,71.822
0.65759,313.33,100.0,0.0,59.1829,AC_DEMO_SYNTH,0.1974,0.1309,91.679,90.137,73.343,72.11
0.65814,313.67,100.0,0.0,59.2329,AC_DEMO_SYNTH,0.1891,0.1244,91.523,89.675,73.218,71.74
0.6587,314.0,100.0,0.0,59.2829,AC_DEMO_SYNTH,0.1811,0.1183,91.075,90.188,72.86,72.15
0.65926,314.31,100.0,0.0,59.333,AC_DEMO_SYNTH,0.1733,0.1123,91.591,90.607,73.273,72.486
0.65981,314.61,100.0,0.0,59.383,AC_DEMO_SYNTH,0.1657,0.1066,91.953,91.308,73.562,73.046
0.66037,314.89,100.0,0.0,59.433,AC_DEMO_SYNTH,0.1584,0.1011,92.136,90.904,73.709,72.723
0.66092,315.17,100.0,0.0,59.483,AC_DEMO_SYNTH,0.1513,0.0959,91.919,91.509,73.535,73.207
0.66148,315.43,100.0,0.0,59.5331,AC_DEMO_SYNTH,0.1444,0.0909,92.667,91.344,74.134,73.075
0.66203,315.68,100.0,0.0,59.5831,AC_DEMO_SYNTH,0.1378,0.086,92.533,91.866,74.026,73.493
0.66259,315.92,100.0,0.0,59.6331,AC_DEMO_SYNTH,0.1314,0.0814,92.1,91.313,73.68,73.05
0.66315,316.14,100.0,0.0,59.6832,AC_DEMO_SYNTH,0.1252,0.077,92.57,92.407,74.056,73.926
0.6637,316.36,100.0,0.0,59.7332,AC_DEMO_SYNTH,0.1192,0.0728,93.111,91.369,74.489,73.095
0.66426,316.56,100.0,0.0,59.7832,AC_DEMO_SYNTH,0.1135,0.0688,93.183,91.36,74.546,73.088
0.66481,316.76,100.0,0.0,59.8332,AC_DEMO_SYNTH,0.1079,0.065,91.969,91.285,73.575,73.028
0.66537,316.94,100.0,0.0,59.8833,AC_DEMO_SYNTH,0.1026,0.0613,92.145,92.796,73.716,74.237
0.66593,317.12,100.0,0.0,59.9333,AC_DEMO_SYNTH,0.0975,0.0578,93.165,92.284,74.532,73.827
0.66648,317.29,100.0,0.0,59.9833,AC_DEMO_SYNTH,0.0926,0.0545,92.201,91.911,73.761,73.529
0.66704,317.45,100.0,0.0,60.0334,AC_DEMO_SYNTH,0.0879,0.0514,92.145,92.627,73.716,74.102
0.66759,317.6,100.0,0.0,60.0834,AC_DEMO_SYNTH,0.0834,0.0484,92.526,92.481,74.021,73.985
0.66815,317.74,100.0,0.0,60.1334,AC_DEMO_SYNTH,0.079,0.0455,92.933,93.067,74.346,74.454
0.6687,317.88,100.0,0.0,60.1834,AC_DEMO_SYNTH,0.0749,0.0428,92.767,91.734,74.214,73.387
0.66926,318.01,100.0,0.0,60.2335,AC_DEMO_SYNTH,0.0709,0.0402,92.589,92.315,74.071,73.852
0.66982,318.13,100.0,0.0,60.2835,AC_DEMO_SYNTH,0.0671,0.0378,92.618,92.3,74.094,73.84
0.67037,318.24,100.0,0.0,60.3335,AC_DEMO_SYNTH,0.0635,0.0355,92.637,91.755,74.11,73.404
0.67093,318.35,100.0,0.0,60.3835,AC_DEMO_SYNTH,0.06,0.0333,92.605,93.027,74.084,74.422
0.67148,318.46,100.0,0.0,60.4336,AC_DEMO_SYNTH,0.0567,0.0313,93.905,92.551,75.124,74.041
0.67204,318.55,100.0,0.0,60.4836,AC_DEMO_SYNTH,0.0535,0.0293,93.14,93.005,74.512,74.404
0.6726,318.65,100.0,0.0,60.5336,AC_DEMO_SYNTH,0.0505,0.0275,93.408,93.705,74.726,74.964
0.67315,318.73,100.0,0.0,60.5837,AC_DEMO_SYNTH,0.0476,0.0257,92.883,92.664,74.306,74.131
0.67371,318.81,100.0,0.0,60.6337,AC_DEMO_SYNTH,0.0449,0.0241,93.03,92.68,74.424,74.144
0.67426,318.89,100.0,0.0,60.6837,AC_DEMO_SYNTH,0.0423,0.0225,92.845,92.938,74.276,74.35
0.67482,318.96,100.0,0.0,60.7337,AC_DEMO_SYNTH,0.0398,0.0211,92.093,93.324,73.674,74.659
0.67538,319.03,100.0,0.0,60.7838,AC_DEMO_SYNTH,0.0375,0.0197,92.625,92.74,74.1,74.192
0.67593,319.1,100.0,0.0,60.8338,AC_DEMO_SYNTH,0.0353,0.0184,92.474,92.75,73.979,74.2
0.67649,319.16,100.0,0.0,60.8838,AC_DEMO_SYNTH,0.0331,0.0172,92.319,93.458,73.855,74.766
0.67704,319.21,100.0,0.0,60.9339,AC_DEMO_SYNTH,0.0311,0.016,92.757,93.216,74.206,74.573
0.6776,319.27,100.0,0.0,60.9839,AC_DEMO_SYNTH,0.0292,0.0149,93.784,92.278,75.027,73.822
0.67815,319.32,100.0,0.0,61.0339,AC_DEMO_SYNTH,0.0274,0.0139,93.253,92.633,74.602,74.106
0.67871,319.36,100.0,0.0,61.0839,AC_DEMO_SYNTH,0.0257,0.013,93.801,93.747,75.041,74.998
0.67927,319.41,100.0,0.0,61.134,AC_DEMO_SYNTH,0.0241,0.0121,93.465,93.333,74.772,74.666
0.67982,319.45,100.0,0.0,61.184,AC_DEMO_SYNTH,0.0226,0.0112,93.627,92.89,74.902,74.312
0.68038,319.49,100.0,0.0,61.234,AC_DEMO_SYNTH,0.0212,0.0104,92.967,93.148,74.374,74.518
0.68093,319.52,100.0,0.0,61.284,AC_DEMO_SYNTH,0.0198,0.0097,93.547,93.239,74.838,74.591
0.68149,319.56,100.0,0.0,61.3341,AC_DEMO_SYNTH,0.0185,0.009,93.642,93.549,74.914,74.839
0.68205,319.59,100.0,0.0,61.3841,AC_DEMO_SYNTH,0.0173,0.0084,93.13,92.728,74.504,74.182
0.6826,319.62,100.0,0.0,61.4341,AC_DEMO_SYNTH,0.0162,0.0078,93.595,92.952,74.876,74.362
0.68316,319.65,100.0,0.0,61.4842,AC_DEMO_SYNTH,0.0151,0.0072,93.607,93.413,74.886,74.73
0.68371,319.67,100.0,0.0,61.5342,AC_DEMO_SYNTH,0.0141,0.0067,93.168,93.277,74.534,74.622
0.68427,319.7,100.0,0.0,61.5842,AC_DEMO_SYNTH,0.0131,0.0062,92.949,93.561,74.359,74.849
0.68482,319.72,100.0,0.0,61.6342,AC_DEMO_SYNTH,0.0123,0.0057,92.931,92.852,74.345,74.282
0.68538,319.74,100.0,0.0,61.6843,AC_DEMO_SYNTH,0.0114,0.0053,93.446,93.498,74.757,74.798
0.68594,319.76,100.0,0.0,61.7343,AC_DEMO_SYNTH,0.0106,0.0049,93.549,93.803,74.839,75.042
0.68649,319.78,100.0,0.0,61.7843,AC_DEMO_SYNTH,0.0099,0.0045,93.108,93.572,74.486,74.858
0.68705,319.79,100.0,0.0,61.8344,AC_DEMO_SYNTH,0.0092,0.0042,93.439,93.44,74.751,74.752
0.6876,319.81,100.0,0.0,61.8844,AC_DEMO_SYNTH,0.0085,0.0039,93.664,93.356,74.931,74.685
0.68816,319.82,100.0,0.0,61.9344,AC_DEMO_SYNTH,0.0079,0.0036,93.687,93.067,74.95,74.454
0.68872,319.84,100.0,0.0,61.9844,AC_DEMO_SYNTH,0.0074,0.0033,94.067,93.382,75.254,74.706
0.68927,319.85,100.0,0.0,62.0345,AC_DEMO_SYNTH,0.0068,0.003,93.96,93.921,75.168,75.137
0.68983,319.86,100.0,0.0,62.0845,AC_DEMO_SYNTH,0.0063,0.0028,93.053,93.376,74.442,74.701
0.69038,319.87,100.0,0.0,62.1345,AC_DEMO_SYNTH,0.0059,0.0026,94.13,93.073,75.304,74.458
0.69094,319.88,100.0,0.0,62.1845,AC_DEMO_SYNTH,0.0054,0.0024,93.248,93.238,74.598,74.59
0.6915,319.89,100.0,0.0,62.2346,AC_DEMO_SYNTH,0.005,0.0022,93.882,93.521,75.106,74.817
0.69205,319.9,100.0,0.0,62.2846,AC_DEMO_SYNTH,0.0046,0.002,93.494,93.297,74.795,74.638
0.69261,319.91,100.0,0.0,62.3346,AC_DEMO_SYNTH,0.0043,0.0018,93.306,93.645,74.645,74.916
0.69316,319.92,100.0,0.0,62.3847,AC_DEMO_SYNTH,0.0039,0.0017,92.751,93.665,74.201,74.932
0.69372,319.92,100.0,0.0,62.4347,AC_DEMO_SYNTH,0.0036,0.0016,93.406,93.813,74.725,75.05
0.69427,319.93,100.0,0.0,62.4847,AC_DEMO_SYNTH,0.0033,0.0014,92.854,94.032,74.283,75.226
0.69483,319.93,100.0,0.0,62.5347,AC_DEMO_SYNTH,0.003,0.0013,93.865,93.863,75.092,75.09
0.69539,319.94,100.0,0.0,62.5848,AC_DEMO_SYNTH,0.0028,0.0012,94.088,93.095,75.27,74.476
0.69594,319.94,100.0,0.0,62.6348,AC_DEMO_SYNTH,0.0025,0.0011,93.163,93.109,74.53,74.487
0.6965,319.95,100.0,0.0,62.6848,AC_DEMO_SYNTH,0.0023,0.001,93.606,93.444,74.885,74.755
0.69705,319.95,100.0,0.0,62.7349,AC_DEMO_SYNTH,0.0021,0.0009,93.195,93.295,74.556,74.636
0.69761,319.96,100.0,0.0,62.7849,AC_DEMO_SYNTH,0.0019,0.0008,93.237,93.025,74.59,74.42
0.69817,319.96,100.0,0.0,62.8349,AC_DEMO_SYNTH,0.0017,0.0007,93.799,93.305,75.039,74.644
0.69872,319.96,100.0,0.0,62.8849,AC_DEMO_SYNTH,0.0015,0.0006,93.473,93.293,74.778,74.634
0.69928,319.96,100.0,0.0,62.935,AC_DEMO_SYNTH,0.0013,0.0006,94.185,93.214,75.348,74.571
0.69983,319.97,100.0,0.0,62.985,AC_DEMO_SYNTH,0.0011,0.0005,93.3,93.361,74.64,74.689
0.70039,319.97,100.0,0.0,63.035,AC_DEMO_SYNTH,0.0009,0.0004,93.893,93.96,75.114,75.168
0.70094,319.97,100.0,0.0,63.085,AC_DEMO_SYNTH,0.0007,0.0004,93.532,93.569,74.826,74.855
0.7015,319.97,100.0,0.0,63.1351,AC_DEMO_SYNTH,0.0005,0.0003,93.812,94.479,75.05,75.583
0.70206,319.97,100.0,0.0,63.1851,AC_DEMO_SYNTH,0.0004,0.0002,93.314,93.559,74.651,74.847
0.70261,319.97,100.0,0.0,63.2351,AC_DEMO_SYNTH,0.0002,0.0002,93.474,93.376,74.779,74.701
0.70317,319.97,100.0,0.0,63.2852,AC_DEMO_SYNTH,-0.0,0.0001,93.448,93.495,74.758,74.796
0.70372,319.97,100.0,0.0,63.3352,AC_DEMO_SYNTH,-0.0002,0.0,93.16,93.597,74.528,74.878
0.70428,319.97,100.0,0.0,63.3852,AC_DEMO_SYNTH,-0.0004,-0.0,93.759,93.669,75.007,74.935
0.70484,319.97,100.0,0.0,63.4352,AC_DEMO_SYNTH,-0.0007,-0.0001,93.755,94.327,75.004,75.462
0.70539,319.97,100.0,0.1,63.4853,AC_DEMO_SYNTH,-0.0009,-0.0002,93.732,93.159,74.986,74.527
0.70595,319.97,100.0,0.1,63.5353,AC_DEMO_SYNTH,-0.0012,-0.0003,94.11,93.842,75.288,75.074
0.7065,319.96,100.0,0.1,63.5853,AC_DEMO_SYNTH,-0.0014,-0.0003,94.072,93.579,75.258,74.863
0.70706,319.96,100.0,0.1,63.6354,AC_DEMO_SYNTH,-0.0017,-0.0004,93.343,92.869,74.674,74.295
0.70762,319.96,100.0,0.1,63.6854,AC_DEMO_SYNTH,-0.0021,-0.0005,93.643,93.807,74.914,75.046
0.70817,319.95,100.0,0.1,63.7354,AC_DEMO_SYNTH,-0.0024,-0.0007,93.241,94.005,74.593,75.204
0.70873,319.95,100.0,0.2,63.7854,AC_DEMO_SYNTH,-0.0028,-0.0008,93.5,93.157,74.8,74.526
0.70928,319.94,100.0,0.2,63.8355,AC_DEMO_SYNTH,-0.0033,-0.0009,93.249,93.495,74.599,74.796
0.70984,319.94,100.0,0.2,63.8855,AC_DEMO_SYNTH,-0.0037,-0.0011,94.137,92.81,75.31,74.248
0.71039,319.93,100.0,0.3,63.9355,AC_DEMO_SYNTH,-0.0043,-0.0012,93.632,92.996,74.906,74.397
0.71095,319.92,100.0,0.3,63.9855,AC_DEMO_SYNTH,-0.0048,-0.0014,93.397,93.918,74.718,75.134
0.71151,319.91,100.0,0.3,64.0356,AC_DEMO_SYNTH,-0.0055,-0.0016,93.959,93.312,75.167,74.65
0.71206,319.9,100.0,0.4,64.0856,AC_DEMO_SYNTH,-0.0062,-0.0018,92.611,93.055,74.089,74.444
0.71262,319.89,100.0,0.4,64.1356,AC_DEMO_SYNTH,-0.007,-0.0021,92.671,93.591,74.137,74.873
0.71317,319.88,100.0,0.5,64.1857,AC_DEMO_SYNTH,-0.0078,-0.0024,93.792,93.291,75.034,74.633
0.71373,319.86,100.0,0.5,64.2357,AC_DEMO_SYNTH,-0.0087,-0.0027,93.493,93.309,74.794,74.647
0.71429,319.85,100.0,0.6,64.2857,AC_DEMO_SYNTH,-0.0098,-0.003,93.567,93.795,74.854,75.036
0.71484,319.83,100.0,0.7,64.3357,AC_DEMO_SYNTH,-0.0109,-0.0034,92.931,93.033,74.345,74.426
0.7154,319.81,100.0,0.7,64.3858,AC_DEMO_SYNTH,-0.0122,-0.0038,93.447,93.135,74.758,74.508
0.71595,319.79,100.0,0.8,64.4358,AC_DEMO_SYNTH,-0.0136,-0.0043,94.253,93.559,75.402,74.847
0.71651,319.76,100.0,0.9,64.4858,AC_DEMO_SYNTH,-0.0151,-0.0048,93.773,93.882,75.018,75.106
0.71707,319.73,100.0,1.0,64.5359,AC_DEMO_SYNTH,-0.0168,-0.0054,93.503,93.988,74.802,75.19
0.71762,319.7,100.0,1.1,64.5859,AC_DEMO_SYNTH,-0.0186,-0.006,93.252,93.225,74.602,74.58
0.71818,319.67,100.0,1.2,64.6359,AC_DEMO_SYNTH,-0.0206,-0.0067,93.262,93.866,74.61,75.093
0.71873,319.63,100.0,1.4,64.6859,AC_DEMO_SYNTH,-0.0228,-0.0075,92.557,93.175,74.046,74.54
0.71929,319.59,100.0,1.5,64.736,AC_DEMO_SYNTH,-0.0252,-0.0084,93.501,94.218,74.801,75.374
0.71984,319.54,100.0,1.7,64.786,AC_DEMO_SYNTH,-0.0278,-0.0093,93.722,93.03,74.978,74.424
0.7204,319.49,100.0,1.8,64.836,AC_DEMO_SYNTH,-0.0306,-0.0104,92.74,94.012,74.192,75.21
0.72096,319.43,100.0,2.0,64.886,AC_DEMO_SYNTH,-0.0337,-0.0115,93.089,93.214,74.471,74.571
0.72151,319.37,100.0,2.2,64.9361,AC_DEMO_SYNTH,-0.0371,-0.0128,92.874,94.279,74.299,75.423
0.72207,319.3,100.0,2.4,64.9861,AC_DEMO_SYNTH,-0.0407,-0.0142,92.931,93.705,74.345,74.964
0.72262,319.23,100.0,2.7,65.0361,AC_DEMO_SYNTH,-0.0447,-0.0157,93.319,93.059,74.655,74.447
0.72318,319.14,100.0,2.9,65.0862,AC_DEMO_SYNTH,-0.049,-0.0174,92.438,93.248,73.95,74.598
0.72374,319.05,100.0,3.2,65.1362,AC_DEMO_SYNTH,-0.0537,-0.0193,93.492,93.764,74.794,75.011
0.72429,318.95,100.0,3.5,65.1862,AC_DEMO_SYNTH,-0.0587,-0.0213,93.519,93.865,74.815,75.092
0.72485,318.85,100.0,3.8,65.2362,AC_DEMO_SYNTH,-0.0642,-0.0234,93.089,93.41,74.471,74.728
0.7254,318.73,100.0,4.2,65.2863,AC_DEMO_SYNTH,-0.07,-0.0258,92.162,93.447,73.73,74.758
0.72596,318.6,100.0,4.6,65.3363,AC_DEMO_SYNTH,-0.0763,-0.0284,92.718,93.722,74.174,74.978
0.72651,318.46,100.0,5.0,65.3863,AC_DEMO_SYNTH,-0.0831,-0.0313,93.568,93.461,74.854,74.769
0.72707,318.3,100.0,5.4,65.4364,AC_DEMO_SYNTH,-0.0904,-0.0343,91.917,92.876,73.534,74.301
0.72763,318.14,100.0,5.9,65.4864,AC_DEMO_SYNTH,-0.0983,-0.0377,92.842,93.057,74.274,74.446
0.72818,317.96,100.0,6.4,65.5364,AC_DEMO_SYNTH,-0.1067,-0.0413,92.455,93.461,73.964,74.769
0.72874,317.76,100.0,6.9,65.5864,AC_DEMO_SYNTH,-0.1157,-0.0452,93.189,93.835,74.551,75.068
0.72929,317.55,100.0,7.5,65.6365,AC_DEMO_SYNTH,-0.1253,-0.0494,92.535,93.977,74.028,75.182
0.72985,317.32,100.0,8.1,65.6865,AC_DEMO_SYNTH,-0.1355,-0.054,92.896,93.621,74.317,74.897
0.73041,317.07,100.0,8.8,65.7365,AC_DEMO_SYNTH,-0.1465,-0.0589,92.886,93.401,74.309,74.721
0.73096,316.8,100.0,9.5,65.7865,AC_DEMO_SYNTH,-0.1581,-0.0642,93.312,93.56,74.65,74.848
0.73152,316.51,100.0,10.2,65.8366,AC_DEMO_SYNTH,-0.1704,-0.0698,92.408,92.965,73.926,74.372
0.73207,316.2,100.0,11.0,65.8866,AC_DEMO_SYNTH,-0.1836,-0.0759,92.544,93.14,74.035,74.512
0.73263,315.86,100.0,11.8,65.9366,AC_DEMO_SYNTH,-0.1975,-0.0825,91.695,92.837,73.356,74.27
0.73319,315.5,100.0,12.7,65.9867,AC_DEMO_SYNTH,-0.2122,-0.0895,92.654,92.631,74.123,74.105
0.73374,315.11,100.0,13.7,66.0367,AC_DEMO_SYNTH,-0.2278,-0.097,91.753,93.223,73.402,74.578
0.7343,314.7,100.0,14.7,66.0867,AC_DEMO_SYNTH,-0.2442,-0.105,91.705,93.121,73.364,74.497
0.73485,314.25,100.0,15.7,66.1367,AC_DEMO_SYNTH,-0.2616,-0.1135,91.781,93.272,73.425,74.618
0.73541,313.77,100.0,16.8,66.1868,AC_DEMO_SYNTH,-0.2798,-0.1225,91.015,93.162,72.812,74.53
0.73596,313.26,100.0,17.9,66.2368,AC_DEMO_SYNTH,-0.299,-0.1321,91.572,92.983,73.258,74.386
0.73652,312.71,100.0,19.1,66.2868,AC_DEMO_SYNTH,-0.3191,-0.1423,91.695,93.044,73.356,74.435
0.73708,312.13,100.0,20.4,66.3369,AC_DEMO_SYNTH,-0.3401,-0.1531,91.242,92.737,72.994,74.19
0.73763,311.51,100.0,21.7,66.3869,AC_DEMO_SYNTH,-0.3622,-0.1645,90.294,92.845,72.235,74.276
0.73819,310.85,100.0,23.1,66.4369,AC_DEMO_SYNTH,-0.3852,-0.1766,90.672,92.31,72.538,73.848
0.73874,310.15,100.0,24.6,66.4869,AC_DEMO_SYNTH,-0.4092,-0.1893,90.797,92.662,72.638,74.13
0.7393,309.41,50.0,26.1,66.537,AC_DEMO_SYNTH,-0.4342,-0.2026,89.515,92.689,71.612,74.151
0.73986,308.62,50.0,27.6,66.587,AC_DEMO_SYNTH,-0.4602,-0.2166,89.586,92.053,71.669,73.642
0.74041,307.78,50.0,29.2,66.637,AC_DEMO_SYNTH,-0.4872,-0.2313,90.101,92.232,72.081,73.786
0.74097,306.9,50.0,30.9,66.687,AC_DEMO_SYNTH,-0.5151,-0.2466,89.58,91.846,71.664,73.477
0.74152,305.96,50.0,32.6,66.7371,AC_DEMO_SYNTH,-0.544,-0.2626,89.339,91.758,71.471,73.406
0.74208,304.97,50.0,34.4,66.7871,AC_DEMO_SYNTH,-0.5738,-0.2792,89.606,91.383,71.685,73.106
0.74263,303.93,50.0,36.3,66.8371,AC_DEMO_SYNTH,-0.6046,-0.2965,88.721,92.195,70.977,73.756
0.74319,302.84,50.0,38.2,66.8872,AC_DEMO_SYNTH,-0.6362,-0.3145,88.453,91.962,70.762,73.57
0.74375,301.68,50.0,40.1,66.9372,AC_DEMO_SYNTH,-0.6686,-0.333,88.909,91.582,71.127,73.266
0.7443,300.47,50.0,42.1,66.9872,AC_DEMO_SYNTH,-0.7019,-0.3522,87.358,91.98,69.886,73.584
0.74486,299.2,50.0,44.2,67.0372,AC_DEMO_SYNTH,-0.7359,-0.3719,86.727,90.927,69.382,72.742
0.74541,297.87,50.0,46.2,67.0873,AC_DEMO_SYNTH,-0.7705,-0.3922,86.801,92.016,69.441,73.613
0.74597,296.48,50.0,48.4,67.1373,AC_DEMO_SYNTH,-0.8058,-0.413,86.372,90.5,69.098,72.4
0.74653,295.03,50.0,50.5,67.1873,AC_DEMO_SYNTH,-0.8417,-0.4343,85.535,90.469,68.428,72.375
0.74708,293.51,50.0,52.7,67.2374,AC_DEMO_SYNTH,-0.8781,-0.4559,84.863,89.968,67.89,71.974
0.74764,291.92,50.0,54.9,67.2874,AC_DEMO_SYNTH,-0.9148,-0.478,85.71,90.021,68.568,72.017
0.74819,290.28,50.0,57.1,67.3374,AC_DEMO_SYNTH,-0.9519,-0.5004,84.414,89.942,67.531,71.954
0.74875,288.56,50.0,59.4,67.3874,AC_DEMO_SYNTH,-0.9892,-0.523,83.465,89.277,66.772,71.422
0.74931,286.78,50.0,61.6,67.4375,AC_DEMO_SYNTH,-1.0266,-0.5458,83.584,89.736,66.867,71.789
0.74986,284.93,50.0,63.8,67.4875,AC_DEMO_SYNTH,-1.064,-0.5688,82.616,88.807,66.093,71.046
0.75042,283.02,50.0,66.1,67.5375,AC_DEMO_SYNTH,-1.1014,-0.5918,81.986,88.492,65.589,70.794
0.75097,281.04,50.0,68.3,67.5875,AC_DEMO_SYNTH,-1.1385,-0.6148,81.721,87.675,65.377,70.14
0.75153,279.0,50.0,70.5,67.6376,AC_DEMO_SYNTH,-1.1753,-0.6376,80.377,87.845,64.302,70.276
0.75208,276.89,50.0,72.7,67.6876,AC_DEMO_SYNTH,-1.2115,-0.6603,80.414,87.245,64.331,69.796
0.75264,274.72,50.0,74.8,67.7376,AC_DEMO_SYNTH,-1.2472,-0.6828,80.405,86.662,64.324,69.33
0.7532,272.48,50.0,76.9,67.7877,AC_DEMO_SYNTH,-1.2822,-0.7049,79.178,86.182,63.342,68.946
0.75375,270.19,50.0,79.0,67.8377,AC_DEMO_SYNTH,-1.3162,-0.7265,78.184,87.134,62.547,69.707
0.75431,267.83,50.0,81.0,67.8877,AC_DEMO_SYNTH,-1.3492,-0.7476,77.461,85.513,61.969,68.41
0.75486,265.42,50.0,82.9,67.9377,AC_DEMO_SYNTH,-1.3811,-0.7682,76.819,84.574,61.455,67.659
0.75542,262.95,50.0,84.7,67.9878,AC_DEMO_SYNTH,-1.4116,-0.7881,76.191,84.399,60.953,67.519
0.75598,260.43,50.0,86.4,68.0378,AC_DEMO_SYNTH,-1.4406,-0.8072,75.444,84.163,60.355,67.33
0.75653,257.86,50.0,88.1,68.0878,AC_DEMO_SYNTH,-1.4679,-0.8255,75.255,83.891,60.204,67.113
0.75709,255.24,50.0,89.6,68.1379,AC_DEMO_SYNTH,-1.4935,-0.8429,73.483,83.367,58.786,66.694
0.75764,252.58,50.0,91.0,68.1879,AC_DEMO_SYNTH,-1.5171,-0.8593,73.805,82.874,59.044,66.299
0.7582,249.88,50.0,92.3,68.2379,AC_DEMO_SYNTH,-1.5386,-0.8747,72.588,81.789,58.07,65.431
0.75875,247.15,50.0,93.5,68.2879,AC_DEMO_SYNTH,-1.5579,-0.889,72.17,81.614,57.736,65.291
0.75931,244.38,50.0,94.5,68.338,AC_DEMO_SYNTH,-1.5748,-0.9023,70.843,80.544,56.674,64.435
0.75987,241.58,50.0,95.3,68.388,AC_DEMO_SYNTH,-1.5891,-0.9143,71.1,80.049,56.88,64.039
0.76042,238.76,50.0,96.0,68.438,AC_DEMO_SYNTH,-1.6008,-0.9252,70.342,79.321,56.274,63.457
0.76098,235.92,50.0,96.6,68.488,AC_DEMO_SYNTH,-1.6096,-0.9349,69.504,78.593,55.603,62.874
0.76153,233.07,50.0,96.9,68.5381,AC_DEMO_SYNTH,-1.6155,-0.9434,67.795,78.865,54.236,63.092
0.76209,230.22,50.0,97.1,68.5881,AC_DEMO_SYNTH,-1.6184,-0.9507,68.019,78.078,54.415,62.462
0.76265,227.36,50.0,97.1,68.6381,AC_DEMO_SYNTH,-1.6181,-0.9567,67.139,77.547,53.711,62.038
0.7632,224.5,50.0,96.9,68.6882,AC_DEMO_SYNTH,-1.6146,-0.9616,65.63,76.519,52.504,61.215
0.76376,221.65,50.0,96.5,68.7382,AC_DEMO_SYNTH,-1.6077,-0.9653,65.564,76.155,52.451,60.924
0.76431,218.82,50.0,95.8,68.7882,AC_DEMO_SYNTH,-1.5974,-0.9679,65.03,74.478,52.024,59.582
0.76487,216.01,50.0,95.0,68.8382,AC_DEMO_SYNTH,-1.5836,-0.9694,64.425,74.862,51.54,59.89
0.76543,213.22,50.0,94.0,68.8883,AC_DEMO_SYNTH,-1.5662,-0.9698,63.599,73.918,50.879,59.134
0.76598,210.47,50.0,92.7,68.9383,AC_DEMO_SYNTH,-1.5453,-0.9693,62.982,73.43,50.386,58.744
0.76654,207.76,50.0,91.2,68.9883,AC_DEMO_SYNTH,-1.5207,-0.9679,62.803,72.664,50.242,58.131
0.76709,205.1,50.0,89.6,69.0384,AC_DEMO_SYNTH,-1.4925,-0.9656,62.064,71.453,49.651,57.162
0.76765,202.49,50.0,87.6,69.0884,AC_DEMO_SYNTH,-1.4607,-0.9626,59.797,70.587,47.838,56.47
0.7682,199.94,50.0,85.5,69.1384,AC_DEMO_SYNTH,-1.4252,-0.9589,60.2,70.245,48.16,56.196
0.76876,197.45,50.0,83.2,69.1884,AC_DEMO_SYNTH,-1.3861,-0.9545,59.656,70.104,47.725,56.083
0.76932,195.04,50.0,80.6,69.2385,AC_DEMO_SYNTH,-1.3435,-0.9497,58.431,69.513,46.745,55.61
0.76987,192.7,50.0,77.8,69.2885,AC_DEMO_SYNTH,-1.2974,-0.9444,58.591,68.054,46.873,54.443
0.77043,190.45,50.0,74.9,69.3385,AC_DEMO_SYNTH,-1.2479,-0.9388,58.489,67.586,46.791,54.069
0.77098,188.29,50.0,71.7,69.3885,AC_DEMO_SYNTH,-1.195,-0.9329,57.005,67.077,45.604,53.662
0.77154,186.23,50.0,68.3,69.4386,AC_DEMO_SYNTH,-1.1389,-0.9269,57.04,66.625,45.632,53.3
0.7721,184.27,50.0,64.8,69.4886,AC_DEMO_SYNTH,-1.0796,-0.9208,56.02,65.639,44.816,52.511
0.77265,182.42,50.0,61.0,69.5386,AC_DEMO_SYNTH,-1.0174,-0.9146,55.614,65.046,44.491,52.037
0.77321,180.67,50.0,57.1,69.5887,AC_DEMO_SYNTH,-0.9524,-0.9086,55.984,64.732,44.787,51.786
0.77376,179.05,50.0,53.1,69.6387,AC_DEMO_SYNTH,-0.8846,-0.9028,54.703,64.561,43.762,51.649
0.77432,177.55,50.0,48.9,69.6887,AC_DEMO_SYNTH,-0.8144,-0.8971,54.65,63.538,43.72,50.83
0.77487,176.17,50.0,44.5,69.7387,AC_DEMO_SYNTH,-0.7418,-0.8918,53.276,63.468,42.621,50.774
0.77543,174.93,50.0,40.0,69.7888,AC_DEMO_SYNTH,-0.667,-0.8869,54.348,63.463,43.478,50.77
0.77599,173.82,50.0,35.4,69.8388,AC_DEMO_SYNTH,-0.5904,-0.8823,53.441,62.067,42.753,49.654
0.77654,172.84,50.0,30.7,69.8888,AC_DEMO_SYNTH,-0.512,-0.8783,52.739,62.075,42.191,49.66
0.7771,172.01,50.0,25.9,69.9389,AC_DEMO_SYNTH,-0.4321,-0.8748,52.675,62.163,42.14,49.73
0.77765,171.31,50.0,21.1,69.9889,AC_DEMO_SYNTH,-0.351,-0.8718,51.531,61.204,41.225,48.963
0.77821,170.77,50.0,16.1,70.0389,AC_DEMO_SYNTH,-0.2688,-0.8694,52.241,60.789,41.793,48.631
0.77877,170.37,50.0,11.1,70.0889,AC_DEMO_SYNTH,-0.1858,-0.8677,51.33,61.158,41.064,48.926
0.77932,170.11,50.0,6.1,70.139,AC_DEMO_SYNTH,-0.1023,-0.8665,51.09,60.269,40.872,48.215
0.77988,170.0,50.0,1.1,70.189,AC_DEMO_SYNTH,-0.0185,-0.8661,50.709,60.563,40.567,48.45
0.78043,170.05,61.8,0.0,70.239,AC_DEMO_SYNTH,0.0654,-0.8663,50.432,60.053,40.346,48.042
0.78099,170.23,76.8,0.0,70.289,AC_DEMO_SYNTH,0.1491,-0.8671,50.72,59.532,40.576,47.626
0.78155,170.57,91.8,0.0,70.3391,AC_DEMO_SYNTH,0.2324,-0.8686,50.349,59.681,40.279,47.745
0.7821,171.06,100.0,0.0,70.3891,AC_DEMO_SYNTH,0.3149,-0.8707,50.338,59.47,40.27,47.576
0.78266,171.68,100.0,0.0,70.4391,AC_DEMO_SYNTH,0.3966,-0.8734,49.926,59.631,39.941,47.705
0.78321,172.46,100.0,0.0,70.4892,AC_DEMO_SYNTH,0.477,-0.8767,50.018,58.921,40.014,47.137
0.78377,173.37,100.0,0.0,70.5392,AC_DEMO_SYNTH,0.5561,-0.8805,49.552,59.105,39.642,47.284
0.78432,174.42,100.0,0.0,70.5892,AC_DEMO_SYNTH,0.6335,-0.8848,50.548,59.046,40.438,47.237
0.78488,175.61,100.0,0.0,70.6392,AC_DEMO_SYNTH,0.7091,-0.8896,48.994,59.368,39.195,47.494
0.78544,176.93,100.0,0.0,70.6893,AC_DEMO_SYNTH,0.7827,-0.8948,50.12,58.726,40.096,46.981
0.78599,178.37,100.0,0.0,70.7393,AC_DEMO_SYNTH,0.854,-0.9003,50.186,59.625,40.149,47.7
0.78655,179.95,100.0,0.0,70.7893,AC_DEMO_SYNTH,0.9229,-0.906,49.356,59.524,39.485,47.619
0.7871,181.64,100.0,0.0,70.8394,AC_DEMO_SYNTH,0.9891,-0.912,50.676,58.962,40.541,47.17
0.78766,183.44,100.0,0.0,70.8894,AC_DEMO_SYNTH,1.0526,-0.9181,50.302,60.156,40.242,48.125
0.78822,185.36,100.0,0.0,70.9394,AC_DEMO_SYNTH,1.1132,-0.9242,50.446,60.785,40.357,48.628
0.78877,187.37,100.0,0.0,70.9894,AC_DEMO_SYNTH,1.1707,-0.9303,50.253,60.541,40.202,48.433
0.78933,189.49,100.0,0.0,71.0395,AC_DEMO_SYNTH,1.225,-0.9362,50.376,60.995,40.301,48.796
0.78988,191.7,100.0,0.0,71.0895,AC_DEMO_SYNTH,1.276,-0.942,50.632,60.773,40.506,48.618
0.79044,194.0,100.0,0.0,71.1395,AC_DEMO_SYNTH,1.3237,-0.9474,51.161,60.421,40.929,48.337
0.79099,196.38,100.0,0.0,71.1895,AC_DEMO_SYNTH,1.3678,-0.9524,51.888,60.724,41.51,48.579
0.79155,198.83,100.0,0.0,71.2396,AC_DEMO_SYNTH,1.4085,-0.957,51.756,61.968,41.405,49.574
0.79211,201.36,100.0,0.0,71.2896,AC_DEMO_SYNTH,1.4455,-0.961,51.712,62.065,41.37,49.652
0.79266,203.94,100.0,0.0,71.3396,AC_DEMO_SYNTH,1.479,-0.9644,52.83,62.396,42.264,49.917
0.79322,206.58,100.0,0.0,71.3897,AC_DEMO_SYNTH,1.5088,-0.967,53.327,63.223,42.662,50.578
0.79377,209.27,100.0,0.0,71.4397,AC_DEMO_SYNTH,1.5349,-0.9688,53.712,64.005,42.97,51.204
0.79433,212.01,100.0,0.0,71.4897,AC_DEMO_SYNTH,1.5575,-0.9697,54.274,63.713,43.419,50.97
0.79489,214.78,100.0,0.0,71.5397,AC_DEMO_SYNTH,1.5764,-0.9697,54.423,64.67,43.538,51.736
0.79544,217.58,100.0,0.0,71.5898,AC_DEMO_SYNTH,1.5917,-0.9687,54.747,66.029,43.798,52.823
0.796,220.4,100.0,0.0,71.6398,AC_DEMO_SYNTH,1.6036,-0.9666,55.386,65.588,44.309,52.47
0.79655,223.24,100.0,0.0,71.6898,AC_DEMO_SYNTH,1.612,-0.9634,55.723,66.976,44.578,53.581
0.79711,226.1,100.0,0.0,71.7399,AC_DEMO_SYNTH,1.617,-0.959,57.146,67.061,45.717,53.649
0.79767,228.96,100.0,0.0,71.7899,AC_DEMO_SYNTH,1.6187,-0.9535,57.716,68.113,46.173,54.49
0.79822,231.82,100.0,0.0,71.8399,AC_DEMO_SYNTH,1.6172,-0.9467,58.296,68.984,46.637,55.187
0.79878,234.67,100.0,0.0,71.8899,AC_DEMO_SYNTH,1.6126,-0.9388,58.033,69.501,46.426,55.601
0.79933,237.52,100.0,0.0,71.94,AC_DEMO_SYNTH,1.605,-0.9296,59.485,70.239,47.588,56.191
0.79989,240.34,100.0,0.0,71.99,AC_DEMO_SYNTH,1.5946,-0.9193,61.215,70.088,48.972,56.07
0.80044,243.15,100.0,0.0,72.04,AC_DEMO_SYNTH,1.5814,-0.9077,61.305,71.675,49.044,57.34
0.801,245.93,100.0,0.0,72.0901,AC_DEMO_SYNTH,1.5656,-0.895,62.534,71.572,50.027,57.258
0.80156,248.68,100.0,0.0,72.1401,AC_DEMO_SYNTH,1.5474,-0.8811,62.665,72.701,50.132,58.161
0.80211,251.4,100.0,0.0,72.1901,AC_DEMO_SYNTH,1.5269,-0.8662,64.641,73.386,51.713,58.709
0.80267,254.08,100.0,0.0,72.2401,AC_DEMO_SYNTH,1.5041,-0.8502,64.863,74.16,51.89,59.328
0.80322,256.71,100.0,0.0,72.2902,AC_DEMO_SYNTH,1.4794,-0.8332,65.895,74.78,52.716,59.824
0.80378,259.3,100.0,0.0,72.3402,AC_DEMO_SYNTH,1.4528,-0.8153,67.576,74.983,54.061,59.986
0.80434,261.85,100.0,0.0,72.3902,AC_DEMO_SYNTH,1.4245,-0.7966,68.124,75.453,54.499,60.362
0.80489,264.34,100.0,0.0,72.4402,AC_DEMO_SYNTH,1.3947,-0.777,68.265,77.004,54.612,61.603
0.80545,266.78,100.0,0.0,72.4903,AC_DEMO_SYNTH,1.3634,-0.7568,69.022,77.386,55.218,61.909
0.806,269.16,100.0,0.0,72.5403,AC_DEMO_SYNTH,1.3309,-0.7359,69.997,78.417,55.998,62.734
0.80656,271.48,100.0,0.0,72.5903,AC_DEMO_SYNTH,1.2973,-0.7144,71.195,78.574,56.956,62.859
0.80712,273.74,100.0,0.0,72.6404,AC_DEMO_SYNTH,1.2627,-0.6925,71.806,78.654,57.445,62.923
0.80767,275.94,100.0,0.0,72.6904,AC_DEMO_SYNTH,1.2273,-0.6702,72.54,80.215,58.032,64.172
0.80823,278.08,100.0,0.0,72.7404,AC_DEMO_SYNTH,1.1913,-0.6476,74.126,80.281,59.301,64.225
0.80878,280.15,100.0,0.0,72.7904,AC_DEMO_SYNTH,1.1547,-0.6248,74.321,81.152,59.457,64.922
0.80934,282.16,100.0,0.0,72.8405,AC_DEMO_SYNTH,1.1177,-0.6019,76.104,81.329,60.883,65.063
0.80989,284.1,100.0,0.0,72.8905,AC_DEMO_SYNTH,1.0805,-0.5789,76.022,82.803,60.818,66.242
0.81045,285.98,100.0,0.0,72.9405,AC_DEMO_SYNTH,1.0431,-0.5559,77.488,82.338,61.99,65.87
0.81101,287.79,100.0,0.0,72.9906,AC_DEMO_SYNTH,1.0056,-0.533,77.688,83.081,62.15,66.465
0.81156,289.53,100.0,0.0,73.0406,AC_DEMO_SYNTH,0.9683,-0.5103,78.682,83.769,62.946,67.015
0.81212,291.21,100.0,0.0,73.0906,AC_DEMO_SYNTH,0.9311,-0.4878,78.742,83.785,62.994,67.028
0.81267,292.82,100.0,0.0,73.1406,AC_DEMO_SYNTH,0.8942,-0.4656,79.405,84.833,63.524,67.866
0.81323,294.37,100.0,0.0,73.1907,AC_DEMO_SYNTH,0.8577,-0.4438,80.626,85.809,64.501,68.647
0.81379,295.85,100.0,0.0,73.2407,AC_DEMO_SYNTH,0.8216,-0.4223,81.511,85.413,65.209,68.33
0.81434,297.27,100.0,0.0,73.2907,AC_DEMO_SYNTH,0.786,-0.4013,81.785,86.197,65.428,68.958
0.8149,298.63,100.0,0.0,73.3407,AC_DEMO_SYNTH,0.751,-0.3808,81.887,85.354,65.51,68.283
0.81545,299.92,100.0,0.0,73.3908,AC_DEMO_SYNTH,0.7167,-0.3608,82.466,86.833,65.973,69.466
0.81601,301.16,100.0,0.0,73.4408,AC_DEMO_SYNTH,0.6832,-0.3414,83.028,87.106,66.422,69.685
0.81656,302.34,100.0,0.0,73.4908,AC_DEMO_SYNTH,0.6504,-0.3226,83.458,87.27,66.766,69.816
0.81712,303.46,100.0,0.0,73.5409,AC_DEMO_SYNTH,0.6184,-0.3043,84.752,88.379,67.802,70.703
0.81768,304.52,100.0,0.0,73.5909,AC_DEMO_SYNTH,0.5873,-0.2868,85.677,88.149,68.542,70.519
0.81823,305.53,100.0,0.0,73.6409,AC_DEMO_SYNTH,0.557,-0.2698,85.722,88.527,68.578,70.822
0.81879,306.49,100.0,0.0,73.6909,AC_DEMO_SYNTH,0.5277,-0.2535,85.301,88.751,68.241,71.001
0.81934,307.4,100.0,0.0,73.741,AC_DEMO_SYNTH,0.4994,-0.2379,86.585,88.426,69.268,70.741
0.8199,308.26,100.0,0.0,73.791,AC_DEMO_SYNTH,0.472,-0.223,87.031,89.016,69.625,71.213
0.82046,309.07,100.0,0.0,73.841,AC_DEMO_SYNTH,0.4455,-0.2087,88.348,90.115,70.678,72.092
0.82101,309.83,100.0,0.0,73.8911,AC_DEMO_SYNTH,0.4201,-0.1951,87.318,89.133,69.854,71.306
0.82157,310.55,100.0,0.0,73.9411,AC_DEMO_SYNTH,0.3957,-0.1821,88.118,89.905,70.494,71.924
0.82212,311.23,100.0,0.0,73.9911,AC_DEMO_SYNTH,0.3722,-0.1698,89.31,90.275,71.448,72.22
0.82268,311.86,100.0,0.0,74.0411,AC_DEMO_SYNTH,0.3497,-0.1581,89.14,91.34,71.312,73.072
0.82324,312.46,100.0,0.0,74.0912,AC_DEMO_SYNTH,0.3282,-0.147,89.503,91.149,71.602,72.919
0.82379,313.02,100.0,0.0,74.1412,AC_DEMO_SYNTH,0.3077,-0.1365,89.621,90.805,71.697,72.644
0.82435,313.55,100.0,0.0,74.1912,AC_DEMO_SYNTH,0.2881,-0.1267,89.99,91.728,71.992,73.382
0.8249,314.04,100.0,0.0,74.2412,AC_DEMO_SYNTH,0.2695,-0.1174,90.433,91.075,72.346,72.86
0.82546,314.5,100.0,0.0,74.2913,AC_DEMO_SYNTH,0.2517,-0.1086,90.047,91.93,72.038,73.544
0.82601,314.93,100.0,0.0,74.3413,AC_DEMO_SYNTH,0.2349,-0.1004,90.956,91.129,72.765,72.903
0.82657,315.33,100.0,0.0,74.3913,AC_DEMO_SYNTH,0.219,-0.0927,90.274,92.239,72.219,73.791
0.82713,315.71,100.0,0.0,74.4414,AC_DEMO_SYNTH,0.2039,-0.0855,91.162,91.778,72.93,73.422
0.82768,316.05,100.0,0.0,74.4914,AC_DEMO_SYNTH,0.1896,-0.0788,91.292,91.647,73.034,73.318
0.82824,316.38,100.0,0.0,74.5414,AC_DEMO_SYNTH,0.1761,-0.0725,91.155,92.086,72.924,73.669
0.82879,316.68,100.0,0.0,74.5914,AC_DEMO_SYNTH,0.1634,-0.0666,91.56,92.389,73.248,73.911
0.82935,316.95,100.0,0.0,74.6415,AC_DEMO_SYNTH,0.1515,-0.0611,91.473,92.175,73.178,73.74
0.82991,317.21,100.0,0.0,74.6915,AC_DEMO_SYNTH,0.1403,-0.0561,91.439,92.686,73.151,74.149
0.83046,317.45,100.0,0.0,74.7415,AC_DEMO_SYNTH,0.1297,-0.0514,91.862,92.317,73.49,73.854
0.83102,317.67,100.0,0.0,74.7916,AC_DEMO_SYNTH,0.1198,-0.047,91.687,92.876,73.35,74.301
0.83157,317.87,100.0,0.0,74.8416,AC_DEMO_SYNTH,0.1106,-0.0429,92.372,92.876,73.898,74.301
0.83213,318.06,100.0,0.0,74.8916,AC_DEMO_SYNTH,0.1019,-0.0392,91.891,92.744,73.513,74.195
0.83268,318.23,100.0,0.0,74.9416,AC_DEMO_SYNTH,0.0938,-0.0358,92.734,92.654,74.187,74.123
0.83324,318.39,100.0,0.0,74.9917,AC_DEMO_SYNTH,0.0863,-0.0326,92.069,92.949,73.655,74.359
0.8338,318.54,100.0,0.0,75.0417,AC_DEMO_SYNTH,0.0793,-0.0296,92.401,93.163,73.921,74.53
0.83435,318.67,100.0,0.0,75.0917,AC_DEMO_SYNTH,0.0728,-0.0269,92.454,93.815,73.963,75.052
0.83491,318.79,100.0,0.0,75.1417,AC_DEMO_SYNTH,0.0667,-0.0245,93.305,93.411,74.644,74.729
0.83546,318.91,100.0,0.0,75.1918,AC_DEMO_SYNTH,0.0611,-0.0222,92.975,93.47,74.38,74.776
0.83602,319.01,100.0,0.0,75.2418,AC_DEMO_SYNTH,0.0559,-0.0201,92.818,94.352,74.254,75.482
0.83658,319.1,100.0,0.0,75.2918,AC_DEMO_SYNTH,0.0511,-0.0182,93.156,93.357,74.525,74.686
0.83713,319.19,100.0,0.0,75.3419,AC_DEMO_SYNTH,0.0466,-0.0165,92.166,93.378,73.733,74.702
0.83769,319.27,100.0,0.0,75.3919,AC_DEMO_SYNTH,0.0425,-0.0149,93.039,93.496,74.431,74.797
0.83824,319.34,100.0,0.0,75.4419,AC_DEMO_SYNTH,0.0387,-0.0134,93.898,92.838,75.118,74.27
0.8388,319.41,100.0,0.0,75.4919,AC_DEMO_SYNTH,0.0352,-0.0121,93.192,93.09,74.554,74.472
0.83936,319.47,100.0,0.0,75.542,AC_DEMO_SYNTH,0.032,-0.0109,93.202,93.088,74.562,74.47
0.83991,319.52,100.0,0.0,75.592,AC_DEMO_SYNTH,0.029,-0.0098,93.425,93.569,74.74,74.855
0.84047,319.57,100.0,0.0,75.642,AC_DEMO_SYNTH,0.0263,-0.0088,93.594,93.26,74.875,74.608
0.84102,319.61,100.0,0.0,75.6921,AC_DEMO_SYNTH,0.0239,-0.0079,92.462,93.401,73.97,74.721
0.84158,319.65,100.0,0.0,75.7421,AC_DEMO_SYNTH,0.0216,-0.0071,92.613,93.796,74.09,75.037
0.84213,319.69,100.0,0.0,75.7921,AC_DEMO_SYNTH,0.0195,-0.0064,93.393,93.722,74.714,74.978
0.84269,319.72,100.0,0.0,75.8421,AC_DEMO_SYNTH,0.0176,-0.0057,93.042,93.324,74.434,74.659
0.84325,319.75,100.0,0.0,75.8922,AC_DEMO_SYNTH,0.0159,-0.0051,93.871,93.132,75.097,74.506
0.8438,319.78,100.0,0.0,75.9422,AC_DEMO_SYNTH,0.0143,-0.0045,93.238,93.866,74.59,75.093
0.84436,319.8,100.0,0.0,75.9922,AC_DEMO_SYNTH,0.0129,-0.0041,92.603,93.73,74.082,74.984
0.84491,319.82,100.0,0.0,76.0422,AC_DEMO_SYNTH,0.0116,-0.0036,92.883,92.786,74.306,74.229
0.84547,319.84,100.0,0.0,76.0923,AC_DEMO_SYNTH,0.0104,-0.0032,92.303,93.311,73.842,74.649
0.84603,319.86,100.0,0.0,76.1423,AC_DEMO_SYNTH,0.0093,-0.0029,93.32,93.511,74.656,74.809
0.84658,319.88,100.0,0.0,76.1923,AC_DEMO_SYNTH,0.0083,-0.0026,93.35,93.764,74.68,75.011
0.84714,319.89,100.0,0.0,76.2424,AC_DEMO_SYNTH,0.0075,-0.0023,93.263,93.821,74.61,75.057
0.84769,319.9,100.0,0.0,76.2924,AC_DEMO_SYNTH,0.0067,-0.002,93.871,93.575,75.097,74.86
0.84825,319.91,100.0,0.0,76.3424,AC_DEMO_SYNTH,0.0059,-0.0018,93.926,93.7,75.141,74.96
0.8488,319.92,100.0,0.0,76.3924,AC_DEMO_SYNTH,0.0053,-0.0016,93.384,93.495,74.707,74.796
0.84936,319.93,100.0,0.0,76.4425,AC_DEMO_SYNTH,0.0047,-0.0014,92.605,93.204,74.084,74.563
0.84992,319.94,100.0,0.0,76.4925,AC_DEMO_SYNTH,0.0041,-0.0012,93.712,93.373,74.97,74.698
0.85047,319.95,100.0,0.0,76.5425,AC_DEMO_SYNTH,0.0037,-0.0011,93.692,93.489,74.954,74.791
0.85103,319.95,100.0,0.0,76.5926,AC_DEMO_SYNTH,0.0032,-0.001,93.596,93.469,74.877,74.775
0.85158,319.96,100.0,0.0,76.6426,AC_DEMO_SYNTH,0.0028,-0.0009,93.87,92.732,75.096,74.186
0.85214,319.96,100.0,0.0,76.6926,AC_DEMO_SYNTH,0.0024,-0.0008,93.013,93.328,74.41,74.662
0.8527,319.97,100.0,0.0,76.7426,AC_DEMO_SYNTH,0.0021,-0.0007,94.287,93.513,75.43,74.81
0.85325,319.97,100.0,0.0,76.7927,AC_DEMO_SYNTH,0.0018,-0.0006,93.101,93.379,74.481,74.703
0.85381,319.97,100.0,0.0,76.8427,AC_DEMO_SYNTH,0.0015,-0.0006,93.785,93.393,75.028,74.714
0.85436,319.97,100.0,0.0,76.8927,AC_DEMO_SYNTH,0.0012,-0.0005,92.812,93.688,74.25,74.95
0.85492,319.98,100.0,0.0,76.9427,AC_DEMO_SYNTH,0.0009,-0.0005,93.119,93.065,74.495,74.452
0.85548,319.98,100.0,0.0,76.9928,AC_DEMO_SYNTH,0.0006,-0.0005,94.099,92.846,75.279,74.277
0.85603,319.98,100.0,0.0,77.0428,AC_DEMO_SYNTH,0.0004,-0.0004,93.389,93.358,74.711,74.686
0.85659,319.98,100.0,0.0,77.0928,AC_DEMO_SYNTH,0.0001,-0.0004,93.83,93.804,75.064,75.043
0.85714,319.98,100.0,0.0,77.1429,AC_DEMO_SYNTH,-0.0002,-0.0004,93.59,94.175,74.872,75.34
0.8577,319.98,100.0,0.0,77.1929,AC_DEMO_SYNTH,-0.0005,-0.0004,93.454,93.813,74.763,75.05
0.85825,319.98,100.0,0.0,77.2429,AC_DEMO_SYNTH,-0.0008,-0.0005,94.042,92.914,75.234,74.331
0.85881,319.98,100.0,0.1,77.2929,AC_DEMO_SYNTH,-0.0011,-0.0005,93.403,93.41,74.722,74.728
0.85937,319.97,100.0,0.1,77.343,AC_DEMO_SYNTH,-0.0014,-0.0005,92.783,93.603,74.226,74.882
0.85992,319.97,100.0,0.1,77.393,AC_DEMO_SYNTH,-0.0018,-0.0006,93.174,93.573,74.539,74.858
0.86048,319.97,100.0,0.1,77.443,AC_DEMO_SYNTH,-0.0023,-0.0007,93.717,93.72,74.974,74.976
0.86103,319.96,100.0,0.2,77.4931,AC_DEMO_SYNTH,-0.0028,-0.0008,93.652,93.136,74.922,74.509
0.86159,319.96,100.0,0.2,77.5431,AC_DEMO_SYNTH,-0.0034,-0.0009,92.869,93.531,74.295,74.825
0.86215,319.95,100.0,0.2,77.5931,AC_DEMO_SYNTH,-0.004,-0.001,93.204,93.672,74.563,74.938
0.8627,319.94,100.0,0.3,77.6431,AC_DEMO_SYNTH,-0.0047,-0.0012,93.258,93.834,74.606,75.067
0.86326,319.93,100.0,0.3,77.6932,AC_DEMO_SYNTH,-0.0055,-0.0014,93.343,93.182,74.674,74.546
0.86381,319.92,100.0,0.4,77.7432,AC_DEMO_SYNTH,-0.0065,-0.0016,92.937,93.367,74.35,74.694
0.86437,319.91,100.0,0.5,77.7932,AC_DEMO_SYNTH,-0.0075,-0.0018,93.235,92.424,74.588,73.939
0.86492,319.9,100.0,0.5,77.8432,AC_DEMO_SYNTH,-0.0087,-0.0021,93.194,93.259,74.555,74.607
0.86548,319.88,100.0,0.6,77.8933,AC_DEMO_SYNTH,-0.0101,-0.0024,93.79,93.297,75.032,74.638
0.86604,319.86,100.0,0.7,77.9433,AC_DEMO_SYNTH,-0.0116,-0.0028,93.8,93.099,75.04,74.479
0.86659,319.84,100.0,0.8,77.9933,AC_DEMO_SYNTH,-0.0134,-0.0033,93.414,93.574,74.731,74.859
0.86715,319.81,100.0,0.9,78.0434,AC_DEMO_SYNTH,-0.0154,-0.0038,93.309,93.484,74.647,74.787
0.8677,319.78,100.0,1.1,78.0934,AC_DEMO_SYNTH,-0.0176,-0.0044,93.515,92.603,74.812,74.082
0.86826,319.75,100.0,1.2,78.1434,AC_DEMO_SYNTH,-0.0202,-0.0051,93.127,93.594,74.502,74.875
0.86882,319.71,100.0,1.4,78.1934,AC_DEMO_SYNTH,-0.0231,-0.0059,92.986,93.136,74.389,74.509
0.86937,319.67,100.0,1.6,78.2435,AC_DEMO_SYNTH,-0.0263,-0.0067,93.061,93.702,74.449,74.962
0.86993,319.62,100.0,1.8,78.2935,AC_DEMO_SYNTH,-0.0299,-0.0077,93.172,92.995,74.538,74.396
0.87048,319.56,100.0,2.0,78.3435,AC_DEMO_SYNTH,-0.034,-0.0089,92.946,93.518,74.357,74.814
0.87104,319.5,100.0,2.3,78.3936,AC_DEMO_SYNTH,-0.0385,-0.0102,93.463,93.393,74.77,74.714
0.8716,319.43,100.0,2.6,78.4436,AC_DEMO_SYNTH,-0.0436,-0.0117,93.674,93.628,74.939,74.902
0.87215,319.35,100.0,3.0,78.4936,AC_DEMO_SYNTH,-0.0493,-0.0133,92.729,93.555,74.183,74.844
0.87271,319.25,100.0,3.3,78.5436,AC_DEMO_SYNTH,-0.0556,-0.0152,93.35,93.399,74.68,74.719
0.87326,319.15,100.0,3.8,78.5937,AC_DEMO_SYNTH,-0.0626,-0.0173,93.228,92.886,74.582,74.309
0.87382,319.03,100.0,4.2,78.6437,AC_DEMO_SYNTH,-0.0704,-0.0197,93.424,92.906,74.739,74.325
0.87437,318.9,100.0,4.7,78.6937,AC_DEMO_SYNTH,-0.079,-0.0223,93.251,93.26,74.601,74.608
0.87493,318.75,100.0,5.3,78.7437,AC_DEMO_SYNTH,-0.0885,-0.0253,92.637,93.485,74.11,74.788
0.87549,318.59,100.0,5.9,78.7938,AC_DEMO_SYNTH,-0.099,-0.0286,92.675,93.241,74.14,74.593
0.87604,318.4,100.0,6.6,78.8438,AC_DEMO_SYNTH,-0.1106,-0.0323,93.143,93.725,74.514,74.98
0.8766,318.2,100.0,7.4,78.8938,AC_DEMO_SYNTH,-0.1232,-0.0365,93.492,93.358,74.794,74.686
0.87715,317.97,100.0,8.2,78.9439,AC_DEMO_SYNTH,-0.1372,-0.041,92.137,93.073,73.71,74.458
0.87771,317.71,100.0,9.1,78.9939,AC_DEMO_SYNTH,-0.1524,-0.0461,93.094,93.335,74.475,74.668
0.87827,317.43,100.0,10.1,79.0439,AC_DEMO_SYNTH,-0.169,-0.0517,93.359,93.523,74.687,74.818
0.87882,317.12,100.0,11.2,79.0939,AC_DEMO_SYNTH,-0.1871,-0.0579,92.741,93.548,74.193,74.838
0.87938,316.77,100.0,12.4,79.144,AC_DEMO_SYNTH,-0.2068,-0.0648,92.929,94.15,74.343,75.32
0.87993,316.39,100.0,13.7,79.194,AC_DEMO_SYNTH,-0.2281,-0.0723,92.327,93.109,73.862,74.487
0.88049,315.96,100.0,15.1,79.244,AC_DEMO_SYNTH,-0.2512,-0.0805,92.444,93.319,73.955,74.655
0.88105,315.5,100.0,16.6,79.2941,AC_DEMO_SYNTH,-0.2762,-0.0895,91.72,93.491,73.376,74.793
0.8816,314.99,100.0,18.2,79.3441,AC_DEMO_SYNTH,-0.3032,-0.0994,91.292,93.278,73.034,74.622
0.88216,314.43,100.0,19.9,79.3941,AC_DEMO_SYNTH,-0.3322,-0.1101,92.453,93.047,73.962,74.438
0.88271,313.81,100.0,21.8,79.4441,AC_DEMO_SYNTH,-0.3633,-0.1217,91.511,92.58,73.209,74.064
0.88327,313.14,100.0,23.8,79.4942,AC_DEMO_SYNTH,-0.3966,-0.1343,91.538,92.944,73.23,74.355
0.88382,312.41,100.0,25.9,79.5442,AC_DEMO_SYNTH,-0.4322,-0.148,90.962,92.662,72.77,74.13
0.88438,311.62,100.0,28.2,79.5942,AC_DEMO_SYNTH,-0.4702,-0.1627,90.732,92.336,72.586,73.869
0.88494,310.75,100.0,30.6,79.6442,AC_DEMO_SYNTH,-0.5106,-0.1785,90.982,92.633,72.786,74.106
0.88549,309.81,50.0,33.2,79.6943,AC_DEMO_SYNTH,-0.5535,-0.1954,90.496,92.448,72.397,73.958
0.88605,308.79,50.0,35.9,79.7443,AC_DEMO_SYNTH,-0.5989,-0.2135,90.651,93.005,72.521,74.404
0.8866,307.69,50.0,38.8,79.7943,AC_DEMO_SYNTH,-0.6469,-0.2328,90.37,92.906,72.296,74.325
0.88716,306.51,50.0,41.8,79.8444,AC_DEMO_SYNTH,-0.6974,-0.2532,89.983,92.188,71.986,73.75
0.88772,305.23,50.0,45.0,79.8944,AC_DEMO_SYNTH,-0.7505,-0.2749,89.588,92.313,71.67,73.85
0.88827,303.86,50.0,48.4,79.9444,AC_DEMO_SYNTH,-0.8062,-0.2978,89.735,91.529,71.788,73.223
0.88883,302.38,50.0,51.9,79.9944,AC_DEMO_SYNTH,-0.8644,-0.3218,88.258,91.911,70.606,73.529
0.88938,300.8,50.0,55.5,80.0445,AC_DEMO_SYNTH,-0.9251,-0.347,88.216,92.09,70.573,73.672
0.88994,299.11,50.0,59.3,80.0945,AC_DEMO_SYNTH,-0.9881,-0.3733,88.214,92.063,70.571,73.65
0.89049,297.31,50.0,63.2,80.1445,AC_DEMO_SYNTH,-1.0535,-0.4007,87.759,91.232,70.207,72.986
0.89105,295.39,50.0,67.3,80.1946,AC_DEMO_SYNTH,-1.1211,-0.429,86.146,91.7,68.917,73.36
0.89161,293.35,50.0,71.4,80.2446,AC_DEMO_SYNTH,-1.1907,-0.4582,86.02,90.414,68.816,72.331
0.89216,291.18,50.0,75.7,80.2946,AC_DEMO_SYNTH,-1.2622,-0.4881,86.085,90.236,68.868,72.189
0.89272,288.89,50.0,80.1,80.3446,AC_DEMO_SYNTH,-1.3355,-0.5187,85.113,90.712,68.09,72.57
0.89327,286.46,50.0,84.6,80.3947,AC_DEMO_SYNTH,-1.4102,-0.5498,84.32,90.761,67.456,72.609
0.89383,283.91,50.0,89.2,80.4447,AC_DEMO_SYNTH,-1.4861,-0.5812,83.461,89.929,66.769,71.943
0.89439,281.21,50.0,93.8,80.4947,AC_DEMO_SYNTH,-1.563,-0.6128,82.665,89.323,66.132,71.458
0.89494,278.38,50.0,98.4,80.5447,AC_DEMO_SYNTH,-1.6406,-0.6443,82.177,88.04,65.742,70.432
0.8955,275.42,50.0,100.0,80.5948,AC_DEMO_SYNTH,-1.7185,-0.6756,81.178,87.658,64.942,70.126
0.89605,272.31,50.0,100.0,80.6448,AC_DEMO_SYNTH,-1.7964,-0.7065,80.447,88.033,64.358,70.426
0.89661,269.07,50.0,100.0,80.6948,AC_DEMO_SYNTH,-1.874,-0.7367,79.658,87.322,63.726,69.858
0.89717,265.69,50.0,100.0,80.7449,AC_DEMO_SYNTH,-1.9508,-0.7659,78.492,86.471,62.794,69.177
0.89772,262.17,50.0,100.0,80.7949,AC_DEMO_SYNTH,-2.0263,-0.7941,78.089,86.352,62.471,69.082
0.89828,258.53,50.0,100.0,80.8449,AC_DEMO_SYNTH,-2.1003,-0.8208,78.139,85.753,62.511,68.602
0.89883,254.75,50.0,100.0,80.8949,AC_DEMO_SYNTH,-2.1722,-0.846,75.338,85.428,60.27,68.342
0.89939,250.85,50.0,100.0,80.945,AC_DEMO_SYNTH,-2.2415,-0.8693,75.24,84.414,60.192,67.531
0.89994,246.83,50.0,100.0,80.995,AC_DEMO_SYNTH,-2.3078,-0.8906,73.854,84.126,59.083,67.301
0.9005,242.7,50.0,100.0,81.045,AC_DEMO_SYNTH,-2.3706,-0.9097,73.428,82.879,58.742,66.303
0.90106,238.46,50.0,100.0,81.0951,AC_DEMO_SYNTH,-2.4293,-0.9263,72.246,82.037,57.797,65.63
0.90161,234.11,50.0,100.0,81.1451,AC_DEMO_SYNTH,-2.4835,-0.9404,71.554,81.681,57.243,65.345
0.90217,229.68,50.0,100.0,81.1951,AC_DEMO_SYNTH,-2.5327,-0.9519,70.741,80.008,56.593,64.006
0.90272,225.16,50.0,100.0,81.2451,AC_DEMO_SYNTH,-2.5764,-0.9606,69.367,80.637,55.494,64.51
0.90328,220.58,50.0,100.0,81.2952,AC_DEMO_SYNTH,-2.614,-0.9664,68.767,78.747,55.014,62.998
0.90384,215.93,50.0,100.0,81.3452,AC_DEMO_SYNTH,-2.6452,-0.9694,66.403,77.807,53.122,62.246
0.90439,211.23,50.0,100.0,81.3952,AC_DEMO_SYNTH,-2.6695,-0.9696,67.009,76.899,53.607,61.519
0.90495,206.49,50.0,100.0,81.4452,AC_DEMO_SYNTH,-2.6865,-0.9669,65.563,76.451,52.45,61.161
0.9055,201.74,50.0,100.0,81.4953,AC_DEMO_SYNTH,-2.6957,-0.9616,64.895,75.013,51.916,60.01
0.90606,196.97,50.0,100.0,81.5453,AC_DEMO_SYNTH,-2.6967,-0.9536,63.038,73.03,50.43,58.424
0.90661,192.21,50.0,100.0,81.5953,AC_DEMO_SYNTH,-2.6894,-0.9432,62.268,73.197,49.814,58.558
0.90717,187.47,50.0,100.0,81.6454,AC_DEMO_SYNTH,-2.6733,-0.9305,61.747,71.453,49.398,57.162
0.90773,182.76,50.0,100.0,81.6954,AC_DEMO_SYNTH,-2.6482,-0.9158,60.782,70.577,48.626,56.462
0.90828,178.11,50.0,100.0,81.7454,AC_DEMO_SYNTH,-2.6139,-0.8993,60.02,68.964,48.016,55.171
0.90884,173.52,50.0,100.0,81.7954,AC_DEMO_SYNTH,-2.5703,-0.8811,59.472,68.624,47.578,54.899
0.90939,169.03,50.0,100.0,81.8455,AC_DEMO_SYNTH,-2.5173,-0.8617,57.482,67.096,45.986,53.677
0.90995,164.63,50.0,100.0,81.8955,AC_DEMO_SYNTH,-2.4548,-0.8413,57.74,66.342,46.192,53.074
0.91051,160.35,50.0,100.0,81.9455,AC_DEMO_SYNTH,-2.3828,-0.8201,56.533,65.142,45.226,52.114
0.91106,156.21,50.0,100.0,81.9956,AC_DEMO_SYNTH,-2.3015,-0.7985,55.643,64.99,44.514,51.992
0.91162,152.22,50.0,100.0,82.0456,AC_DEMO_SYNTH,-2.2109,-0.7767,54.345,63.991,43.476,51.193
0.91217,148.4,50.0,100.0,82.0956,AC_DEMO_SYNTH,-2.1113,-0.755,54.36,62.211,43.488,49.769
0.91273,144.76,50.0,100.0,82.1456,AC_DEMO_SYNTH,-2.0029,-0.7336,52.432,61.229,41.946,48.983
0.91329,141.32,50.0,100.0,82.1957,AC_DEMO_SYNTH,-1.8861,-0.7129,52.911,60.088,42.329,48.07
0.91384,138.09,50.0,100.0,82.2457,AC_DEMO_SYNTH,-1.7611,-0.693,51.322,59.735,41.058,47.788
0.9144,135.1,50.0,97.7,82.2957,AC_DEMO_SYNTH,-1.6286,-0.6742,51.223,58.244,40.978,46.595
0.91495,132.34,50.0,89.3,82.3457,AC_DEMO_SYNTH,-1.4889,-0.6566,50.45,57.316,40.36,45.853
0.91551,129.84,50.0,80.6,82.3958,AC_DEMO_SYNTH,-1.3426,-0.6404,50.278,57.016,40.222,45.613
0.91606,127.6,50.0,71.4,82.4458,AC_DEMO_SYNTH,-1.1903,-0.6258,49.065,55.58,39.252,44.464
0.91662,125.63,50.0,62.0,82.4958,AC_DEMO_SYNTH,-1.0326,-0.6129,48.2,54.984,38.56,43.987
0.91718,123.95,50.0,52.2,82.5459,AC_DEMO_SYNTH,-0.8702,-0.6017,47.635,53.607,38.108,42.886
0.91773,122.56,50.0,42.2,82.5959,AC_DEMO_SYNTH,-0.7039,-0.5925,47.724,53.801,38.179,43.041
0.91829,121.46,50.0,32.1,82.6459,AC_DEMO_SYNTH,-0.5343,-0.5852,46.825,53.614,37.46,42.891
0.91884,120.67,50.0,21.7,82.6959,AC_DEMO_SYNTH,-0.3623,-0.5798,45.875,52.487,36.7,41.99
0.9194,120.18,50.0,11.3,82.746,AC_DEMO_SYNTH,-0.1886,-0.5766,45.374,52.188,36.299,41.75
0.91996,120.0,50.0,0.8,82.796,AC_DEMO_SYNTH,-0.014,-0.5754,44.307,50.717,35.446,40.574
0.92051,120.13,78.9,0.0,82.846,AC_DEMO_SYNTH,0.1607,-0.5763,44.581,50.652,35.665,40.522
0.92107,120.57,100.0,0.0,82.8961,AC_DEMO_SYNTH,0.3346,-0.5792,43.244,49.733,34.595,39.786
0.92162,121.31,100.0,0.0,82.9461,AC_DEMO_SYNTH,0.5069,-0.5842,43.802,49.626,35.042,39.701
0.92218,122.36,100.0,0.0,82.9961,AC_DEMO_SYNTH,0.6769,-0.5912,43.143,49.691,34.514,39.753
0.92273,123.7,100.0,0.0,83.0461,AC_DEMO_SYNTH,0.8439,-0.6001,43.673,49.144,34.938,39.315
0.92329,125.34,100.0,0.0,83.0962,AC_DEMO_SYNTH,1.0069,-0.611,41.947,48.323,33.558,38.658
0.92385,127.26,100.0,0.0,83.1462,AC_DEMO_SYNTH,1.1654,-0.6236,42.059,48.209,33.647,38.567
0.9244,129.46,100.0,0.0,83.1962,AC_DEMO_SYNTH,1.3186,-0.638,42.579,48.096,34.063,38.477
0.92496,131.92,100.0,0.0,83.2462,AC_DEMO_SYNTH,1.4659,-0.6539,42.147,48.825,33.718,39.06
0.92551,134.64,100.0,0.0,83.2963,AC_DEMO_SYNTH,1.6067,-0.6713,41.256,49.503,33.005,39.602
0.92607,137.6,100.0,0.0,83.3463,AC_DEMO_SYNTH,1.7404,-0.69,41.544,49.341,33.235,39.473
0.92663,140.79,100.0,0.0,83.3963,AC_DEMO_SYNTH,1.8666,-0.7097,41.435,48.227,33.148,38.582
0.92718,144.2,100.0,0.0,83.4464,AC_DEMO_SYNTH,1.9848,-0.7303,41.589,49.815,33.271,39.852
0.92774,147.8,100.0,0.0,83.4964,AC_DEMO_SYNTH,2.0945,-0.7515,41.302,49.952,33.042,39.962
0.92829,151.6,100.0,0.0,83.5464,AC_DEMO_SYNTH,2.1956,-0.7732,41.719,49.363,33.375,39.49
0.92885,155.56,100.0,0.0,83.5964,AC_DEMO_SYNTH,2.2876,-0.795,41.355,50.332,33.084,40.266
0.92941,159.68,100.0,0.0,83.6465,AC_DEMO_SYNTH,2.3704,-0.8167,42.359,51.433,33.887,41.146
0.92996,163.94,100.0,0.0,83.6965,AC_DEMO_SYNTH,2.4439,-0.8379,42.868,51.823,34.294,41.458
0.93052,168.32,100.0,0.0,83.7465,AC_DEMO_SYNTH,2.5079,-0.8585,43.05,51.752,34.44,41.402
0.93107,172.8,100.0,0.0,83.7966,AC_DEMO_SYNTH,2.5625,-0.8781,43.019,53.253,34.415,42.602
0.93163,177.37,100.0,0.0,83.8466,AC_DEMO_SYNTH,2.6076,-0.8965,44.657,52.946,35.726,42.357
0.93218,182.01,100.0,0.0,83.8966,AC_DEMO_SYNTH,2.6433,-0.9133,45.075,54.558,36.06,43.646
0.93274,186.71,100.0,0.0,83.9466,AC_DEMO_SYNTH,2.6699,-0.9283,45.377,56.0,36.302,44.8
0.9333,191.45,100.0,0.0,83.9967,AC_DEMO_SYNTH,2.6874,-0.9413,46.362,56.497,37.09,45.198
0.93385,196.21,100.0,0.0,84.0467,AC_DEMO_SYNTH,2.6961,-0.9521,46.746,57.277,37.397,45.822
0.93441,200.97,100.0,0.0,84.0967,AC_DEMO_SYNTH,2.6964,-0.9605,47.869,58.855,38.295,47.084
0.93496,205.73,100.0,0.0,84.1467,AC_DEMO_SYNTH,2.6885,-0.9662,49.059,59.945,39.247,47.956
0.93552,210.47,100.0,0.0,84.1968,AC_DEMO_SYNTH,2.6727,-0.9693,50.817,61.163,40.654,48.93
0.93608,215.18,100.0,0.0,84.2468,AC_DEMO_SYNTH,2.6496,-0.9696,51.175,62.097,40.94,49.678
0.93663,219.84,100.0,0.0,84.2968,AC_DEMO_SYNTH,2.6195,-0.9671,52.839,63.305,42.271,50.644
0.93719,224.43,100.0,0.0,84.3469,AC_DEMO_SYNTH,2.5828,-0.9617,53.561,64.302,42.849,51.442
0.93774,228.96,100.0,0.0,84.3969,AC_DEMO_SYNTH,2.5401,-0.9535,55.109,65.261,44.087,52.209
0.9383,233.41,100.0,0.0,84.4469,AC_DEMO_SYNTH,2.4917,-0.9425,56.221,66.341,44.977,53.073
0.93885,237.77,100.0,0.0,84.4969,AC_DEMO_SYNTH,2.4383,-0.9288,57.921,67.36,46.337,53.888
0.93941,242.03,100.0,0.0,84.547,AC_DEMO_SYNTH,2.3802,-0.9125,58.676,68.114,46.941,54.491
0.93997,246.18,100.0,0.0,84.597,AC_DEMO_SYNTH,2.3181,-0.8938,59.593,69.351,47.674,55.481
0.94052,250.22,100.0,0.0,84.647,AC_DEMO_SYNTH,2.2523,-0.8729,61.015,70.742,48.812,56.594
0.94108,254.14,100.0,0.0,84.6971,AC_DEMO_SYNTH,2.1835,-0.8498,62.705,72.057,50.164,57.646
0.94163,257.93,100.0,0.0,84.7471,AC_DEMO_SYNTH,2.112,-0.825,63.768,73.622,51.014,58.898
0.94219,261.6,100.0,0.0,84.7971,AC_DEMO_SYNTH,2.0383,-0.7984,65.779,74.093,52.623,59.274
0.94275,265.14,100.0,0.0,84.8471,AC_DEMO_SYNTH,1.9629,-0.7705,66.766,75.552,53.413,60.442
0.9433,268.54,100.0,0.0,84.8972,AC_DEMO_SYNTH,1.8863,-0.7414,69.224,76.595,55.379,61.276
0.94386,271.8,100.0,0.0,84.9472,AC_DEMO_SYNTH,1.8089,-0.7114,68.881,77.053,55.105,61.642
0.94441,274.93,100.0,0.0,84.9972,AC_DEMO_SYNTH,1.731,-0.6806,70.939,78.337,56.751,62.67
0.94497,277.92,100.0,0.0,85.0472,AC_DEMO_SYNTH,1.653,-0.6494,71.659,78.923,57.327,63.138
0.94553,280.77,100.0,0.0,85.0973,AC_DEMO_SYNTH,1.5754,-0.6179,73.136,80.437,58.509,64.35
0.94608,283.48,100.0,0.0,85.1473,AC_DEMO_SYNTH,1.4983,-0.5863,74.578,81.015,59.662,64.812
0.94664,286.06,100.0,0.0,85.1973,AC_DEMO_SYNTH,1.4222,-0.5548,74.746,81.103,59.797,64.882
0.94719,288.51,100.0,0.0,85.2474,AC_DEMO_SYNTH,1.3473,-0.5237,76.888,82.43,61.51,65.944
0.94775,290.82,100.0,0.0,85.2974,AC_DEMO_SYNTH,1.2738,-0.493,78.629,83.773,62.903,67.018
0.9483,293.01,100.0,0.0,85.3474,AC_DEMO_SYNTH,1.202,-0.4629,78.722,83.756,62.978,67.005
0.94886,295.07,100.0,0.0,85.3974,AC_DEMO_SYNTH,1.1321,-0.4336,79.998,84.687,63.998,67.75
0.94942,297.01,100.0,0.0,85.4475,AC_DEMO_SYNTH,1.0642,-0.4052,81.251,85.371,65.001,68.297
0.94997,298.83,100.0,0.0,85.4975,AC_DEMO_SYNTH,0.9984,-0.3777,81.679,85.349,65.343,68.279
0.95053,300.54,100.0,0.0,85.5475,AC_DEMO_SYNTH,0.935,-0.3512,82.372,86.546,65.898,69.237
0.95108,302.14,100.0,0.0,85.5976,AC_DEMO_SYNTH,0.8739,-0.3258,82.51,86.33,66.008,69.064
0.95164,303.63,100.0,0.0,85.6476,AC_DEMO_SYNTH,0.8153,-0.3016,84.447,87.15,67.558,69.72
0.9522,305.02,100.0,0.0,85.6976,AC_DEMO_SYNTH,0.7593,-0.2785,84.873,88.312,67.898,70.65
0.95275,306.31,100.0,0.0,85.7476,AC_DEMO_SYNTH,0.7058,-0.2566,85.197,88.475,68.158,70.78
0.95331,307.51,100.0,0.0,85.7977,AC_DEMO_SYNTH,0.6548,-0.2359,86.295,88.633,69.036,70.906
0.95386,308.62,100.0,0.0,85.8477,AC_DEMO_SYNTH,0.6064,-0.2165,86.612,89.328,69.29,71.462
0.95442,309.65,100.0,0.0,85.8977,AC_DEMO_SYNTH,0.5606,-0.1982,87.198,89.494,69.758,71.595
0.95497,310.6,100.0,0.0,85.9477,AC_DEMO_SYNTH,0.5173,-0.1811,88.176,89.866,70.541,71.893
0.95553,311.48,100.0,0.0,85.9978,AC_DEMO_SYNTH,0.4765,-0.1651,87.888,90.443,70.31,72.354
0.95609,312.29,100.0,0.0,86.0478,AC_DEMO_SYNTH,0.4382,-0.1502,89.297,90.185,71.438,72.148
0.95664,313.03,100.0,0.0,86.0978,AC_DEMO_SYNTH,0.4022,-0.1364,88.739,90.766,70.991,72.613
0.9572,313.71,100.0,0.0,86.1479,AC_DEMO_SYNTH,0.3685,-0.1237,89.421,90.878,71.537,72.702
0.95775,314.33,100.0,0.0,86.1979,AC_DEMO_SYNTH,0.337,-0.1119,90.814,90.601,72.651,72.481
0.95831,314.9,100.0,0.0,86.2479,AC_DEMO_SYNTH,0.3077,-0.101,90.826,91.082,72.661,72.866
0.95887,315.42,100.0,0.0,86.2979,AC_DEMO_SYNTH,0.2804,-0.0911,90.718,92.275,72.574,73.82
0.95942,315.89,100.0,0.0,86.348,AC_DEMO_SYNTH,0.2551,-0.0819,90.58,91.982,72.464,73.586
0.95998,316.32,100.0,0.0,86.398,AC_DEMO_SYNTH,0.2317,-0.0736,90.999,91.465,72.799,73.172
0.96053,316.71,100.0,0.0,86.448,AC_DEMO_SYNTH,0.2101,-0.0659,91.473,91.529,73.178,73.223
0.96109,317.06,100.0,0.0,86.4981,AC_DEMO_SYNTH,0.1901,-0.059,91.67,92.238,73.336,73.79
0.96165,317.38,100.0,0.0,86.5481,AC_DEMO_SYNTH,0.1718,-0.0527,91.812,93.033,73.45,74.426
0.9622,317.67,100.0,0.0,86.5981,AC_DEMO_SYNTH,0.1549,-0.047,92.011,92.449,73.609,73.959
0.96276,317.93,100.0,0.0,86.6481,AC_DEMO_SYNTH,0.1395,-0.0418,92.097,93.15,73.678,74.52
0.96331,318.16,100.0,0.0,86.6982,AC_DEMO_SYNTH,0.1254,-0.0372,91.748,92.861,73.398,74.289
0.96387,318.37,100.0,0.0,86.7482,AC_DEMO_SYNTH,0.1125,-0.033,92.248,92.994,73.798,74.395
0.96442,318.56,100.0,0.0,86.7982,AC_DEMO_SYNTH,0.1008,-0.0292,92.938,92.349,74.35,73.879
0.96498,318.73,100.0,0.0,86.8482,AC_DEMO_SYNTH,0.0901,-0.0258,92.131,93.328,73.705,74.662
0.96554,318.88,100.0,0.0,86.8983,AC_DEMO_SYNTH,0.0805,-0.0228,92.697,92.881,74.158,74.305
0.96609,319.01,100.0,0.0,86.9483,AC_DEMO_SYNTH,0.0717,-0.0201,92.528,93.415,74.022,74.732
0.96665,319.13,100.0,0.0,86.9983,AC_DEMO_SYNTH,0.0638,-0.0177,92.976,92.794,74.381,74.235
0.9672,319.24,100.0,0.0,87.0484,AC_DEMO_SYNTH,0.0567,-0.0155,92.845,93.237,74.276,74.59
0.96776,319.33,100.0,0.0,87.0984,AC_DEMO_SYNTH,0.0503,-0.0136,93.651,93.345,74.921,74.676
0.96832,319.42,100.0,0.0,87.1484,AC_DEMO_SYNTH,0.0445,-0.0119,93.318,93.181,74.654,74.545
0.96887,319.49,100.0,0.0,87.1984,AC_DEMO_SYNTH,0.0393,-0.0104,92.638,93.435,74.11,74.748
0.96943,319.55,100.0,0.0,87.2485,AC_DEMO_SYNTH,0.0347,-0.0091,93.471,93.193,74.777,74.554
0.96998,319.61,100.0,0.0,87.2985,AC_DEMO_SYNTH,0.0306,-0.0079,92.931,93.066,74.345,74.453
0.97054,319.66,100.0,0.0,87.3485,AC_DEMO_SYNTH,0.0269,-0.0069,93.043,93.99,74.434,75.192
0.9711,319.71,100.0,0.0,87.3986,AC_DEMO_SYNTH,0.0236,-0.006,93.431,93.789,74.745,75.031
0.97165,319.75,100.0,0.0,87.4486,AC_DEMO_SYNTH,0.0207,-0.0052,93.135,93.082,74.508,74.466
0.97221,319.78,100.0,0.0,87.4986,AC_DEMO_SYNTH,0.0181,-0.0045,93.71,93.628,74.968,74.902
0.97276,319.81,100.0,0.0,87.5486,AC_DEMO_SYNTH,0.0158,-0.0039,93.063,93.117,74.45,74.494
0.97332,319.84,100.0,0.0,87.5987,AC_DEMO_SYNTH,0.0138,-0.0033,93.144,92.953,74.515,74.362
0.97387,319.86,100.0,0.0,87.6487,AC_DEMO_SYNTH,0.012,-0.0029,93.143,93.85,74.514,75.08
0.97443,319.88,100.0,0.0,87.6987,AC_DEMO_SYNTH,0.0104,-0.0025,93.193,92.764,74.554,74.211
0.97499,319.9,100.0,0.0,87.7487,AC_DEMO_SYNTH,0.0091,-0.0021,93.872,93.825,75.098,75.06
0.97554,319.91,100.0,0.0,87.7988,AC_DEMO_SYNTH,0.0078,-0.0018,93.692,93.359,74.954,74.687
0.9761,319.92,100.0,0.0,87.8488,AC_DEMO_SYNTH,0.0068,-0.0016,94.132,93.381,75.306,74.705
0.97665,319.93,100.0,0.0,87.8988,AC_DEMO_SYNTH,0.0059,-0.0013,94.363,93.633,75.49,74.906
0.97721,319.94,100.0,0.0,87.9489,AC_DEMO_SYNTH,0.005,-0.0011,93.051,93.707,74.441,74.966
0.97777,319.95,100.0,0.0,87.9989,AC_DEMO_SYNTH,0.0043,-0.001,93.497,93.149,74.798,74.519
0.97832,319.96,100.0,0.0,88.0489,AC_DEMO_SYNTH,0.0037,-0.0008,93.004,93.77,74.403,75.016
0.97888,319.97,100.0,0.0,88.0989,AC_DEMO_SYNTH,0.0032,-0.0007,93.169,93.533,74.535,74.826
0.97943,319.97,100.0,0.0,88.149,AC_DEMO_SYNTH,0.0027,-0.0006,93.23,92.986,74.584,74.389
0.97999,319.98,100.0,0.0,88.199,AC_DEMO_SYNTH,0.0023,-0.0005,93.064,93.425,74.451,74.74
0.98054,319.98,100.0,0.0,88.249,AC_DEMO_SYNTH,0.002,-0.0004,93.068,94.045,74.454,75.236
0.9811,319.98,100.0,0.0,88.2991,AC_DEMO_SYNTH,0.0017,-0.0004,93.432,94.164,74.746,75.331
0.98166,319.99,100.0,0.0,88.3491,AC_DEMO_SYNTH,0.0015,-0.0003,93.007,93.784,74.406,75.027
0.98221,319.99,100.0,0.0,88.3991,AC_DEMO_SYNTH,0.0012,-0.0003,93.832,93.022,75.066,74.418
0.98277,319.99,100.0,0.0,88.4491,AC_DEMO_SYNTH,0.001,-0.0002,93.129,93.694,74.503,74.955
0.98332,319.99,100.0,0.0,88.4992,AC_DEMO_SYNTH,0.0009,-0.0002,94.62,93.839,75.696,75.071
0.98388,319.99,100.0,0.0,88.5492,AC_DEMO_SYNTH,0.0007,-0.0002,93.316,93.789,74.653,75.031
0.98444,319.99,100.0,0.0,88.5992,AC_DEMO_SYNTH,0.0006,-0.0001,93.527,93.813,74.822,75.05
0.98499,319.99,100.0,0.0,88.6492,AC_DEMO_SYNTH,0.0005,-0.0001,92.98,93.644,74.384,74.915
0.98555,320.0,100.0,0.0,88.6993,AC_DEMO_SYNTH,0.0004,-0.0001,94.184,93.474,75.347,74.779
0.9861,320.0,100.0,0.0,88.7493,AC_DEMO_SYNTH,0.0004,-0.0001,93.949,93.259,75.159,74.607
0.98666,320.0,100.0,0.0,88.7993,AC_DEMO_SYNTH,0.0003,-0.0001,93.621,92.744,74.897,74.195
0.98722,320.0,100.0,0.0,88.8494,AC_DEMO_SYNTH,0.0003,-0.0001,92.963,93.639,74.37,74.911
0.98777,320.0,100.0,0.0,88.8994,AC_DEMO_SYNTH,0.0002,-0.0,93.587,93.577,74.87,74.862
0.98833,320.0,100.0,0.0,88.9494,AC_DEMO_SYNTH,0.0002,-0.0,93.054,93.726,74.443,74.981
0.98888,320.0,100.0,0.0,88.9994,AC_DEMO_SYNTH,0.0002,-0.0,94.088,92.968,75.27,74.374
0.98944,320.0,100.0,0.0,89.0495,AC_DEMO_SYNTH,0.0001,-0.0,93.827,93.761,75.062,75.009
0.98999,320.0,100.0,0.0,89.0995,AC_DEMO_SYNTH,0.0001,-0.0,93.541,94.325,74.833,75.46
0.99055,320.0,100.0,0.0,89.1495,AC_DEMO_SYNTH,0.0001,-0.0,92.529,93.534,74.023,74.827
0.99111,320.0,100.0,0.0,89.1996,AC_DEMO_SYNTH,0.0001,-0.0,93.11,93.478,74.488,74.782
0.99166,320.0,100.0,0.0,89.2496,AC_DEMO_SYNTH,0.0001,-0.0,93.778,93.627,75.022,74.902
0.99222,320.0,100.0,0.0,89.2996,AC_DEMO_SYNTH,0.0,-0.0,93.989,94.316,75.191,75.453
0.99277,320.0,100.0,0.0,89.3496,AC_DEMO_SYNTH,0.0,-0.0,93.947,93.094,75.158,74.475
0.99333,320.0,100.0,0.0,89.3997,AC_DEMO_SYNTH,0.0,-0.0,92.867,93.585,74.294,74.868
0.99389,320.0,100.0,0.0,89.4497,AC_DEMO_SYNTH,0.0,-0.0,93.624,93.184,74.899,74.547
0.99444,320.0,100.0,0.0,89.4997,AC_DEMO_SYNTH,0.0,-0.0,93.91,93.285,75.128,74.628
0.995,320.0,100.0,0.0,89.5497,AC_DEMO_SYNTH,0.0,-0.0,92.84,93.484,74.272,74.787
0.99555,320.0,100.0,0.0,89.5998,AC_DEMO_SYNTH,0.0,-0.0,93.5,94.042,74.8,75.234
0.99611,320.0,100.0,0.0,89.6498,AC_DEMO_SYNTH,0.0,-0.0,93.613,94.224,74.89,75.379
0.99666,320.0,100.0,0.0,89.6998,AC_DEMO_SYNTH,0.0,-0.0,93.383,93.683,74.706,74.946
0.99722,320.0,100.0,0.0,89.7499,AC_DEMO_SYNTH,0.0,-0.0,92.763,93.353,74.21,74.682
0.99778,320.0,100.0,0.0,89.7999,AC_DEMO_SYNTH,0.0,-0.0,93.373,94.5,74.698,75.6
0.99833,320.0,100.0,0.0,89.8499,AC_DEMO_SYNTH,0.0,-0.0,93.372,93.332,74.698,74.666
0.99889,320.0,100.0,0.0,89.8999,AC_DEMO_SYNTH,0.0,-0.0,93.444,93.275,74.755,74.62
0.99944,320.0,100.0,0.0,89.95,AC_DEMO_SYNTH,0.0,-0.0,93.278,92.793,74.622,74.234
1.0,320.0,100.0,0.0,90.0,AC_DEMO_SYNTH,0.0,-0.0,93.326,94.062,74.661,75.25
